{"type":"FeatureCollection","features":[{"type":"Feature","geometry":{"type":"LineString","coordinates":[[144.70284155639004,-37.72545295632474],[144.70293240253844,-37.72510053646965],[144.70304394540847,-37.724566432146645]]},"properties":{"LAYER":"LINE_LINEMARKING_D4","LAYER_TYPE":"dashed-line"}},{"type":"Feature","geometry":{"type":"LineString","coordinates":[[144.7027372127753,-37.72835509632219],[144.70278485881124,-37.72836012508804],[144.70283268584265,-37.728363918194695],[144.70288064308392,-37.72836647161431],[144.70292867961135,-37.72836778263544],[144.70311150016477,-37.72837068339764]]},"properties":{"LAYER":"LINE_LINEMARKING_D4","LAYER_TYPE":"dashed-line"}},{"type":"Feature","geometry":{"type":"LineString","coordinates":[[144.7036194650235,-37.721554849488435],[144.70333979459278,-37.72242790781907]]},"properties":{"LAYER":"LINE_LINEMARKING_D4","LAYER_TYPE":"dashed-line"}},{"type":"Feature","geometry":{"type":"LineString","coordinates":[[144.70438409994415,-37.7186566670254],[144.70434779870476,-37.718775594133994],[144.70431557773884,-37.71889526067531],[144.70428746084644,-37.71901557833061],[144.70426346879887,-37.71913645830014]]},"properties":{"LAYER":"LINE_LINEMARKING_D4","LAYER_TYPE":"dashed-line"}},{"type":"Feature","geometry":{"type":"LineString","coordinates":[[144.70451562286868,-37.718974111785606],[144.70425560724578,-37.71984142893239]]},"properties":{"LAYER":"LINE_LINEMARKING_D4","LAYER_TYPE":"dashed-line"}},{"type":"Feature","geometry":{"type":"LineString","coordinates":[[144.7070964663105,-37.71809033196655],[144.7060747310218,-37.71799311032978]]},"properties":{"LAYER":"LINE_LINEMARKING_D4","LAYER_TYPE":"dashed-line"}},{"type":"Feature","geometry":{"type":"LineString","coordinates":[[144.70487378041463,-37.71682637016004],[144.7048903716658,-37.716679833454776],[144.70490088694663,-37.716532942548284],[144.70490531491546,-37.71638585637674],[144.70490365081744,-37.716238734086694],[144.70489589648923,-37.716091734862864]]},"properties":{"LAYER":"LINE_LINEMARKING_D4","LAYER_TYPE":"dashed-line"}},{"type":"Feature","geometry":{"type":"LineString","coordinates":[[144.7033156254273,-37.71787933297231],[144.70324062454858,-37.71787082975905],[144.70214170083108,-37.71775222056363]]},"properties":{"LAYER":"LINE_LINEMARKING_D4","LAYER_TYPE":"dashed-line"}},{"type":"Feature","geometry":{"type":"LineString","coordinates":[[144.70183294725345,-37.72936820481634],[144.70172272044948,-37.72965586812494],[144.70162143493445,-37.72994559768595],[144.70152915209258,-37.73023721820436]]},"properties":{"LAYER":"LINE_LINEMARKING_D4","LAYER_TYPE":"dashed-line"}},{"type":"Feature","geometry":{"type":"LineString","coordinates":[[144.70614550623304,-37.71818369907079],[144.7056422235038,-37.718123903864495]]},"properties":{"LAYER":"LINE_LINEMARKING_D4","LAYER_TYPE":"dashed-line"}},{"type":"Feature","geometry":{"type":"LineString","coordinates":[[144.70547494228393,-37.71816779738211],[144.7061214340209,-37.718244601963875]]},"properties":{"LAYER":"LINE_LINEMARKING_D4","LAYER_TYPE":"dashed-line"}},{"type":"Feature","geometry":{"type":"LineString","coordinates":[[144.7032666955079,-37.71769133777427],[144.70397319643672,-37.717775291668595]]},"properties":{"LAYER":"LINE_LINEMARKING_D4","LAYER_TYPE":"dashed-line"}},{"type":"Feature","geometry":{"type":"LineString","coordinates":[[144.70399607119887,-37.717714242804526],[144.70319745608955,-37.71761934675415]]},"properties":{"LAYER":"LINE_LINEMARKING_D4","LAYER_TYPE":"dashed-line"}},{"type":"Feature","geometry":{"type":"LineString","coordinates":[[144.70242649810538,-37.727689231933034],[144.702487456126,-37.72742850750217],[144.70254204575573,-37.727166894350404]]},"properties":{"LAYER":"LINE_LINEMARKING_D4","LAYER_TYPE":"dashed-line"}},{"type":"Feature","geometry":{"type":"LineString","coordinates":[[144.70166308361303,-37.72929509214273],[144.70185123106245,-37.728812296534805]]},"properties":{"LAYER":"LINE_LINEMARKING_D4","LAYER_TYPE":"dashed-line"}},{"type":"Feature","geometry":{"type":"LineString","coordinates":[[144.70157756977594,-37.72929958828682],[144.70167938683798,-37.729047954537144],[144.70177495814178,-37.728794780239205]]},"properties":{"LAYER":"LINE_LINEMARKING_D4","LAYER_TYPE":"dashed-line"}},{"type":"Feature","geometry":{"type":"LineString","coordinates":[[144.70236448564557,-37.7276117317781],[144.7024636883,-37.727156718964686]]},"properties":{"LAYER":"LINE_LINEMARKING_D4","LAYER_TYPE":"dashed-line"}},{"type":"Feature","geometry":{"type":"LineString","coordinates":[[144.70145353196324,-37.72812867250965],[144.70140589329733,-37.728123600934914],[144.7013580718893,-37.72811976481687],[144.70131011851387,-37.72811716822844],[144.70126208408618,-37.728115813926514],[144.7010792685791,-37.72811274808299]]},"properties":{"LAYER":"LINE_LINEMARKING_D4","LAYER_TYPE":"dashed-line"}},{"type":"Feature","geometry":{"type":"LineString","coordinates":[[144.70492923790053,-37.71739872881578],[144.70495433654543,-37.71721946706242],[144.70497199450014,-37.71703964622638],[144.70498219268612,-37.71685946114337]]},"properties":{"LAYER":"LINE_LINEMARKING_D4","LAYER_TYPE":"dashed-line"}},{"type":"Feature","geometry":{"type":"LineString","coordinates":[[144.70501367533203,-37.71737041873349],[144.70503614269265,-37.71720156008673],[144.7050520881613,-37.71703223397354],[144.7050614968172,-37.71686259931075]]},"properties":{"LAYER":"LINE_LINEMARKING_D4","LAYER_TYPE":"dashed-line"}},{"type":"Feature","geometry":{"type":"LineString","coordinates":[[144.70438409827884,-37.71865667217474],[144.70443502052225,-37.718499215691935]]},"properties":{"LAYER":"LINE_LINEMARKING_D4","LAYER_TYPE":"dashed-line"}},{"type":"Feature","geometry":{"type":"LineString","coordinates":[[144.70435813079413,-37.7184835249594],[144.70430721016146,-37.71864097596408],[144.7042655185128,-37.7187787194879],[144.70422922453596,-37.71891742383743],[144.7041983631763,-37.71905695557709]]},"properties":{"LAYER":"LINE_LINEMARKING_D4","LAYER_TYPE":"dashed-line"}},{"type":"Feature","geometry":{"type":"LineString","coordinates":[[144.70353562440985,-37.72240000766555],[144.70342654701687,-37.72292367968683]]},"properties":{"LAYER":"LINE_LINEMARKING_D4","LAYER_TYPE":"dashed-line"}},{"type":"Feature","geometry":{"type":"LineString","coordinates":[[144.70277449217656,-37.72456297565979],[144.7028979017808,-37.72397204982442]]},"properties":{"LAYER":"LINE_LINEMARKING_D4","LAYER_TYPE":"dashed-line"}},{"type":"Feature","geometry":{"type":"LineString","coordinates":[[144.7028482073025,-37.724595356860945],[144.70297730896996,-37.72397717256595]]},"properties":{"LAYER":"LINE_LINEMARKING_D4","LAYER_TYPE":"dashed-line"}},{"type":"Feature","geometry":{"type":"LineString","coordinates":[[144.70256839785097,-37.723254491611044],[144.70252359473167,-37.72324067439858],[144.70247824865947,-37.72322802398756],[144.70243240778143,-37.7232165538097],[144.70238612076997,-37.723206276043484],[144.70220933824558,-37.723169189727116]]},"properties":{"LAYER":"LINE_LINEMARKING_D4","LAYER_TYPE":"dashed-line"}},{"type":"Feature","geometry":{"type":"LineString","coordinates":[[144.7040101906115,-37.72387345628024],[144.70394795006555,-37.723844923516346],[144.70388662679122,-37.723815164048794],[144.70382625910094,-37.72378419647072],[144.70376046967152,-37.723750558175894],[144.70369352096003,-37.723718395378185],[144.70362546540247,-37.7236877332674]]},"properties":{"LAYER":"LINE_LINEMARKING_D4","LAYER_TYPE":"dashed-line"}},{"type":"Feature","geometry":{"type":"LineString","coordinates":[[144.70346190600202,-37.72236761723515],[144.70335315409466,-37.72288967962602]]},"properties":{"LAYER":"LINE_LINEMARKING_D4","LAYER_TYPE":"dashed-line"}},{"type":"Feature","geometry":{"type":"LineString","coordinates":[[144.70226479306805,-37.72720390440571],[144.70229066082553,-37.727072283064295],[144.70236673154017,-37.72670805993714],[144.70246559901653,-37.72631725375769]]},"properties":{"LAYER":"LINE_LINEMARKING_D4","LAYER_TYPE":"dashed-line"}},{"type":"Feature","geometry":{"type":"LineString","coordinates":[[144.705055616592,-37.71784015026908],[144.70519398656094,-37.71785658523409]]},"properties":{"LAYER":"LINE_LINEMARKING_D5","LAYER_TYPE":"dashed-line"}},{"type":"Feature","geometry":{"type":"LineString","coordinates":[[144.7043539835486,-37.71803460083077],[144.7041765007226,-37.71801351151859]]},"properties":{"LAYER":"LINE_LINEMARKING_D5","LAYER_TYPE":"dashed-line"}},{"type":"Feature","geometry":{"type":"LineString","coordinates":[[144.70479494325602,-37.71823711828156],[144.7047547862162,-37.71836132914855]]},"properties":{"LAYER":"LINE_LINEMARKING_D5","LAYER_TYPE":"dashed-line"}},{"type":"Feature","geometry":{"type":"LineString","coordinates":[[144.70461876077744,-37.71767764818092],[144.70468905162804,-37.717460319077574]]},"properties":{"LAYER":"LINE_LINEMARKING_D5","LAYER_TYPE":"dashed-line"}},{"type":"Feature","geometry":{"type":"LineString","coordinates":[[144.70237525754612,-37.728343133656885],[144.7023946648541,-37.72827979118097]]},"properties":{"LAYER":"LINE_LINEMARKING_S2","LAYER_TYPE":"line"}},{"type":"Feature","geometry":{"type":"LineString","coordinates":[[144.7044618084817,-37.7181629359186],[144.70459478865206,-37.71817869738268]]},"properties":{"LAYER":"LINE_LINEMARKING_S2","LAYER_TYPE":"line"}},{"type":"Feature","geometry":{"type":"LineString","coordinates":[[144.7048116473322,-37.717721175836104],[144.70494103436013,-37.717736511099005]]},"properties":{"LAYER":"LINE_LINEMARKING_S2","LAYER_TYPE":"line"}},{"type":"Feature","geometry":{"type":"LineString","coordinates":[[144.70496255481146,-37.718106928878846],[144.7049931305817,-37.718002070705865]]},"properties":{"LAYER":"LINE_LINEMARKING_S2","LAYER_TYPE":"line"}},{"type":"Feature","geometry":{"type":"LineString","coordinates":[[144.7044560233889,-37.717768892286934],[144.70442404688052,-37.71787630579447]]},"properties":{"LAYER":"LINE_LINEMARKING_S2","LAYER_TYPE":"line"}},{"type":"Feature","geometry":{"type":"LineString","coordinates":[[144.70180158617086,-37.728205001257166],[144.70182041888762,-37.728143535665396]]},"properties":{"LAYER":"LINE_LINEMARKING_S2","LAYER_TYPE":"line"}},{"type":"Feature","geometry":{"type":"LineString","coordinates":[[144.70185973078415,-37.72843012954819],[144.70202587211446,-37.7284513717967]]},"properties":{"LAYER":"LINE_LINEMARKING_S2","LAYER_TYPE":"line"}},{"type":"Feature","geometry":{"type":"LineString","coordinates":[[144.70219985371216,-37.72803526342794],[144.70236993108134,-37.728057008504294]]},"properties":{"LAYER":"LINE_LINEMARKING_S2","LAYER_TYPE":"line"}},{"type":"Feature","geometry":{"type":"LineString","coordinates":[[144.7032191343372,-37.723284103901285],[144.7033806657441,-37.72333782699826]]},"properties":{"LAYER":"LINE_LINEMARKING_S2","LAYER_TYPE":"line"}},{"type":"Feature","geometry":{"type":"LineString","coordinates":[[144.70340711450558,-37.72365539488826],[144.7034241145793,-37.723573639947226]]},"properties":{"LAYER":"LINE_LINEMARKING_S2","LAYER_TYPE":"line"}},{"type":"Feature","geometry":{"type":"LineString","coordinates":[[144.70288694591738,-37.72331590434445],[144.7028716482176,-37.72338947011563]]},"properties":{"LAYER":"LINE_LINEMARKING_S2","LAYER_TYPE":"line"}},{"type":"Feature","geometry":{"type":"LineString","coordinates":[[144.70308683976702,-37.72369019619764],[144.70292758646417,-37.72363723052651]]},"properties":{"LAYER":"LINE_LINEMARKING_S2","LAYER_TYPE":"line"}},{"type":"Feature","geometry":{"type":"LineString","coordinates":[[144.70431737407546,-37.72852357343306],[144.7029913335589,-37.72835544691704]]},"properties":{"LAYER":"LINE_LINEMARKING_D1","LAYER_TYPE":"dashed-line"}},{"type":"Feature","geometry":{"type":"LineString","coordinates":[[144.7045012882023,-37.71816761526562],[144.70434565504843,-37.71864882150089],[144.70430260223768,-37.71879147796602],[144.70426537912516,-37.71893516571825],[144.70423402467716,-37.719079734470725]]},"properties":{"LAYER":"LINE_LINEMARKING_D1","LAYER_TYPE":"dashed-line"}},{"type":"Feature","geometry":{"type":"LineString","coordinates":[[144.70472838297593,-37.71746542171802],[144.70476679292375,-37.71733906254727],[144.70480056416915,-37.71721187007678],[144.70482966821118,-37.717083951738715],[144.7048540804914,-37.716955415577814],[144.70487378041463,-37.71682637016004]]},"properties":{"LAYER":"LINE_LINEMARKING_D1","LAYER_TYPE":"dashed-line"}},{"type":"Feature","geometry":{"type":"LineString","coordinates":[[144.70611746087062,-37.71821224842949],[144.70497154470587,-37.718076098491295]]},"properties":{"LAYER":"LINE_LINEMARKING_D1","LAYER_TYPE":"dashed-line"}},{"type":"Feature","geometry":{"type":"LineString","coordinates":[[144.70501837149635,-37.71786760065518],[144.7060747310218,-37.71799311032978]]},"properties":{"LAYER":"LINE_LINEMARKING_D1","LAYER_TYPE":"dashed-line"}},{"type":"Feature","geometry":{"type":"LineString","coordinates":[[144.70309974463834,-37.71763961685868],[144.70444685428382,-37.71779969261279]]},"properties":{"LAYER":"LINE_LINEMARKING_D1","LAYER_TYPE":"dashed-line"}},{"type":"Feature","geometry":{"type":"LineString","coordinates":[[144.7043988126397,-37.71800804600291],[144.70331562542648,-37.717879332972224]]},"properties":{"LAYER":"LINE_LINEMARKING_D1","LAYER_TYPE":"dashed-line"}},{"type":"Feature","geometry":{"type":"LineString","coordinates":[[144.70160103659586,-37.72934334301922],[144.70171062964764,-37.729074323900676],[144.70181309459736,-37.728803538393024]]},"properties":{"LAYER":"LINE_LINEMARKING_D1","LAYER_TYPE":"dashed-line"}},{"type":"Feature","geometry":{"type":"LineString","coordinates":[[144.70333724422608,-37.72242739485174],[144.70318183473165,-37.72290786638181],[144.703146900762,-37.7230220258806],[144.70311572677915,-37.723136870211405],[144.7030883340063,-37.72325232125242]]},"properties":{"LAYER":"LINE_LINEMARKING_D1","LAYER_TYPE":"dashed-line"}},{"type":"Feature","geometry":{"type":"LineString","coordinates":[[144.7049684543577,-37.71740369359964],[144.7049955218912,-37.71720822130564],[144.70501379301896,-37.717012106324354],[144.70502324454597,-37.71681559836487]]},"properties":{"LAYER":"LINE_LINEMARKING_D1","LAYER_TYPE":"dashed-line"}},{"type":"Feature","geometry":{"type":"LineString","coordinates":[[144.70350106773395,-37.72237276937119],[144.7033054013675,-37.72331279515124]]},"properties":{"LAYER":"LINE_LINEMARKING_D1","LAYER_TYPE":"dashed-line"}},{"type":"Feature","geometry":{"type":"LineString","coordinates":[[144.70404789642234,-37.72035693393973],[144.70376514990727,-37.721231137919794]]},"properties":{"LAYER":"LINE_LINEMARKING_D1","LAYER_TYPE":"dashed-line"}},{"type":"Feature","geometry":{"type":"LineString","coordinates":[[144.70476969910692,-37.71818849817588],[144.704507608562,-37.71899889202984]]},"properties":{"LAYER":"LINE_LINEMARKING_D1","LAYER_TYPE":"dashed-line"}},{"type":"Feature","geometry":{"type":"LineString","coordinates":[[144.70108304204877,-37.72279457933652],[144.70232157574577,-37.723206519688695]]},"properties":{"LAYER":"LINE_LINEMARKING_D1","LAYER_TYPE":"dashed-line"}},{"type":"Feature","geometry":{"type":"LineString","coordinates":[[144.7055314186217,-37.724361241756405],[144.7043213578653,-37.72395894910735]]},"properties":{"LAYER":"LINE_LINEMARKING_D1","LAYER_TYPE":"dashed-line"}},{"type":"Feature","geometry":{"type":"LineString","coordinates":[[144.7009382744817,-37.73298508720539],[144.7009368677562,-37.7331679876774],[144.70094348781842,-37.733350815973715],[144.70095812668464,-37.73353334996808],[144.70098076662853,-37.733715367890056],[144.7010113802022,-37.733896648594694],[144.70104993026962,-37.734076971830966],[144.70109637005123,-37.73425611850975]]},"properties":{"LAYER":"LINE_LINEMARKING_D1","LAYER_TYPE":"dashed-line"}},{"type":"Feature","geometry":{"type":"LineString","coordinates":[[144.70183294725345,-37.72936820481634],[144.70187999673334,-37.729246217005745],[144.70202693963557,-37.7288647681515],[144.70215979728738,-37.72848007439284]]},"properties":{"LAYER":"LINE_LINEMARKING_D1","LAYER_TYPE":"dashed-line"}},{"type":"Feature","geometry":{"type":"LineString","coordinates":[[144.7025221085065,-37.727065084844014],[144.7025147147506,-37.72710048614544],[144.7024135597286,-37.72757529030555],[144.70229139874596,-37.72804696786095]]},"properties":{"LAYER":"LINE_LINEMARKING_D1","LAYER_TYPE":"dashed-line"}},{"type":"Feature","geometry":{"type":"LineString","coordinates":[[144.70322012553206,-37.72372280523696],[144.70304394540847,-37.724566432146645]]},"properties":{"LAYER":"LINE_LINEMARKING_D1","LAYER_TYPE":"dashed-line"}},{"type":"Feature","geometry":{"type":"LineString","coordinates":[[144.70279624902952,-37.724651472851576],[144.7030028365319,-37.72366225780044]]},"properties":{"LAYER":"LINE_LINEMARKING_D1","LAYER_TYPE":"dashed-line"}},{"type":"Feature","geometry":{"type":"LineString","coordinates":[[144.7020670132852,-37.72801827906594],[144.7021737901164,-37.72761230007291],[144.70226479306805,-37.72720390440571]]},"properties":{"LAYER":"LINE_LINEMARKING_D1","LAYER_TYPE":"dashed-line"}},{"type":"Feature","geometry":{"type":"LineString","coordinates":[[144.70432363172083,-37.728492436911445],[144.70299758945973,-37.72832431019379],[144.7028457098375,-37.728279219317]]},"properties":{"LAYER":"LINE_LINEMARKING_S1","LAYER_TYPE":"line"}},{"type":"Feature","geometry":{"type":"LineString","coordinates":[[144.70299132512136,-37.72835544584719],[144.7024385974687,-37.72828536129586]]},"properties":{"LAYER":"LINE_LINEMARKING_S1","LAYER_TYPE":"line"}},{"type":"Feature","geometry":{"type":"LineString","coordinates":[[144.7027372127753,-37.72835509632219],[144.7023852468944,-37.728310529971694]]},"properties":{"LAYER":"LINE_LINEMARKING_S1","LAYER_TYPE":"line"}},{"type":"Feature","geometry":{"type":"LineString","coordinates":[[144.7025882791807,-37.728281534110096],[144.7025929228721,-37.72828212261664],[144.7026432957696,-37.72828922343407],[144.7026933282132,-37.728297707911175],[144.70274295997476,-37.72830756583463],[144.70279213130837,-37.7283187853378],[144.70284130052525,-37.72833000436595],[144.70289093016117,-37.72833986189152],[144.70294096047306,-37.728348346048065],[144.70299133123532,-37.72835544662242],[144.70275817431624,-37.728325883211305]]},"properties":{"LAYER":"LINE_LINEMARKING_S1","LAYER_TYPE":"line"}},{"type":"Feature","geometry":{"type":"LineString","coordinates":[[144.70293525125695,-37.72839942389005],[144.70310795972455,-37.7284021663336],[144.70431111603475,-37.728554711891725]]},"properties":{"LAYER":"LINE_LINEMARKING_S1","LAYER_TYPE":"line"}},{"type":"Feature","geometry":{"type":"LineString","coordinates":[[144.70504505744458,-37.71779889698385],[144.705055616592,-37.71784015026908]]},"properties":{"LAYER":"LINE_LINEMARKING_S1","LAYER_TYPE":"line"}},{"type":"Feature","geometry":{"type":"LineString","coordinates":[[144.70404789642234,-37.72035693393973],[144.7040864279977,-37.72023021829551],[144.70412032710962,-37.72010267000087],[144.70414956538798,-37.719974395889466],[144.70417411836715,-37.71984550340247]]},"properties":{"LAYER":"LINE_LINEMARKING_S1","LAYER_TYPE":"line"}},{"type":"Feature","geometry":{"type":"LineString","coordinates":[[144.70137708646098,-37.73054117608611],[144.70132452075154,-37.73069009663628]]},"properties":{"LAYER":"LINE_LINEMARKING_S1","LAYER_TYPE":"line"}},{"type":"Feature","geometry":{"type":"LineString","coordinates":[[144.70132452075154,-37.73069009663628],[144.7012803481238,-37.73082474581596],[144.70124154058,-37.73096043381473]]},"properties":{"LAYER":"LINE_LINEMARKING_S1","LAYER_TYPE":"line"}},{"type":"Feature","geometry":{"type":"LineString","coordinates":[[144.70116428433198,-37.73132808211204],[144.70116154348295,-37.73134596986058]]},"properties":{"LAYER":"LINE_LINEMARKING_S1","LAYER_TYPE":"line"}},{"type":"Feature","geometry":{"type":"LineString","coordinates":[[144.7011178205004,-37.73155537620555],[144.70110217662253,-37.73162640606982],[144.70108952370052,-37.73169781074662]]},"properties":{"LAYER":"LINE_LINEMARKING_S1","LAYER_TYPE":"line"}},{"type":"Feature","geometry":{"type":"LineString","coordinates":[[144.7011178205004,-37.73155537620555],[144.70113190440287,-37.731497165767635]]},"properties":{"LAYER":"LINE_LINEMARKING_S1","LAYER_TYPE":"line"}},{"type":"Feature","geometry":{"type":"LineString","coordinates":[[144.70094667409808,-37.732701712918285],[144.7009382744817,-37.73298508720539]]},"properties":{"LAYER":"LINE_LINEMARKING_S1","LAYER_TYPE":"line"}},{"type":"Feature","geometry":{"type":"LineString","coordinates":[[144.70454296394522,-37.71768848292529],[144.70461876077744,-37.71767764818092]]},"properties":{"LAYER":"LINE_LINEMARKING_S1","LAYER_TYPE":"line"}},{"type":"Feature","geometry":{"type":"LineString","coordinates":[[144.70419631011583,-37.71773803453522],[144.70443071235906,-37.71770452858202]]},"properties":{"LAYER":"LINE_LINEMARKING_S1","LAYER_TYPE":"line"}},{"type":"Feature","geometry":{"type":"LineString","coordinates":[[144.70498201124693,-37.717552582396834],[144.7050223316895,-37.71771011012181]]},"properties":{"LAYER":"LINE_LINEMARKING_S1","LAYER_TYPE":"line"}},{"type":"Feature","geometry":{"type":"LineString","coordinates":[[144.705055616592,-37.71784015026908],[144.70502736180106,-37.71783676865787]]},"properties":{"LAYER":"LINE_LINEMARKING_S1","LAYER_TYPE":"line"}},{"type":"Feature","geometry":{"type":"LineString","coordinates":[[144.70500036536382,-37.71783353764333],[144.70492031181718,-37.717823956557105]]},"properties":{"LAYER":"LINE_LINEMARKING_S1","LAYER_TYPE":"line"}},{"type":"Feature","geometry":{"type":"LineString","coordinates":[[144.70547494228393,-37.71816779738211],[144.70494905317133,-37.71810532493512]]},"properties":{"LAYER":"LINE_LINEMARKING_S1","LAYER_TYPE":"line"}},{"type":"Feature","geometry":{"type":"LineString","coordinates":[[144.70492204989304,-37.71810211704309],[144.70484198290626,-37.718092605336146]]},"properties":{"LAYER":"LINE_LINEMARKING_S1","LAYER_TYPE":"line"}},{"type":"Feature","geometry":{"type":"LineString","coordinates":[[144.70520321214744,-37.71813552293015],[144.70494872679797,-37.71819885033821]]},"properties":{"LAYER":"LINE_LINEMARKING_S1","LAYER_TYPE":"line"}},{"type":"Feature","geometry":{"type":"LineString","coordinates":[[144.7048398781049,-37.718225936588354],[144.70479514002713,-37.7182370693166]]},"properties":{"LAYER":"LINE_LINEMARKING_S1","LAYER_TYPE":"line"}},{"type":"Feature","geometry":{"type":"LineString","coordinates":[[144.70498364309137,-37.71804565446496],[144.7056422235152,-37.71812390386586]]},"properties":{"LAYER":"LINE_LINEMARKING_S1","LAYER_TYPE":"line"}},{"type":"Feature","geometry":{"type":"LineString","coordinates":[[144.70436561831687,-37.718080058035525],[144.7043539835486,-37.71803460083077]]},"properties":{"LAYER":"LINE_LINEMARKING_S1","LAYER_TYPE":"line"}},{"type":"Feature","geometry":{"type":"LineString","coordinates":[[144.70441995540378,-37.71829235312703],[144.70438834334007,-37.71816884487587]]},"properties":{"LAYER":"LINE_LINEMARKING_S1","LAYER_TYPE":"line"}},{"type":"Feature","geometry":{"type":"LineString","coordinates":[[144.70399607119887,-37.717714242804526],[144.70446952996855,-37.717770497050715]]},"properties":{"LAYER":"LINE_LINEMARKING_S1","LAYER_TYPE":"line"}},{"type":"Feature","geometry":{"type":"LineString","coordinates":[[144.70449654312984,-37.7177737065737],[144.70458432704154,-37.717784136425976]]},"properties":{"LAYER":"LINE_LINEMARKING_S1","LAYER_TYPE":"line"}},{"type":"Feature","geometry":{"type":"LineString","coordinates":[[144.70443439280692,-37.71783009345601],[144.70397319643672,-37.717775291668595]]},"properties":{"LAYER":"LINE_LINEMARKING_S1","LAYER_TYPE":"line"}},{"type":"Feature","geometry":{"type":"LineString","coordinates":[[144.70127411574242,-37.73084526301636],[144.70131448754873,-37.730700515647676],[144.70134888162247,-37.73055479769002],[144.7013772612537,-37.73040826482176]]},"properties":{"LAYER":"LINE_LINEMARKING_S1","LAYER_TYPE":"line"}},{"type":"Feature","geometry":{"type":"LineString","coordinates":[[144.70160236048724,-37.728202368228814],[144.70159771764153,-37.728201775563136],[144.7015473549467,-37.72819462960714],[144.70149733469498,-37.72818610025616],[144.70144771710497,-37.72817619777864],[144.7013985619105,-37.72816493409615],[144.7013494082884,-37.728153670752285],[144.70129979233252,-37.728143768470304],[144.70124977376474,-37.728135239169255],[144.70119941279117,-37.72812809311554],[144.7006400422003,-37.72805664872968]]},"properties":{"LAYER":"LINE_LINEMARKING_S1","LAYER_TYPE":"line"}},{"type":"Feature","geometry":{"type":"LineString","coordinates":[[144.70376514990727,-37.721231137919794],[144.70362066272574,-37.72167785870516]]},"properties":{"LAYER":"LINE_LINEMARKING_S1","LAYER_TYPE":"line"}},{"type":"Feature","geometry":{"type":"LineString","coordinates":[[144.7012555576905,-37.728084166789905],[144.70108285414008,-37.728081268396416],[144.70064634551863,-37.728025516067]]},"properties":{"LAYER":"LINE_LINEMARKING_S1","LAYER_TYPE":"line"}},{"type":"Feature","geometry":{"type":"LineString","coordinates":[[144.70143252890065,-37.72815786675432],[144.7011994212272,-37.72812809419297],[144.70175204730882,-37.72819867493189]]},"properties":{"LAYER":"LINE_LINEMARKING_S1","LAYER_TYPE":"line"}},{"type":"Feature","geometry":{"type":"LineString","coordinates":[[144.70063373927226,-37.72808777943461],[144.70119311236684,-37.72815922414851],[144.70134492710767,-37.72820445186578]]},"properties":{"LAYER":"LINE_LINEMARKING_S1","LAYER_TYPE":"line"}},{"type":"Feature","geometry":{"type":"LineString","coordinates":[[144.70145353196324,-37.72812867250965],[144.70181167756408,-37.72817434999377]]},"properties":{"LAYER":"LINE_LINEMARKING_S1","LAYER_TYPE":"line"}},{"type":"Feature","geometry":{"type":"LineString","coordinates":[[144.70486251520308,-37.71772720483655],[144.70489937830806,-37.717563415677226],[144.70492923790053,-37.71739872881578]]},"properties":{"LAYER":"LINE_LINEMARKING_S1","LAYER_TYPE":"line"}},{"type":"Feature","geometry":{"type":"LineString","coordinates":[[144.70493952679863,-37.71774728391411],[144.7049806835117,-37.717559358178626],[144.70501367533203,-37.71737041873349]]},"properties":{"LAYER":"LINE_LINEMARKING_S1","LAYER_TYPE":"line"}},{"type":"Feature","geometry":{"type":"LineString","coordinates":[[144.70490177478936,-37.717731857975494],[144.70493882092248,-37.71756825100689],[144.7049684543577,-37.71740369359964]]},"properties":{"LAYER":"LINE_LINEMARKING_S1","LAYER_TYPE":"line"}},{"type":"Feature","geometry":{"type":"LineString","coordinates":[[144.7048161909589,-37.718172148077954],[144.70484198290626,-37.718092605336146]]},"properties":{"LAYER":"LINE_LINEMARKING_S1","LAYER_TYPE":"line"}},{"type":"Feature","geometry":{"type":"LineString","coordinates":[[144.70479514002713,-37.7182370693166],[144.70480936497532,-37.71819319947888]]},"properties":{"LAYER":"LINE_LINEMARKING_S1","LAYER_TYPE":"line"}},{"type":"Feature","geometry":{"type":"LineString","coordinates":[[144.70464839352724,-37.71771275660946],[144.70472838297593,-37.71746542171802]]},"properties":{"LAYER":"LINE_LINEMARKING_S1","LAYER_TYPE":"line"}},{"type":"Feature","geometry":{"type":"LineString","coordinates":[[144.70438964059807,-37.71803885599058],[144.7043539835486,-37.71803460083077]]},"properties":{"LAYER":"LINE_LINEMARKING_S1","LAYER_TYPE":"line"}},{"type":"Feature","geometry":{"type":"LineString","coordinates":[[144.70449776266398,-37.718051758746945],[144.70441664979998,-37.718042079145754]]},"properties":{"LAYER":"LINE_LINEMARKING_S1","LAYER_TYPE":"line"}},{"type":"Feature","geometry":{"type":"LineString","coordinates":[[144.70443502052225,-37.718499215691935],[144.70454074645806,-37.71817229205476]]},"properties":{"LAYER":"LINE_LINEMARKING_S1","LAYER_TYPE":"line"}},{"type":"Feature","geometry":{"type":"LineString","coordinates":[[144.70447202137618,-37.71813135574391],[144.70449776266398,-37.718051758746945]]},"properties":{"LAYER":"LINE_LINEMARKING_S1","LAYER_TYPE":"line"}},{"type":"Feature","geometry":{"type":"LineString","coordinates":[[144.70435813079413,-37.7184835249594],[144.70446521278095,-37.71815240919385]]},"properties":{"LAYER":"LINE_LINEMARKING_S1","LAYER_TYPE":"line"}},{"type":"Feature","geometry":{"type":"LineString","coordinates":[[144.7041818912114,-37.719942636853354],[144.70404789642234,-37.72035693393973]]},"properties":{"LAYER":"LINE_LINEMARKING_S1","LAYER_TYPE":"line"}},{"type":"Feature","geometry":{"type":"LineString","coordinates":[[144.70364506099446,-37.72168308049863],[144.70362622291532,-37.721773209743596]]},"properties":{"LAYER":"LINE_LINEMARKING_S1","LAYER_TYPE":"line"}},{"type":"Feature","geometry":{"type":"LineString","coordinates":[[144.70376514990727,-37.721231137919794],[144.70371962979735,-37.72138084289803],[144.70367958894354,-37.72153153259393],[144.70364506099446,-37.72168308049863]]},"properties":{"LAYER":"LINE_LINEMARKING_S1","LAYER_TYPE":"line"}},{"type":"Feature","geometry":{"type":"LineString","coordinates":[[144.70380593454968,-37.723729422312786],[144.70376477447212,-37.723703667134544],[144.70372248822557,-37.723679089954416],[144.70367912922026,-37.72365572181427],[144.70363475222135,-37.72363359222886],[144.70358941327953,-37.72361272914861]]},"properties":{"LAYER":"LINE_LINEMARKING_S1","LAYER_TYPE":"line"}},{"type":"Feature","geometry":{"type":"LineString","coordinates":[[144.70383904622537,-37.72381348478839],[144.7040101906115,-37.72387345628024]]},"properties":{"LAYER":"LINE_LINEMARKING_S1","LAYER_TYPE":"line"}},{"type":"Feature","geometry":{"type":"LineString","coordinates":[[144.70387256140117,-37.723710184610276],[144.7039473237295,-37.72377089866354]]},"properties":{"LAYER":"LINE_LINEMARKING_S1","LAYER_TYPE":"line"}},{"type":"Feature","geometry":{"type":"LineString","coordinates":[[144.70106770996242,-37.72282366315117],[144.70230624617096,-37.72323560438372],[144.7024404294586,-37.723307889516846]]},"properties":{"LAYER":"LINE_LINEMARKING_S1","LAYER_TYPE":"line"}},{"type":"Feature","geometry":{"type":"LineString","coordinates":[[144.70232158362657,-37.72320652230982],[144.70283784212685,-37.7233782269918]]},"properties":{"LAYER":"LINE_LINEMARKING_S1","LAYER_TYPE":"line"}},{"type":"Feature","geometry":{"type":"LineString","coordinates":[[144.70256839785097,-37.723254491611044],[144.7028783623212,-37.7233575204575]]},"properties":{"LAYER":"LINE_LINEMARKING_S1","LAYER_TYPE":"line"}},{"type":"Feature","geometry":{"type":"LineString","coordinates":[[144.70269126039472,-37.72335389122041],[144.70268692299499,-37.7233524489608],[144.7026400856431,-37.72333610720133],[144.70259399022427,-37.723318484636096],[144.70254869223135,-37.72329960248073],[144.70250424619715,-37.723279483467174],[144.7024598021247,-37.72325936527937],[144.70241450621208,-37.72324048380852],[144.70236841298188,-37.723222861781835],[144.70232157791608,-37.723206520410514],[144.70253935062877,-37.72327895076005]]},"properties":{"LAYER":"LINE_LINEMARKING_S1","LAYER_TYPE":"line"}},{"type":"Feature","geometry":{"type":"LineString","coordinates":[[144.70380593454968,-37.723729422312786],[144.70383545222413,-37.72374793758086],[144.7038657265922,-37.723765665240386],[144.7038967243596,-37.72378258579485],[144.70392841143604,-37.72379868063542]]},"properties":{"LAYER":"LINE_LINEMARKING_S1","LAYER_TYPE":"line"}},{"type":"Feature","geometry":{"type":"LineString","coordinates":[[144.70362546540247,-37.7236877332674],[144.70355708254638,-37.72365889178026],[144.70348772048268,-37.72363156542718],[144.70341743240647,-37.72360577516464]]},"properties":{"LAYER":"LINE_LINEMARKING_S1","LAYER_TYPE":"line"}},{"type":"Feature","geometry":{"type":"LineString","coordinates":[[144.7040101906114,-37.723873456280174],[144.70408257102022,-37.72390461304648],[144.7041560448704,-37.72393411095087],[144.70423055191768,-37.723961925806066],[144.7043060310704,-37.72398803480488]]},"properties":{"LAYER":"LINE_LINEMARKING_S1","LAYER_TYPE":"line"}},{"type":"Feature","geometry":{"type":"LineString","coordinates":[[144.70551609220124,-37.72439032762234],[144.7043060310704,-37.72398803480488]]},"properties":{"LAYER":"LINE_LINEMARKING_S1","LAYER_TYPE":"line"}},{"type":"Feature","geometry":{"type":"LineString","coordinates":[[144.7039473237295,-37.72377089866354],[144.7040226085017,-37.72380654029429],[144.70409926295653,-37.72384028981012],[144.70417721174584,-37.723872114035636],[144.70425637824889,-37.7239019816879],[144.70433668464767,-37.7239298634073]]},"properties":{"LAYER":"LINE_LINEMARKING_S1","LAYER_TYPE":"line"}},{"type":"Feature","geometry":{"type":"LineString","coordinates":[[144.70554674502966,-37.724332155887964],[144.70433668464767,-37.7239298634073]]},"properties":{"LAYER":"LINE_LINEMARKING_S1","LAYER_TYPE":"line"}},{"type":"Feature","geometry":{"type":"LineString","coordinates":[[144.702389135813,-37.72317429669794],[144.70222213216962,-37.72313925964298],[144.7010983750769,-37.72276549370939]]},"properties":{"LAYER":"LINE_LINEMARKING_S1","LAYER_TYPE":"line"}},{"type":"Feature","geometry":{"type":"LineString","coordinates":[[144.70384821008446,-37.72375792518727],[144.70377821005187,-37.72372218757991],[144.7037069199661,-37.723688096902634],[144.70363440122443,-37.72365568251438],[144.70356071628186,-37.7236249723304],[144.70348592859764,-37.72359599279826]]},"properties":{"LAYER":"LINE_LINEMARKING_S1","LAYER_TYPE":"line"}},{"type":"Feature","geometry":{"type":"LineString","coordinates":[[144.70384821008446,-37.72375792518727],[144.70392360429938,-37.72379632196898],[144.70400048767075,-37.723832808216244],[144.70407878348965,-37.723867347524255],[144.7041584136373,-37.72389990543074],[144.70423929866342,-37.72393044945046],[144.7043213578653,-37.72395894910735]]},"properties":{"LAYER":"LINE_LINEMARKING_S1","LAYER_TYPE":"line"}},{"type":"Feature","geometry":{"type":"LineString","coordinates":[[144.70233066507797,-37.728051988210474],[144.70242649810538,-37.727689231933034]]},"properties":{"LAYER":"LINE_LINEMARKING_S1","LAYER_TYPE":"line"}},{"type":"Feature","geometry":{"type":"LineString","coordinates":[[144.70342654701687,-37.72292367968683],[144.70334303352936,-37.72332531107396]]},"properties":{"LAYER":"LINE_LINEMARKING_S1","LAYER_TYPE":"line"}},{"type":"Feature","geometry":{"type":"LineString","coordinates":[[144.70096653508003,-37.73248702131803],[144.70095692368824,-37.732558397427745],[144.70095030092466,-37.73262998759845],[144.70094667409808,-37.732701712918285]]},"properties":{"LAYER":"LINE_LINEMARKING_S1","LAYER_TYPE":"line"}},{"type":"Feature","geometry":{"type":"LineString","coordinates":[[144.70108952370052,-37.73169781074662],[144.70096653508003,-37.73248702131803]]},"properties":{"LAYER":"LINE_LINEMARKING_S1","LAYER_TYPE":"line"}},{"type":"Feature","geometry":{"type":"LineString","coordinates":[[144.70097478782512,-37.73254407766437],[144.7009574196425,-37.732690790024805],[144.7009452453175,-37.732837831857616],[144.7009382744817,-37.73298508720539]]},"properties":{"LAYER":"LINE_LINEMARKING_S1","LAYER_TYPE":"line"}},{"type":"Feature","geometry":{"type":"LineString","coordinates":[[144.70116428433198,-37.73132808211204],[144.70097478782512,-37.73254407766437]]},"properties":{"LAYER":"LINE_LINEMARKING_S1","LAYER_TYPE":"line"}},{"type":"Feature","geometry":{"type":"LineString","coordinates":[[144.70113190440287,-37.731497165767635],[144.70114840860694,-37.73142177612952],[144.70116154348295,-37.73134596986058]]},"properties":{"LAYER":"LINE_LINEMARKING_S1","LAYER_TYPE":"line"}},{"type":"Feature","geometry":{"type":"LineString","coordinates":[[144.70124154058,-37.73096043381473],[144.70121144719403,-37.7310823911499],[144.7011856882989,-37.73120497296785],[144.70116428433198,-37.73132808211204]]},"properties":{"LAYER":"LINE_LINEMARKING_S1","LAYER_TYPE":"line"}},{"type":"Feature","geometry":{"type":"LineString","coordinates":[[144.7022515996835,-37.728043832117656],[144.70236448564557,-37.7276117317781]]},"properties":{"LAYER":"LINE_LINEMARKING_S1","LAYER_TYPE":"line"}},{"type":"Feature","geometry":{"type":"LineString","coordinates":[[144.70335315409466,-37.72288967962602],[144.7032677692586,-37.723300279230074]]},"properties":{"LAYER":"LINE_LINEMARKING_S1","LAYER_TYPE":"line"}},{"type":"Feature","geometry":{"type":"LineString","coordinates":[[144.70181309459733,-37.728803538393024],[144.70193737498005,-37.728443546654105]]},"properties":{"LAYER":"LINE_LINEMARKING_S1","LAYER_TYPE":"line"}},{"type":"Feature","geometry":{"type":"LineString","coordinates":[[144.70177495814178,-37.728794780239205],[144.70189894803391,-37.728435630467295]]},"properties":{"LAYER":"LINE_LINEMARKING_S1","LAYER_TYPE":"line"}},{"type":"Feature","geometry":{"type":"LineString","coordinates":[[144.7029652115004,-37.72364974417228],[144.7028979017808,-37.72397204982442]]},"properties":{"LAYER":"LINE_LINEMARKING_S1","LAYER_TYPE":"line"}},{"type":"Feature","geometry":{"type":"LineString","coordinates":[[144.70185123106245,-37.728812296534805],[144.7019786106485,-37.72844285019102]]},"properties":{"LAYER":"LINE_LINEMARKING_S1","LAYER_TYPE":"line"}},{"type":"Feature","geometry":{"type":"LineString","coordinates":[[144.70304046155871,-37.72367477141103],[144.70297730896996,-37.72397717256595]]},"properties":{"LAYER":"LINE_LINEMARKING_S1","LAYER_TYPE":"line"}},{"type":"Feature","geometry":{"type":"LineString","coordinates":[[144.70492031181703,-37.71782395655709],[144.7049343490582,-37.717768509390645]]},"properties":{"LAYER":"LINE_LINEMARKING_S1","LAYER_TYPE":"line"}},{"type":"Feature","geometry":{"type":"LineString","coordinates":[[144.70460893966887,-37.717708080357255],[144.7046187663887,-37.71767764737882]]},"properties":{"LAYER":"LINE_LINEMARKING_S1","LAYER_TYPE":"line"}},{"type":"Feature","geometry":{"type":"LineString","coordinates":[[144.70458432704154,-37.717784136425976],[144.70460213417934,-37.71772913417728]]},"properties":{"LAYER":"LINE_LINEMARKING_S1","LAYER_TYPE":"line"}},{"type":"Feature","geometry":{"type":"LineString","coordinates":[[144.70236093865074,-37.72825270758934],[144.70238870303623,-37.72816208878611]]},"properties":{"LAYER":"LINE_LINEMARKING_S1","LAYER_TYPE":"line"}},{"type":"Feature","geometry":{"type":"LineString","coordinates":[[144.70233174139307,-37.72834800280469],[144.70235421202727,-37.72827466224518]]},"properties":{"LAYER":"LINE_LINEMARKING_S1","LAYER_TYPE":"line"}},{"type":"Feature","geometry":{"type":"LineString","coordinates":[[144.70238790710104,-37.72825612718212],[144.7024098907712,-37.728184375703954]]},"properties":{"LAYER":"LINE_LINEMARKING_S1","LAYER_TYPE":"line"}},{"type":"Feature","geometry":{"type":"LineString","coordinates":[[144.702361069002,-37.72834372259344],[144.70238118057782,-37.728278081537226]]},"properties":{"LAYER":"LINE_LINEMARKING_S1","LAYER_TYPE":"line"}},{"type":"Feature","geometry":{"type":"LineString","coordinates":[[144.7047067379416,-37.71818103582451],[144.70481710785054,-37.71819411718322]]},"properties":{"LAYER":"LINE_LINEMARKING_S1","LAYER_TYPE":"line"}},{"type":"Feature","geometry":{"type":"LineString","coordinates":[[144.70469863669834,-37.71815821520158],[144.70482521362013,-37.71817321746523]]},"properties":{"LAYER":"LINE_LINEMARKING_S1","LAYER_TYPE":"line"}},{"type":"Feature","geometry":{"type":"LineString","coordinates":[[144.70446574104673,-37.71813061136482],[144.70462680473173,-37.718149701405885]]},"properties":{"LAYER":"LINE_LINEMARKING_S1","LAYER_TYPE":"line"}},{"type":"Feature","geometry":{"type":"LineString","coordinates":[[144.70445807124474,-37.71815156273956],[144.7046041299459,-37.718168874333706]]},"properties":{"LAYER":"LINE_LINEMARKING_S1","LAYER_TYPE":"line"}},{"type":"Feature","geometry":{"type":"LineString","coordinates":[[144.70480405033945,-37.71773120563464],[144.70494608430408,-37.717748039842796]]},"properties":{"LAYER":"LINE_LINEMARKING_S1","LAYER_TYPE":"line"}},{"type":"Feature","geometry":{"type":"LineString","coordinates":[[144.70459167372172,-37.71770603391371],[144.70470713836033,-37.717719719290976]]},"properties":{"LAYER":"LINE_LINEMARKING_S1","LAYER_TYPE":"line"}},{"type":"Feature","geometry":{"type":"LineString","coordinates":[[144.7047855277845,-37.717750870718206],[144.70494023196795,-37.717769206643915]]},"properties":{"LAYER":"LINE_LINEMARKING_S1","LAYER_TYPE":"line"}},{"type":"Feature","geometry":{"type":"LineString","coordinates":[[144.7045846491858,-37.71772706177067],[144.7047138017859,-37.71774236950232]]},"properties":{"LAYER":"LINE_LINEMARKING_S1","LAYER_TYPE":"line"}},{"type":"Feature","geometry":{"type":"LineString","coordinates":[[144.7050048427759,-37.71791399696741],[144.70502844958617,-37.717833038127395]]},"properties":{"LAYER":"LINE_LINEMARKING_S1","LAYER_TYPE":"line"}},{"type":"Feature","geometry":{"type":"LineString","coordinates":[[144.70494629195116,-37.71811479438794],[144.70498092483604,-37.71799602261412]]},"properties":{"LAYER":"LINE_LINEMARKING_S1","LAYER_TYPE":"line"}},{"type":"Feature","geometry":{"type":"LineString","coordinates":[[144.7044709016305,-37.71776588943811],[144.70443609494376,-37.71788280997739]]},"properties":{"LAYER":"LINE_LINEMARKING_S1","LAYER_TYPE":"line"}},{"type":"Feature","geometry":{"type":"LineString","coordinates":[[144.70497435052377,-37.71792275461453],[144.70500182313899,-37.71782853824795]]},"properties":{"LAYER":"LINE_LINEMARKING_S1","LAYER_TYPE":"line"}},{"type":"Feature","geometry":{"type":"LineString","coordinates":[[144.70444381856734,-37.71795081580214],[144.70441510812708,-37.71804725781339]]},"properties":{"LAYER":"LINE_LINEMARKING_S1","LAYER_TYPE":"line"}},{"type":"Feature","geometry":{"type":"LineString","coordinates":[[144.70441304625453,-37.71796023352707],[144.7043884535519,-37.718042843418864]]},"properties":{"LAYER":"LINE_LINEMARKING_S1","LAYER_TYPE":"line"}},{"type":"Feature","geometry":{"type":"LineString","coordinates":[[144.70449775127196,-37.71776964824322],[144.70445944812784,-37.717898314006966]]},"properties":{"LAYER":"LINE_LINEMARKING_S1","LAYER_TYPE":"line"}},{"type":"Feature","geometry":{"type":"LineString","coordinates":[[144.7021050347996,-37.72842864411058],[144.70221301104843,-37.72844244937286]]},"properties":{"LAYER":"LINE_LINEMARKING_S1","LAYER_TYPE":"line"}},{"type":"Feature","geometry":{"type":"LineString","coordinates":[[144.70186501926588,-37.72839795664499],[144.70205305053713,-37.728421997645555]]},"properties":{"LAYER":"LINE_LINEMARKING_S1","LAYER_TYPE":"line"}},{"type":"Feature","geometry":{"type":"LineString","coordinates":[[144.7021107433617,-37.72845127335475],[144.7022061778468,-37.72846347509236]]},"properties":{"LAYER":"LINE_LINEMARKING_S1","LAYER_TYPE":"line"}},{"type":"Feature","geometry":{"type":"LineString","coordinates":[[144.70186257312554,-37.72841954327081],[144.70203380358618,-37.72844143619191]]},"properties":{"LAYER":"LINE_LINEMARKING_S1","LAYER_TYPE":"line"}},{"type":"Feature","geometry":{"type":"LineString","coordinates":[[144.70219145777452,-37.72804513965379],[144.70236701831448,-37.728067585781936]]},"properties":{"LAYER":"LINE_LINEMARKING_S1","LAYER_TYPE":"line"}},{"type":"Feature","geometry":{"type":"LineString","coordinates":[[144.70202474377564,-37.72802382433857],[144.70212005038837,-37.72803600985113]]},"properties":{"LAYER":"LINE_LINEMARKING_S1","LAYER_TYPE":"line"}},{"type":"Feature","geometry":{"type":"LineString","coordinates":[[144.70181506679546,-37.72820672278701],[144.70183393407135,-37.72814514436528]]},"properties":{"LAYER":"LINE_LINEMARKING_S1","LAYER_TYPE":"line"}},{"type":"Feature","geometry":{"type":"LineString","coordinates":[[144.70179102646887,-37.72828518468264],[144.70180834070567,-37.728228675159606]]},"properties":{"LAYER":"LINE_LINEMARKING_S1","LAYER_TYPE":"line"}},{"type":"Feature","geometry":{"type":"LineString","coordinates":[[144.70217098494118,-37.72806442147547],[144.70236398352725,-37.72808909714336]]},"properties":{"LAYER":"LINE_LINEMARKING_S1","LAYER_TYPE":"line"}},{"type":"Feature","geometry":{"type":"LineString","coordinates":[[144.70201863091876,-37.72804494214976],[144.70212784431334,-37.72805890572248]]},"properties":{"LAYER":"LINE_LINEMARKING_S1","LAYER_TYPE":"line"}},{"type":"Feature","geometry":{"type":"LineString","coordinates":[[144.70184202804677,-37.72821016584209],[144.70186170512002,-37.72814594434951]]},"properties":{"LAYER":"LINE_LINEMARKING_S1","LAYER_TYPE":"line"}},{"type":"Feature","geometry":{"type":"LineString","coordinates":[[144.70181436082248,-37.72830046515936],[144.70183530187774,-37.72823211849972]]},"properties":{"LAYER":"LINE_LINEMARKING_S1","LAYER_TYPE":"line"}},{"type":"Feature","geometry":{"type":"LineString","coordinates":[[144.70491965136978,-37.71811034263647],[144.70495720944703,-37.71798153919754]]},"properties":{"LAYER":"LINE_LINEMARKING_S1","LAYER_TYPE":"line"}},{"type":"Feature","geometry":{"type":"LineString","coordinates":[[144.70321238246112,-37.72329357824541],[144.70337838808527,-37.723348789405435]]},"properties":{"LAYER":"LINE_LINEMARKING_S1","LAYER_TYPE":"line"}},{"type":"Feature","geometry":{"type":"LineString","coordinates":[[144.70304454399866,-37.72323775719191],[144.70313223090125,-37.72326692084061]]},"properties":{"LAYER":"LINE_LINEMARKING_S1","LAYER_TYPE":"line"}},{"type":"Feature","geometry":{"type":"LineString","coordinates":[[144.70310811884053,-37.72366211352407],[144.70293445227696,-37.72360435418455]]},"properties":{"LAYER":"LINE_LINEMARKING_S1","LAYER_TYPE":"line"}},{"type":"Feature","geometry":{"type":"LineString","coordinates":[[144.7032751944039,-37.72371768045679],[144.70316523786576,-37.72368111052699]]},"properties":{"LAYER":"LINE_LINEMARKING_S1","LAYER_TYPE":"line"}},{"type":"Feature","geometry":{"type":"LineString","coordinates":[[144.7034149408542,-37.72354589039831],[144.7034260462364,-37.72349248347464]]},"properties":{"LAYER":"LINE_LINEMARKING_S1","LAYER_TYPE":"line"}},{"type":"Feature","geometry":{"type":"LineString","coordinates":[[144.7033918839376,-37.723656773196964],[144.70341017810165,-37.72356879493736]]},"properties":{"LAYER":"LINE_LINEMARKING_S1","LAYER_TYPE":"line"}},{"type":"Feature","geometry":{"type":"LineString","coordinates":[[144.70338916459278,-37.72353717367303],[144.7034028242091,-37.72347148326549]]},"properties":{"LAYER":"LINE_LINEMARKING_S1","LAYER_TYPE":"line"}},{"type":"Feature","geometry":{"type":"LineString","coordinates":[[144.7033631023205,-37.72366250927506],[144.7033844132827,-37.723560023148615]]},"properties":{"LAYER":"LINE_LINEMARKING_S1","LAYER_TYPE":"line"}},{"type":"Feature","geometry":{"type":"LineString","coordinates":[[144.70287980141666,-37.72341659825095],[144.70286947801813,-37.72346624279904]]},"properties":{"LAYER":"LINE_LINEMARKING_S1","LAYER_TYPE":"line"}},{"type":"Feature","geometry":{"type":"LineString","coordinates":[[144.7029007886776,-37.72331567165207],[144.70288455032136,-37.72339376105351]]},"properties":{"LAYER":"LINE_LINEMARKING_S1","LAYER_TYPE":"line"}},{"type":"Feature","geometry":{"type":"LineString","coordinates":[[144.7030931569258,-37.72368057726375],[144.70292987506917,-37.723626271745964]]},"properties":{"LAYER":"LINE_LINEMARKING_S1","LAYER_TYPE":"line"}},{"type":"Feature","geometry":{"type":"LineString","coordinates":[[144.70326242503066,-37.72373687341494],[144.70317239871855,-37.723706931991245]]},"properties":{"LAYER":"LINE_LINEMARKING_S1","LAYER_TYPE":"line"}},{"type":"Feature","geometry":{"type":"LineString","coordinates":[[144.70319651363545,-37.72331174034118],[144.7033738330282,-37.72337071430695]]},"properties":{"LAYER":"LINE_LINEMARKING_S1","LAYER_TYPE":"line"}},{"type":"Feature","geometry":{"type":"LineString","coordinates":[[144.70303102318263,-37.723256700195485],[144.703136554232,-37.723291798596364]]},"properties":{"LAYER":"LINE_LINEMARKING_S1","LAYER_TYPE":"line"}},{"type":"Feature","geometry":{"type":"LineString","coordinates":[[144.70290560556893,-37.723425180446206],[144.70289349535906,-37.72348341773661]]},"properties":{"LAYER":"LINE_LINEMARKING_S1","LAYER_TYPE":"line"}},{"type":"Feature","geometry":{"type":"LineString","coordinates":[[144.70292906397458,-37.72331237004844],[144.70291035453346,-37.72340234292512]]},"properties":{"LAYER":"LINE_LINEMARKING_S1","LAYER_TYPE":"line"}},{"type":"Feature","geometry":{"type":"Polygon","coordinates":[[[144.70326111336306,-37.723739367156476],[144.70326344413206,-37.723735027194266],[144.70326596422987,-37.72373075451032],[144.7032686705842,-37.723726554313785],[144.70327155989548,-37.72372243172538],[144.7032746286411,-37.723718391771214],[144.70327787307977,-37.723714439376685],[144.70328128925587,-37.72371057936045],[144.70328487300458,-37.72370681642847],[144.70328861995662,-37.723703155168394],[144.70329252554387,-37.72369960004393],[144.70329658500464,-37.723696155389334],[144.7033007933899,-37.723692825404235],[144.7033051455688,-37.72368961414844],[144.70330963623533,-37.723686525537],[144.70331425991466,-37.723683563335435],[144.70331901096966,-37.723680731155135],[144.703323883608,-37.723678032449065],[144.70332887188923,-37.72367547050734],[144.70333396973166,-37.72367304845338],[144.70333917092023,-37.72367076924014],[144.7033444691139,-37.723668635646284],[144.70334985785314,-37.72366665027305],[144.70335533056831,-37.72366481554093],[144.7033608805872,-37.723663133686756],[144.70336650114348,-37.723661606761],[144.70337218538467,-37.72366023662526],[144.70337792638077,-37.72365902494991],[144.70338371713262,-37.72365797321218],[144.7033895505803,-37.723657082694366],[144.70339541961195,-37.723656354482095],[144.70340131477332,-37.72365578965121],[144.70340723115953,-37.723655388574855],[144.70341316156328,-37.723655151741646],[144.70341909875998,-37.72365507944006],[144.7034250355168,-37.72365517175824],[144.7034309646016,-37.723655428583655],[144.70343687879136,-37.723655849603496],[144.70344277088145,-37.72365643430486],[144.7034486336939,-37.723657181975405],[144.7034544600866,-37.72365809170437],[144.70346024296174,-37.72365916238349],[144.70346597527453,-37.72366039270843],[144.70347165004176,-37.72366178118039],[144.7034772603503,-37.723663326107975],[144.70348279936567,-37.723665025609044],[144.70348826034007,-37.72366687761326],[144.70349363662083,-37.72366887986452],[144.70358011845235,-37.72370407777663],[144.70366498445333,-37.723741675390805],[144.70374812912635,-37.72378162597066],[144.7038390462253,-37.72381348478837],[144.70391222837117,-37.72384995479726],[144.70398674625997,-37.723884676427545],[144.70406253370678,-37.723917618839295],[144.7041395233987,-37.723948752772756],[144.70421764695467,-37.72397805057449],[144.70429683498634,-37.72400548622183],[144.7055068963429,-37.724407779140684],[144.7055559408685,-37.72431470436566],[144.70434588071,-37.72391241198568],[144.70425926437323,-37.72388222557962],[144.70417399515694,-37.72384970936458],[144.70409017235392,-37.72381490120544],[144.7040078935721,-37.723777841635915],[144.70392725462108,-37.7237385738114],[144.7038483494004,-37.723697143458644],[144.7037712697902,-37.72365359882255],[144.7037291181833,-37.723629777556724],[144.70368597754597,-37.72360710092939],[144.7036418971237,-37.72358559482562],[144.70359692723457,-37.72356528379426],[144.70355111921177,-37.72354619102],[144.7035045253452,-37.72352833829693],[144.70347214085672,-37.723516650894425],[144.70346696384428,-37.723514729158914],[144.7034618710074,-37.72351267040149],[144.70345686809222,-37.72351047694493],[144.70345196074337,-37.723508151264106],[144.70344715449758,-37.72350569598296],[144.70344245477764,-37.72350311387175],[144.7034378668861,-37.72350040784379],[144.70343339599924,-37.72349758095215],[144.70342904716153,-37.72349463638642],[144.70342904716153,-37.72349463638643],[144.70342466538418,-37.72349145749397],[144.7034204258542,-37.72348815914648],[144.70341633373016,-37.72348474535734],[144.70341239399121,-37.7234812202804],[144.70340861143117,-37.723477588204894],[144.70340499065253,-37.72347385355029],[144.70340153606105,-37.72347002086087],[144.70339825186016,-37.72346609480012],[144.70339514204593,-37.72346208014529],[144.7033922104023,-37.72345798178123],[144.70338946049648,-37.72345380469486],[144.70338689567447,-37.723449553968706],[144.70338451905695,-37.72344523477501],[144.7033823335359,-37.72344085236931],[144.70338034177044,-37.72343641208398],[144.7033785461841,-37.723431919321904],[144.70337694896168,-37.72342737954979],[144.70337555204665,-37.72342279829154],[144.70337435713864,-37.72341818112152],[144.7033733656917,-37.723413533657805],[144.703372578912,-37.72340886155538],[144.70337199775693,-37.72340417049913],[144.70337162293353,-37.723399466197044],[144.70337145489785,-37.72339475437321],[144.7033714938544,-37.723390040760876],[144.7033717397556,-37.72338533109547],[144.7033721923023,-37.72338063110762],[144.7033728509438,-37.723375946516136],[144.70337371487864,-37.72337128302115],[144.70337895749182,-37.72334604880092],[144.70352430399865,-37.72264739479122],[144.70352449617488,-37.72264742004887],[144.70353562445618,-37.72240000744321],[144.7036842196838,-37.72168824549583],[144.70371854271994,-37.721537596587964],[144.7037583459592,-37.72138780079591],[144.70380359595276,-37.72123898387814],[144.70427877648052,-37.719769791345676],[144.70432199077223,-37.71964393065155],[144.70436987285652,-37.71951914042033],[144.70441980894333,-37.71938899654702],[144.70446487665143,-37.719257736237985],[144.7047547862162,-37.718361329148586],[144.70475636888045,-37.71835676827668],[144.70475815155567,-37.718352254208185],[144.7047601320567,-37.718347792475974],[144.704762307956,-37.71834338854885],[144.70476467658656,-37.71833904782467],[144.70476723504513,-37.718334775623894],[144.70476998019578,-37.718330577182975],[144.70477290867365,-37.71832645764795],[144.70477601688935,-37.718322422068134],[144.70477930103306,-37.71831847538992],[144.70478275707944,-37.7183146224508],[144.70478638079234,-37.7183108679733],[144.70479016773015,-37.7183072165593],[144.7047941132512,-37.71830367268433],[144.70479821251948,-37.71830024069213],[144.70480246051034,-37.718296924789286],[144.7048068520172,-37.7182937290401],[144.70481138165724,-37.718290657361635],[144.70481604387854,-37.718287713518805],[144.70482083296656,-37.718284901119894],[144.70482574305132,-37.71828222361208],[144.70483076811448,-37.718279684277185],[144.7048359019969,-37.71827728622762],[144.70484113840584,-37.71827503240273],[144.70484647092312,-37.71827292556499],[144.7048518930127,-37.71827096829677],[144.70485739802862,-37.7182691629971],[144.7048629792235,-37.71826751187872],[144.7048686297564,-37.7182660169654],[144.70488346867202,-37.718262319092766],[144.70494328373223,-37.7182474130968],[144.70512011801387,-37.718203345533226],[144.70513904803,-37.71819891401419],[144.70515816070656,-37.71819500844424],[144.70517743289346,-37.71819163355398],[144.70519684124739,-37.71818879343122],[144.70521636226027,-37.718186491516086],[144.7052359722873,-37.71818473059672],[144.70525564757614,-37.718183512806064],[144.70527536429523,-37.71818283961917],[144.70529509856286,-37.71818271185144],[144.70531482647613,-37.71818312965761],[144.70533452413977,-37.718184092531665],[144.7053541676952,-37.718185599307354],[144.7053737333492,-37.718187648159606],[144.70584718510526,-37.71824390015543],[144.70611979214672,-37.718244406896],[144.70704672629444,-37.718354530359214],[144.7070975098291,-37.718084789227746],[144.70692402180364,-37.718062128862144],[144.7052330977985,-37.71786123228982],[144.70522730615846,-37.717860462744504],[144.70522155140438,-37.71785953486971],[144.70521584039344,-37.717858449771],[144.70521017993073,-37.7178572087414],[144.70520457676096,-37.71785581325961],[144.70519903756082,-37.71785426498851],[144.70519356893053,-37.71785256577296],[144.70518817738636,-37.71785071763763],[144.70518286935257,-37.71784872278475],[144.70517765115423,-37.71784658359129],[144.7051725290089,-37.717844302606245],[144.70516750902016,-37.71784188254758],[144.70516259716956,-37.717839326298915],[144.70515779930983,-37.71783663690622],[144.70515312115793,-37.71783381757406],[144.70514856828828,-37.717830871661846],[144.70514414612578,-37.717827802679864],[144.70513985993966,-37.717824614284936],[144.70513571483733,-37.717821310276335],[144.70513171575777,-37.71781789459091],[144.70512786746625,-37.71781437129871],[144.7051241745481,-37.71781074459793],[144.70512064140374,-37.71780701881005],[144.7051172722431,-37.717803198374575],[144.7051140710807,-37.717799287843775],[144.70511104173085,-37.71779529187733],[144.70510818780326,-37.71779121523665],[144.70510551269848,-37.71778706277932],[144.70510301960408,-37.71778283945327],[144.70510071149067,-37.71777855029081],[144.70509859110845,-37.71777420040275],[144.70509666098403,-37.71776979497232],[144.70509517534336,-37.717766020382136],[144.70509382938718,-37.717762212873815],[144.70509262426822,-37.71775837570848],[144.70509156101875,-37.717754512172704],[144.70508243104695,-37.71771884254007],[144.7050490681593,-37.71758849773454],[144.70504561476542,-37.71757375261238],[144.70504278125796,-37.71755892433403],[144.7050405707779,-37.71754402933934],[144.7050389857756,-37.717529084142136],[144.70503802800792,-37.717514105311956],[144.70503769853636,-37.71749910945558],[144.70503799772587,-37.717484113198616],[144.70503892524428,-37.71746913316716],[144.70504048006293,-37.717454185969295],[144.7050426604577,-37.71743928817666],[144.7050685032821,-37.71726395625463],[144.70508734399243,-37.717088062194364],[144.7050614968172,-37.71686259931077],[144.70506421191178,-37.71666583824398],[144.70505813325926,-37.71646912460817],[144.70504326859074,-37.71627270633396],[144.7050196367108,-37.716076830977784],[144.7048886105253,-37.71609261241658],[144.7048898704894,-37.71623982747154],[144.70488501372427,-37.71638699536174],[144.70487404548487,-37.716533955750236],[144.70485697768493,-37.71668054852527],[144.70483382888386,-37.71682661397464],[144.70481291906086,-37.71696176323285],[144.70478680352792,-37.717096339768744],[144.70475550680558,-37.7172302170808],[144.70471905828515,-37.717363269324075],[144.70471019969924,-37.7173913359117],[144.7047002110025,-37.71741916202783],[144.7046891024984,-37.71744671896592],[144.70467688564585,-37.717473978297036],[144.704663573047,-37.71750091189929],[144.70464917843455,-37.71752749198681],[144.70463371665755,-37.717553691138306],[144.70461720366598,-37.71757948232558],[144.70461441907156,-37.71758349762518],[144.70461146462637,-37.71758743558388],[144.70460834373046,-37.71759129166962],[144.70460505997565,-37.71759506144456],[144.704601617141,-37.717598740570146],[144.70459801918895,-37.71760232481215],[144.70459427026006,-37.71760581004558],[144.70459037466898,-37.717609192259395],[144.70458633689896,-37.717612467561054],[144.704582161597,-37.71761563218112],[144.70457785356825,-37.71761868247749],[144.7045734177708,-37.71762161493973],[144.70456885930963,-37.717624426192835],[144.7045641834309,-37.717627113001484],[144.70455939551607,-37.71762967227346],[144.7045545010753,-37.71763210106339],[144.70454950574154,-37.71763439657602],[144.70454441526377,-37.7176365561695],[144.70453923550045,-37.717638577358436],[144.70453397241286,-37.717640457816664],[144.7045286320582,-37.71764219538002],[144.7045232205825,-37.7176437880488],[144.70451774421372,-37.71764523399001],[144.70451220925443,-37.71764653153959],[144.70450662207475,-37.71764767920419],[144.70450180661996,-37.71764854090493],[144.70449696171926,-37.7176492912571],[144.70444456761294,-37.717656780662466],[144.7042351713916,-37.71768671227522],[144.70421689875027,-37.71768908023798],[144.70419853853173,-37.71769097306677],[144.70418011030952,-37.71769238874366],[144.70416163372963,-37.71769332575943],[144.7041431284896,-37.717693783115166],[144.70412461431764,-37.71769376032328],[144.7041061109513,-37.717693257408115],[144.7040876381168,-37.7176922749058],[144.7040692155076,-37.7176908138638],[144.7040508627638,-37.71768887583973],[144.70347170235652,-37.71762005465647],[144.70319909794023,-37.717619541862064],[144.70310561717227,-37.71760843311617],[144.7028735192579,-37.71759147050127],[144.7026408508139,-37.71758049846128],[144.70240785678624,-37.71757552854537],[144.70217478246335,-37.71757656598388],[144.70214104756442,-37.71775568922411],[144.70218836019816,-37.71776131199718],[144.7023504035567,-37.71778252078035],[144.70251158635764,-37.71780752772282],[144.70267968418355,-37.71783360721871],[144.70284867970537,-37.71785572514191],[144.7041765007226,-37.71801351151859],[144.70418221781813,-37.71801427017012],[144.7041878990583,-37.718015183102004],[144.70419353784726,-37.718016249254354],[144.7041991276384,-37.71801746738937],[144.70420466194201,-37.71801883609284],[144.70421013433287,-37.71802035377566],[144.70421553845756,-37.71802201867584],[144.70422086804183,-37.71802382886043],[144.70422611689818,-37.71802578222787],[144.70423127893267,-37.71802787651023],[144.7042363481522,-37.71803010927615],[144.70424131867148,-37.71803247793335],[144.70424618471972,-37.718034979731875],[144.7042509406475,-37.718037611767116],[144.7042555809332,-37.71804037098337],[144.7042601001894,-37.7180432541771],[144.70426449316935,-37.71804625800104],[144.70426875477276,-37.71804937896773],[144.704272880052,-37.718052613453736],[144.70427686421746,-37.718055957703854],[144.70428070264376,-37.71805940783543],[144.70428439087425,-37.71806295984288],[144.70428792462707,-37.71806660960235],[144.7042912997995,-37.718070352876495],[144.7042945124729,-37.71807418531939],[144.70429755891735,-37.71807810248159],[144.70430043559597,-37.718082099815284],[144.70430313916887,-37.718086172679584],[144.70430566649725,-37.71809031634595],[144.70430801464678,-37.71809452600356],[144.70431018089133,-37.71809879676505],[144.70431216271575,-37.71810312367208],[144.70431395781927,-37.7181075017011],[144.7043155641176,-37.71811192576929],[144.7043155641176,-37.71811192576929],[144.70431688295267,-37.71811606372472],[144.70431803660557,-37.71812023270423],[144.70432775421918,-37.71815819960177],[144.70434357301676,-37.718220003862314],[144.70434716494583,-37.718235404276015],[144.70435008068634,-37.718250894578496],[144.70435231671266,-37.71826645604103],[144.70435387032072,-37.71828206984879],[144.70435473963178,-37.71829771712372],[144.70435492359428,-37.718313378947194],[144.70435442198547,-37.718329036383096],[144.70435323541125,-37.71834467050048],[144.70435136530594,-37.718360262396686],[144.70434881393015,-37.718375793220005],[144.7043455843683,-37.71839124419265],[144.70434168052464,-37.71840659663328],[144.70433710711896,-37.718421831979725],[144.7042687704166,-37.718633128718274],[144.70423910775335,-37.71872910816292],[144.7042120481589,-37.71882557175171],[144.7041983631763,-37.71905695557709],[144.7041803348327,-37.719236853698746],[144.70417025597203,-37.719417143247476],[144.70416813903975,-37.719597602634664],[144.70414935273766,-37.719749444202876],[144.70412405779047,-37.71990068845878],[144.70409228359213,-37.72005115941412],[144.7040540670764,-37.72020068197944],[144.70400945267434,-37.72034908216786],[144.70361946502348,-37.721554849488456],[144.70329857882174,-37.72242022509814],[144.70314338787568,-37.72290002019013],[144.7031020792885,-37.72303645282431],[144.70306610328734,-37.72317383510099],[144.703061212092,-37.72319295759498],[144.70305580061765,-37.72321199145507],[144.70305453226348,-37.723215968297616],[144.7030531125137,-37.72321991272518],[144.70305154267683,-37.72322382110232],[144.70304982419972,-37.7232276898268],[144.70304795866625,-37.723231515332905],[144.70304594779574,-37.72323529409469],[144.70304594779574,-37.72323529409469],[144.7030434648506,-37.723239566154824],[144.70304079616335,-37.72324376696162],[144.70303794496976,-37.72324789142177],[144.70303491472674,-37.72325193453451],[144.70303170910827,-37.723255891397784],[144.7030283320011,-37.723259757213945],[144.7030247874997,-37.7232635272959],[144.7030210799018,-37.72326719707253],[144.7030172137025,-37.72327076209437],[144.7030131935896,-37.72327421803898],[144.70300902443722,-37.72327756071612],[144.70300471130028,-37.72328078607295],[144.70300025940833,-37.7232838901988],[144.7029956741591,-37.723286869330046],[144.702990961112,-37.72328971985459],[144.7029861259815,-37.7232924383163],[144.7029811746299,-37.723295021419105],[144.7029761130606,-37.723297466031106],[144.7029709474106,-37.72329976918829],[144.702965683943,-37.72330192809815],[144.70296032903957,-37.7233039401431],[144.70295488919297,-37.723305802883594],[144.70294937099888,-37.72330751406111],[144.70294378114772,-37.72330907160094],[144.7029381264172,-37.72331047361458],[144.70293241366335,-37.7233117184022],[144.70292664981275,-37.72331280445447],[144.7029208418539,-37.723313730454635],[144.70291499682875,-37.72331449527993],[144.70290912182404,-37.723315098003035],[144.70290322396315,-37.723315537893185],[144.70289731039705,-37.723315814417006],[144.70289158144772,-37.723315926144345],[144.70288585101116,-37.72331588454336],[144.70288012558981,-37.72331568966126],[144.70287441168017,-37.72331534171915],[144.7028687157659,-37.72331484111186],[144.70286304431008,-37.72331418840744],[144.70285740374803,-37.723313384346504],[144.70285180048018,-37.72331242984142],[144.7028462408645,-37.723311325975274],[144.70284073120945,-37.723310074000594],[144.7028352777668,-37.72330867533802],[144.70282988672463,-37.72330713157459],[144.70282456420006,-37.72330544446199],[144.70253670662123,-37.7232097048969],[144.70251848995326,-37.72320393810094],[144.7025000331569,-37.723198675049005],[144.70248135830292,-37.723193922034724],[144.70246248772304,-37.723189684741776],[144.702427117956,-37.72318226474341],[144.70240824753486,-37.72317802747843],[144.70238957284155,-37.72317327449474],[144.70237111620787,-37.723168011476076],[144.7023528997047,-37.72316224471618],[144.70110757336107,-37.7227480452278],[144.70105851070463,-37.722841113438754],[144.7022833987232,-37.72324851535957],[144.70229696797838,-37.723253194593774],[144.70231037896124,-37.723258153369656],[144.7026560262433,-37.723390341289814],[144.70266943727643,-37.72339530002631],[144.70268300658452,-37.72339997921756],[144.70283388021403,-37.7234501584324],[144.7028387558873,-37.7234518516988],[144.70284356250502,-37.72345366525864],[144.70284829536442,-37.723455597337576],[144.70285294983506,-37.72345764604534],[144.70285752136314,-37.72345980937753],[144.70286200547605,-37.723462085217605],[144.70286639778664,-37.723464471338986],[144.70287119695968,-37.7234672682532],[144.7028758700137,-37.7234701968111],[144.70288041122808,-37.72347325342761],[144.70288481504357,-37.723476434360855],[144.70288907606903,-37.72347973571683],[144.70289318908826,-37.7234831534541],[144.7028971490661,-37.72348668338874],[144.70290095115485,-37.723490321199485],[144.7029045907001,-37.723494062433005],[144.70290806324627,-37.72349790250938],[144.70291136454236,-37.72350183672765],[144.702914490547,-37.723505860271636],[144.70291743743334,-37.72350996821579],[144.70292020159386,-37.723514155531255],[144.7029227796447,-37.72351841709205],[144.70292516842977,-37.7235227476812],[144.7029273650248,-37.72352714199734],[144.7029293667407,-37.72353159466099],[144.70293117112695,-37.7235361002213],[144.70293277597472,-37.72354065316268],[144.7029341793192,-37.72354524791149],[144.7029353794425,-37.72354987884291],[144.7029363748754,-37.723554540287864],[144.7029371643993,-37.72355922653991],[144.70293774704754,-37.72356393186219],[144.7029381221069,-37.72356865049456],[144.70293828911818,-37.72357337666054],[144.70293824787694,-37.72357810457446],[144.70293799843347,-37.72358282844845],[144.70293754109332,-37.72358754249971],[144.70293687641612,-37.72359224095729],[144.70293600521558,-37.723596918069454],[144.70292930291797,-37.72362901144109],[144.70278571807356,-37.72431560065943],[144.70277449217656,-37.72456297565979],[144.70225145122583,-37.72706734835505],[144.70214934311355,-37.72754574294795],[144.70202557521782,-37.72802090083829],[144.70201986629132,-37.72804091368273],[144.7020184645548,-37.72804544659486],[144.7020168665523,-37.72804993835214],[144.7020150741904,-37.72805438359543],[144.70201308960753,-37.72805877702102],[144.70201091517148,-37.72806311338706],[144.70200855347662,-37.728067387519765],[144.70200600734066,-37.72807159431963],[144.7020032798014,-37.72807572876745],[144.70200037411306,-37.728079785930355],[144.7019972937425,-37.72808376096769],[144.70199404236482,-37.72808764913677],[144.70199062385933,-37.72809144579858],[144.70198704230467,-37.72809514642326],[144.701983301974,-37.72809874659555],[144.70197940732996,-37.72810224201999],[144.70197536301933,-37.7281056285262],[144.70197117386738,-37.72810890207363],[144.7019668448722,-37.72811205875657],[144.7019623811988,-37.72811509480874],[144.70195778817285,-37.72811800660779],[144.7019530712744,-37.7281207906796],[144.70194823613116,-37.728123443702444],[144.70194328851204,-37.728125962510944],[144.70193823432012,-37.72812834409989],[144.70193307958564,-37.728130585627774],[144.7019278304588,-37.72813268442018],[144.70192249320237,-37.72813463797299],[144.70191707418437,-37.72813644395542],[144.70191157987026,-37.7281381002127],[144.70190601681543,-37.728139604768714],[144.7019003916573,-37.72814095582838],[144.70189471110726,-37.72814215177971],[144.7018889819429,-37.72814319119581],[144.70188321099977,-37.728144072836514],[144.70187740516334,-37.728144795649925],[144.70187157136056,-37.728145358773645],[144.70186571655194,-37.72814576153581],[144.70185984772294,-37.72814600345588],[144.7018539718757,-37.7281460842452],[144.70184809602083,-37.72814600380741],[144.7018422271689,-37.72814576223847],[144.70183637232216,-37.728145359826584],[144.70183053846617,-37.72814479705188],[144.70182695486903,-37.72814437041341],[144.7014094805423,-37.72809105158973],[144.70139006695314,-37.7280888448786],[144.70137056891025,-37.728087172619034],[144.7013510097297,-37.72808603681073],[144.70133141280044,-37.72808543881186],[144.7012948360117,-37.728084825458126],[144.70127523924253,-37.728084227456996],[144.70125568022303,-37.72808309164867],[144.70123618234248,-37.72808141939144],[144.70121676891722,-37.72807921268504],[144.7006501268728,-37.72800683960037],[144.7006299575126,-37.728106457857315],[144.70117472084843,-37.72817603661165],[144.70118929513617,-37.728178053270426],[144.70120379823834,-37.7281803711791],[144.7015788893272,-37.72824437221625],[144.70159339245706,-37.72824669007778],[144.70160796677274,-37.72824870668557],[144.70172190152243,-37.728263257988786],[144.70172770668864,-37.72826408161349],[144.7017334724308,-37.72826506453319],[144.70173919182207,-37.72826620556699],[144.7017448579915,-37.7282675033441],[144.70175046413178,-37.7282689563054],[144.70175600350794,-37.72827056270538],[144.70176146946508,-37.72827232061414],[144.7017668554366,-37.72827422791976],[144.70177215495195,-37.728276282330924],[144.70177736164445,-37.72827848137946],[144.70178246925886,-37.72828082242353],[144.7017874716591,-37.72828330265066],[144.70179239125957,-37.728285934865106],[144.70179719234423,-37.72828870168991],[144.70180186907714,-37.72829159976196],[144.70180641577343,-37.72829462555846],[144.7018108269064,-37.72829777540147],[144.70181509711415,-37.7283010454622],[144.70181922120605,-37.728304431765785],[144.70182319416907,-37.728307930196],[144.70182701117386,-37.72831153650037],[144.70183066758065,-37.728315246295296],[144.70183415894493,-37.7283190550713],[144.70183748102278,-37.72832295819875],[144.701840629776,-37.72832695093313],[144.70184360137716,-37.72833102842115],[144.70184639221404,-37.72833518570642],[144.70184899889432,-37.72833941773561],[144.7018514182494,-37.72834371936447],[144.7018536473384,-37.728348085364196],[144.70185568345173,-37.72835251042771],[144.70185752411436,-37.728356989176206],[144.70185916708886,-37.72836151616547],[144.7018606103781,-37.72836608589279],[144.7018618522276,-37.72837069280347],[144.70186289112792,-37.7283753312976],[144.70186372581603,-37.72837999573684],[144.7018643552774,-37.72838468045137],[144.70186477874682,-37.728389379746716],[144.70186499570954,-37.72839408791063],[144.70186500590168,-37.72839879922015],[144.70186480931093,-37.72840350794848],[144.70186440617616,-37.7284082083719],[144.7018637969874,-37.72841289477681],[144.70186298248507,-37.7284175614667],[144.7018619636592,-37.72842220276896],[144.70174978592658,-37.72875021834011],[144.70162685721223,-37.72907579437642],[144.70157756977594,-37.72929958828682],[144.7015633580484,-37.729333411879445],[144.70152635121985,-37.72946017819101],[144.70149457490578,-37.72958783652768],[144.7014543009133,-37.72971958434457],[144.70141902213254,-37.72985223260564],[144.70138877035765,-37.729985661864895],[144.7013635728566,-37.730119751972346],[144.70134345234646,-37.73025438218236],[144.70133294142016,-37.73032894625626],[144.701315297308,-37.73048395893335],[144.70130656517375,-37.7305479181236],[144.70129496361847,-37.730611588942544],[144.70128050742647,-37.73067489021216],[144.701235501125,-37.73083794145725],[144.7012003050253,-37.73096298647943],[144.70116966054158,-37.73108878511456],[144.70114359315008,-37.73121523287477],[144.70112212452557,-37.731342224732636],[144.70110918116137,-37.731416925488794],[144.701092917606,-37.73149121568895],[144.7010788336752,-37.73154942611906],[144.70106296162106,-37.73162149182949],[144.70105012414015,-37.73169393781939],[144.7009271351118,-37.73248314833617],[144.70091738351613,-37.73255556534307],[144.70091066413238,-37.73262819953365],[144.70090698437588,-37.732700970845315],[144.70089858460844,-37.73298434512475],[144.700897169332,-37.7331683446078],[144.70090382907452,-37.73335227148414],[144.70091855580492,-37.73353590229286],[144.70094133169064,-37.733719013930894],[144.70097212911966,-37.73390138392443],[144.7010109107331,-37.73408279069904],[144.7010576294707,-37.73426301384898],[144.70109196253986,-37.73438468096286],[144.70116944381707,-37.734370890252656],[144.70113511062527,-37.73424922315787],[144.70109143207358,-37.73408159321942],[144.70105470344606,-37.733912915223584],[144.70102496425676,-37.73374337086044],[144.70100224649056,-37.733573142752014],[144.70098657456884,-37.733402414255586],[144.7009779653234,-37.733231369266136],[144.70097642797842,-37.733060192018286],[144.7009819641409,-37.73288906688784],[144.70099456779909,-37.732718178193224],[144.70101422532903,-37.73254770999692],[144.70120368370715,-37.731331954995575],[144.70122606027152,-37.73120388813667],[144.70125318339046,-37.73107640122174],[144.7012850294358,-37.730949605196905],[144.7013215706696,-37.730823610406404],[144.70136277526836,-37.73069852649668],[144.70159891595748,-37.730051993043375],[144.701854022206,-37.72941002116535],[144.70204035772963,-37.72894057050872],[144.70220532791583,-37.72846610384678],[144.70221218184216,-37.728444843479316],[144.7022137390816,-37.72844032524304],[144.70221549255834,-37.72843585259164],[144.70221744016516,-37.72843143089992],[144.70221957956147,-37.72842706548165],[144.70222190817628,-37.728422761582834],[144.70222442321125,-37.728418524375606],[144.7022271216439,-37.72841435895196],[144.7022300002314,-37.72841027031756],[144.70223305551448,-37.72840626338587],[144.70223628382146,-37.728402342972146],[144.70223968127289,-37.72839851378764],[144.70224324378574,-37.72839478043394],[144.70224696707896,-37.7283911473976],[144.70225084667806,-37.72838761904451],[144.70225487792084,-37.72838419961481],[144.70225905596283,-37.728380893217675],[144.70226337578313,-37.728377703826524],[144.7022678321905,-37.72837463527413],[144.7022724198295,-37.72837169124806],[144.70227713318707,-37.72836887528621],[144.702281966599,-37.72836619077261],[144.70228691425686,-37.72836364093332],[144.7022919702149,-37.728361228832554],[144.70229712839725,-37.72835895736896],[144.70230238260513,-37.728356829272236],[144.70230772652445,-37.728354847099816],[144.70231315373331,-37.72835301323365],[144.7023186577096,-37.72835132987762],[144.7023242318392,-37.728349799054605],[144.70232986942338,-37.728348422604256],[144.70233556368734,-37.72834720218067],[144.7023413077882,-37.7283461392505],[144.70234709482307,-37.728345235091055],[144.70235291783757,-37.72834449078895],[144.70235876983395,-37.728343907238546],[144.70236464377982,-37.72834348514118],[144.70237025408045,-37.728343233646505],[144.7023758717777,-37.72834312944118],[144.7023814907436,-37.72834317263881],[144.70238710484875,-37.72834336319235],[144.70239270796912,-37.72834370089391],[144.7023982939927,-37.728344185375114],[144.70240385682598,-37.72834481610751],[144.70278131793677,-37.728392677655464],[144.70280073474987,-37.728394866911984],[144.70282023525755,-37.72839652163466],[144.70283979613998,-37.72839763984467],[144.70285939400532,-37.72839822020477],[144.7028959718254,-37.72839880061926],[144.702915569533,-37.728399380963175],[144.70293513026027,-37.7284004991418],[144.7029546306167,-37.72840215381805],[144.70297404728393,-37.728404343013324],[144.70430736183053,-37.728573391866306],[144.70432738630524,-37.72847375499818],[144.70301595695707,-37.72830748112428],[144.70300137975508,-37.72830547762368],[144.70298687330956,-37.72830317280533],[144.70261169069167,-37.728239509101776],[144.70259718427354,-37.72823720423624],[144.70258260709932,-37.72823520068462],[144.70250752484074,-37.72822568038212],[144.70250189537245,-37.728224889319186],[144.7024963025445,-37.72822394848134],[144.70249075267182,-37.72822285893083],[144.70248525202055,-37.72822162189788],[144.70247980680168,-37.72822023877924],[144.70247442316327,-37.728218711136556],[144.702469107184,-37.728217040694695],[144.7024638648661,-37.72821522933978],[144.7024587021286,-37.72821327911698],[144.70245362480082,-37.728211192228265],[144.70244863861546,-37.728208971029964],[144.7024437492025,-37.72820661803003],[144.70243896208243,-37.72820413588519],[144.70243428266042,-37.72820152739808],[144.70242971621997,-37.72819879551389],[144.70242526791696,-37.72819594331718],[144.702420942774,-37.72819297402837],[144.70241674567464,-37.72818989100005],[144.70241268135766,-37.72818669771331],[144.7024086046917,-37.72818326747644],[144.70240468124402,-37.72817972631986],[144.70240091579535,-37.728176078558505],[144.70239731293395,-37.72817232863724],[144.70239387704993,-37.72816848112541],[144.70239061232994,-37.728164540711255],[144.70238752275208,-37.72816051219622],[144.70238461208092,-37.728156400489134],[144.70238188386324,-37.72815221060014],[144.70237934142338,-37.72814794763474],[144.70237698785928,-37.72814361678736],[144.7023748260387,-37.72813922333521],[144.70237285859585,-37.72813477263177],[144.70237108792804,-37.72813027010032],[144.70236951619287,-37.728125721227194],[144.70236814530548,-37.72812113155532],[144.70236697693616,-37.72811650667721],[144.70236601250875,-37.72811185222837],[144.70236525319814,-37.72810717388032],[144.70236469992966,-37.72810247733364],[144.70236435337745,-37.72809776831115],[144.7023642139637,-37.72809305255087],[144.70236428185822,-37.728088335798965],[144.70236455697835,-37.72808362380288],[144.70236503898866,-37.72807892230426],[144.70236572730192,-37.72807423703189],[144.7023666210793,-37.72806957369482],[144.70236771923172,-37.72806493797538],[144.70236771923172,-37.72806493797538],[144.7023683355354,-37.72806266410742],[144.7024567958138,-37.72773019375736],[144.70253486537362,-37.72739608581279],[144.70254204575573,-37.727166894350404],[144.7025539240244,-37.727105422516956],[144.70325090530108,-37.72376809776236],[144.70325186734584,-37.72376390222275],[144.70325299558388,-37.7237597328851],[144.70325428889151,-37.72375559390179],[144.7032557459806,-37.72375148939504],[144.70325736540008,-37.7237474234527],[144.70325914553692,-37.72374340012421],[144.70326108461828,-37.72373942341655],[144.70326111336306,-37.723739367156476]]]},"properties":{"LAYER":"POLY_PAVEMENT_ROAD","LAYER_TYPE":"fill"}},{"type":"Feature","geometry":{"type":"Polygon","coordinates":[[[144.70281270704686,-37.72335166890805],[144.70281896925056,-37.7233537843151],[144.70280586904107,-37.72335523276337],[144.70279913894004,-37.72334708552502],[144.7028033117534,-37.72334849159333],[144.70280333025616,-37.72334828554203],[144.70280334153352,-37.72334807690991],[144.70280334569702,-37.72334786642557],[144.70280334285837,-37.723347654817594],[144.70280333312934,-37.72334744281463],[144.70280331662158,-37.72334723114533],[144.70280329344683,-37.723347020538235],[144.7028032637167,-37.723346811722045],[144.70280322754303,-37.72334660542535],[144.7028031850374,-37.72334640237673],[144.70280313631156,-37.72334620330482],[144.70280308125382,-37.72334600808603],[144.70280301864094,-37.72334581218662],[144.70280294840168,-37.72334561520734],[144.7028028706944,-37.72334541760566],[144.7028027856773,-37.72334521983909],[144.7028026935089,-37.72334502236508],[144.7028025943473,-37.723344825641135],[144.7028024883509,-37.72334463012476],[144.70280237567798,-37.72334443627338],[144.7028022564869,-37.72334424454448],[144.70280213093594,-37.72334405539558],[144.7028019991834,-37.72334386928418],[144.70280186224397,-37.723343687216314],[144.7028017209268,-37.72334350979293],[144.7028015750562,-37.72334333684566],[144.7028014244566,-37.72334316820607],[144.7028012689523,-37.72334300370569],[144.7028011083678,-37.723342843176106],[144.7028009425274,-37.7233426864489],[144.70280077125554,-37.72334253335565],[144.7028005943766,-37.72334238372791],[144.70280041171486,-37.72334223739724],[144.70280022309484,-37.72334209419522],[144.7028000283409,-37.72334195395344],[144.7027998273169,-37.723341816565004],[144.70279962060548,-37.72334168283348],[144.70279940886343,-37.72334155322672],[144.70279919262484,-37.723341427966744],[144.70279897242395,-37.723341307275575],[144.7027987487949,-37.723341191375276],[144.70279852227173,-37.72334108048793],[144.70279829338867,-37.72334097483558],[144.70279806267988,-37.72334087464024],[144.7027978306794,-37.723340780123976],[144.70279759792146,-37.72334069150883],[144.7027973664171,-37.723340612984444],[144.70277988443758,-37.72333470746926],[144.70278077217242,-37.72333304942719],[144.70280412335683,-37.723340933919125],[144.70280445717253,-37.72334104347312],[144.7028047895439,-37.72334116126583],[144.70280511962457,-37.723341286861476],[144.7028054465682,-37.72334141982429],[144.70280576952848,-37.72334155971859],[144.70280608765916,-37.72334170610858],[144.70280640011387,-37.723341858558506],[144.7028067060463,-37.72334201663265],[144.70280700461012,-37.723342179895226],[144.70280729495906,-37.72334234791051],[144.70280757624678,-37.723342520242745],[144.7028078501077,-37.723342697989416],[144.70280812022546,-37.72334288343371],[144.70280838618197,-37.72334307626324],[144.70280864748145,-37.72334327611714],[144.70280890362824,-37.723343482634526],[144.70280915412658,-37.723343695454474],[144.7028093984807,-37.723343914216166],[144.70280963619496,-37.72334413855866],[144.70280986677352,-37.72334436812111],[144.70281008972083,-37.723344602542596],[144.70281030454098,-37.72334484146222],[144.70281051058578,-37.72334508408989],[144.70281070719173,-37.723345329055505],[144.7028108944064,-37.72334557642351],[144.70281107231494,-37.72334582634721],[144.70281124100256,-37.72334607897989],[144.70281140055437,-37.72334633447483],[144.70281155105562,-37.72334659298533],[144.7028116925915,-37.72334685466467],[144.7028118252471,-37.72334711966618],[144.70281194910766,-37.723347388143104],[144.7028120642583,-37.72334766024873],[144.70281217078428,-37.72334793613639],[144.7028122687687,-37.72334821595737],[144.70281235771887,-37.72334849918648],[144.7028124371881,-37.72334878495801],[144.7028125071501,-37.72334907273527],[144.70281256757835,-37.723349361981434],[144.70281261844636,-37.723349652159726],[144.70281265972773,-37.72334994273344],[144.702812691396,-37.72335023316573],[144.70281271342475,-37.72335052291992],[144.70281272578748,-37.72335081145916],[144.7028127284578,-37.72335109824671],[144.70281272140915,-37.72335138274583],[144.70281270461524,-37.72335166441971],[144.70281270704686,-37.72335166890805]]]},"properties":{"LAYER":"POLY_LINEMARKING_P1","LAYER_TYPE":"fill"}},{"type":"Feature","geometry":{"type":"Polygon","coordinates":[[[144.70296681992608,-37.72372081556406],[144.70297403976846,-37.72370352112553],[144.70297353709663,-37.72372173586915],[144.70297130176527,-37.72372142961126],[144.702963590422,-37.72375694032424],[144.70296134391307,-37.72375663253482],[144.7029690552573,-37.723721121822024],[144.70296681992608,-37.72372081556406]]]},"properties":{"LAYER":"POLY_LINEMARKING_P1","LAYER_TYPE":"fill"}},{"type":"Feature","geometry":{"type":"Polygon","coordinates":[[[144.70305263014532,-37.723737259159854],[144.70305376790594,-37.72373192997954],[144.70305858087363,-37.723741715675835],[144.70305016499674,-37.723748805717165],[144.70305091881772,-37.72374525544199],[144.70305066219177,-37.723745288948514],[144.7030504040816,-37.72374532863652],[144.70305014535353,-37.72374537425062],[144.70304988687388,-37.723745425535526],[144.70304962950908,-37.72374548223585],[144.7030493741255,-37.72374554409626],[144.7030491215894,-37.72374561086146],[144.70304887276734,-37.72374568227606],[144.70304862852552,-37.72374575808472],[144.70304838973033,-37.723745838032166],[144.70304815724825,-37.72374592186296],[144.70304793095363,-37.723746009692114],[144.7030477055783,-37.72374610351662],[144.7030474806498,-37.72374620348403],[144.7030472566917,-37.72374630936597],[144.7030470342274,-37.72374642093394],[144.70304681378053,-37.72374653795947],[144.70304659587455,-37.72374666021418],[144.70304638103295,-37.7237467874696],[144.7030461697793,-37.72374691949725],[144.70304596263705,-37.72374705606872],[144.70304576012973,-37.72374719695552],[144.7030455627809,-37.723747341929275],[144.70304537158714,-37.723747489972475],[144.7030451870968,-37.72374764032066],[144.70304500914426,-37.72374779314854],[144.7030448375641,-37.72374794863091],[144.70304467219069,-37.723748106942516],[144.70304451285858,-37.72374826825811],[144.70304435940227,-37.72374843275249],[144.7030442116562,-37.72374860060035],[144.7030440694549,-37.72374877197653],[144.70304393263277,-37.72374894705573],[144.70304380102436,-37.72374912601277],[144.70304367446414,-37.723749309022374],[144.70304355285273,-37.723749496214474],[144.7030434370392,-37.723749686952544],[144.7030433274439,-37.72374988062054],[144.70304322421492,-37.72375007675428],[144.70304312750022,-37.72375027488954],[144.7030430374478,-37.7237504745621],[144.70304295420573,-37.72375067530778],[144.70304287792194,-37.723750876662315],[144.70304280874447,-37.72375107816153],[144.70304274682135,-37.723751279341215],[144.7030426923006,-37.72375147973711],[144.70304264984628,-37.72375167682352],[144.70303947359423,-37.72376655411811],[144.70303723718172,-37.72376625287473],[144.70304147529396,-37.72374638169582],[144.70304153201192,-37.72374609836109],[144.70304159915423,-37.72374581423099],[144.70304167638355,-37.72374553006054],[144.70304176336262,-37.72374524660473],[144.70304185975417,-37.72374496461855],[144.70304196522088,-37.72374468485696],[144.70304207942547,-37.723744408075],[144.70304220203067,-37.72374413502762],[144.70304233269923,-37.723743866469825],[144.70304247109374,-37.72374360315661],[144.70304261687704,-37.723743345842976],[144.7030427710139,-37.72374309301144],[144.70304293544575,-37.72374284128619],[144.7030431098871,-37.723742591062795],[144.70304329401097,-37.723742342807974],[144.70304348749045,-37.72374209698845],[144.70304368999857,-37.723741854070994],[144.70304390120842,-37.72374161452229],[144.70304412079304,-37.72374137880913],[144.70304434842546,-37.72374114739825],[144.70304458377885,-37.723740920756384],[144.70304482652617,-37.72374069935025],[144.70304507585027,-37.72374048386412],[144.70304533022713,-37.72374027512838],[144.70304558972472,-37.72374007309137],[144.70304585451106,-37.723739877651724],[144.70304612475405,-37.7237396887081],[144.70304640062164,-37.72373950615905],[144.70304668228184,-37.72373932990327],[144.70304696990257,-37.723739159839354],[144.70304726365183,-37.72373899586595],[144.70304756369745,-37.72373883788167],[144.70304787020757,-37.72373868578511],[144.7030481833501,-37.72373853947496],[144.70304850329097,-37.72373839885184],[144.7030488295014,-37.723738264418294],[144.7030491610248,-37.7237381367202],[144.70304949721012,-37.7237380159025],[144.70304983740607,-37.72373790211015],[144.70305018096147,-37.723737795488134],[144.70305052722506,-37.723737696181416],[144.70305087554576,-37.72373760433492],[144.70305122527225,-37.72373752009365],[144.70305157575345,-37.723737443602545],[144.70305192633808,-37.723737375006586],[144.70305227637496,-37.72373731445071],[144.70305262521293,-37.72373726207991],[144.70305263014532,-37.723737259159854]]]},"properties":{"LAYER":"POLY_LINEMARKING_P1","LAYER_TYPE":"fill"}},{"type":"Feature","geometry":{"type":"Polygon","coordinates":[[[144.7033060533946,-37.7232378707888],[144.70329883367936,-37.72325516525297],[144.70329933626243,-37.72323695050392],[144.70330157158094,-37.72323725675517],[144.70330928269706,-37.72320174601014],[144.70331152919115,-37.723202053792434],[144.7033038180761,-37.72323756453761],[144.7033060533946,-37.7232378707888]]]},"properties":{"LAYER":"POLY_LINEMARKING_P1","LAYER_TYPE":"fill"}},{"type":"Feature","geometry":{"type":"Polygon","coordinates":[[[144.7029360459087,-37.72371489558359],[144.70293265367147,-37.72372974276459],[144.70293488555603,-37.72373006449263],[144.70293941798917,-37.72371022688588],[144.7029394170846,-37.723710230365036],[144.70293948523775,-37.723709948624645],[144.70293954393074,-37.72370966331654],[144.70293959315697,-37.72370937524187],[144.70293963290987,-37.72370908520168],[144.7029396631829,-37.72370879399717],[144.70293968396936,-37.72370850242935],[144.7029396952628,-37.72370821129933],[144.7029396970566,-37.72370792140821],[144.70293968934416,-37.723707633557126],[144.70293967211887,-37.723707348547116],[144.70293964537424,-37.72370706717932],[144.70293960885365,-37.723706787765984],[144.70293956217915,-37.723706506607954],[144.70293950544962,-37.72370622415431],[144.70293943877232,-37.723705940932334],[144.70293936225454,-37.723705657469324],[144.70293927600358,-37.72370537429255],[144.70293918012666,-37.72370509192929],[144.70293907473106,-37.72370481090684],[144.70293895992415,-37.72370453175243],[144.70293883581314,-37.7237042549934],[144.70293870250535,-37.723703981156994],[144.7029385604757,-37.723703711107625],[144.70293841080104,-37.72370344603829],[144.7029382534396,-37.723703185882044],[144.702938088277,-37.72370293049817],[144.7029379151988,-37.72370267974587],[144.70293773409048,-37.72370243348441],[144.70293754483757,-37.72370219157309],[144.70293734732567,-37.72370195387111],[144.70293714144026,-37.72370172023775],[144.702936927067,-37.723701490532235],[144.70293670409126,-37.723701264613844],[144.70293647239873,-37.7237010423418],[144.70293623187587,-37.7237008235778],[144.70293598280446,-37.72370060893744],[144.70293572584976,-37.72370039919265],[144.70293546156194,-37.723700194655905],[144.70293519049105,-37.72369999563965],[144.70293491318725,-37.723699802456316],[144.70293463020064,-37.72369961541839],[144.70293434208136,-37.7236994348383],[144.70293404937948,-37.72369926102851],[144.70293375264518,-37.723699094301445],[144.70293345242854,-37.72369893496961],[144.70293314927966,-37.7236987833454],[144.70293284375418,-37.723698640019045],[144.70293405888347,-37.72369332162584],[144.70292533801666,-37.72370122043015],[144.70293021097334,-37.72371016320426],[144.70293102249695,-37.72370661696877],[144.70293124941628,-37.72370671789197],[144.70293147508085,-37.723706825028586],[144.7029316987855,-37.72370693790422],[144.70293191982518,-37.723707056044425],[144.7029321374948,-37.723707178974735],[144.70293235108923,-37.723707306220795],[144.70293255990342,-37.72370743730811],[144.7029327632322,-37.72370757176229],[144.70293296037056,-37.72370770910887],[144.70293315061343,-37.723707848873445],[144.70293333325566,-37.723707990581595],[144.70293350836593,-37.72370813437532],[144.7029336800414,-37.72370828355733],[144.70293384866292,-37.72370843839419],[144.70293401383626,-37.72370859852947],[144.7029341751671,-37.723708763606794],[144.70293433226118,-37.72370893326976],[144.7029344847242,-37.72370910716193],[144.702934632162,-37.723709284926926],[144.7029347741802,-37.72370946620829],[144.70293491038458,-37.72370965064971],[144.70293504038088,-37.723709837894695],[144.70293516377475,-37.723710027586854],[144.70293528006542,-37.7237102185],[144.70293538906517,-37.723710409767016],[144.70293549085474,-37.72371060159695],[144.70293558551475,-37.7237107941989],[144.70293567312598,-37.72371098778198],[144.70293575376905,-37.72371118255528],[144.7029358275247,-37.72371137872788],[144.7029358944736,-37.723711576508826],[144.7029359546965,-37.72371177610732],[144.702936008274,-37.723711977732364],[144.70293605528687,-37.72371218159305],[144.7029360958158,-37.72371238789851],[144.70293612989843,-37.72371259679774],[144.7029361570095,-37.72371280746262],[144.7029361770178,-37.723713019200176],[144.70293618998312,-37.72371323153391],[144.70293619596546,-37.72371344398735],[144.7029361950246,-37.723713656083994],[144.70293618722047,-37.72371386734736],[144.70293617261288,-37.72371407730085],[144.70293615126178,-37.72371428546806],[144.70293612322698,-37.72371449137246],[144.70293608856838,-37.723714694537556],[144.70293604734582,-37.72371489448684],[144.7029360459087,-37.72371489558359]]]},"properties":{"LAYER":"POLY_LINEMARKING_P1","LAYER_TYPE":"fill"}},{"type":"Feature","geometry":{"type":"Polygon","coordinates":[[[144.70337660841776,-37.723258752034624],[144.7033800005406,-37.723243904836146],[144.70337776866816,-37.723243583116925],[144.70337323638606,-37.72326342074674],[144.70337323729066,-37.723263417267596],[144.70337316913958,-37.723263699008335],[144.70337311044872,-37.72326398431673],[144.7033730612245,-37.72326427239166],[144.70337302147365,-37.723264562432036],[144.7033729912026,-37.72326485363677],[144.70337297041797,-37.72326514520477],[144.7033729591264,-37.72326543633489],[144.7033729573344,-37.723265726226096],[144.7033729650486,-37.72326601407725],[144.70337298227548,-37.72326629908724],[144.70337300902173,-37.72326658045502],[144.70337304554377,-37.72326685986827],[144.70337309221975,-37.723267141026206],[144.7033731489507,-37.723267423479726],[144.70337321562934,-37.72326770670149],[144.70337329214846,-37.723267990164295],[144.7033733784007,-37.72326827334081],[144.70337347427878,-37.723268555703754],[144.70337357967549,-37.72326883672589],[144.7033736944835,-37.723269115879916],[144.70337381859554,-37.72326939263854],[144.70337395190427,-37.723269666474515],[144.70337409393474,-37.723269936523394],[144.7033742436102,-37.72327020159222],[144.7033744009723,-37.72327046174789],[144.70337456613558,-37.72327071713121],[144.70337473921438,-37.723270967882904],[144.70337492032323,-37.72327121414368],[144.70337510957654,-37.72327145605433],[144.7033753070888,-37.723271693755606],[144.70337551297447,-37.72327192738823],[144.703375727348,-37.72327215709296],[144.70337595032387,-37.723272383010546],[144.7033761820165,-37.72327260528172],[144.70337642253935,-37.72327282404483],[144.70337667161076,-37.72327303868427],[144.7033769285653,-37.72327324842811],[144.703377192853,-37.72327345296385],[144.7033774639236,-37.72327365197912],[144.70337774122706,-37.72327384516138],[144.70337802421327,-37.723274032198255],[144.7033783123321,-37.72327421277725],[144.70337860503344,-37.72327438658593],[144.70337890176717,-37.72327455331186],[144.70337920198313,-37.723274712642564],[144.70337950513127,-37.723274864265605],[144.70337981065603,-37.72327500759078],[144.7033785955668,-37.7232803259902],[144.70338731633538,-37.7232724271486],[144.70338244334877,-37.72326348439193],[144.70338163185244,-37.723267030631646],[144.7033814049338,-37.72326692970932],[144.70338117926983,-37.7232668225736],[144.70338095556573,-37.72326670969885],[144.70338073452658,-37.72326659155948],[144.7033805168574,-37.72326646862999],[144.7033803032634,-37.72326634138478],[144.7033800944496,-37.72326621029825],[144.7033798911211,-37.72326607584487],[144.70337969398298,-37.723265938499026],[144.70337950374036,-37.72326579873516],[144.70337932109834,-37.723265657027696],[144.7033791459881,-37.72326551323464],[144.70337897431267,-37.72326536405326],[144.70337880569116,-37.723265209217054],[144.7033786405178,-37.72326504908237],[144.70337847918685,-37.72326488400563],[144.70337832209262,-37.72326471434328],[144.70337816962933,-37.72326454045166],[144.70337802219132,-37.7232643626872],[144.70337788017275,-37.72326418140633],[144.70337774396805,-37.723263996965414],[144.70337761397133,-37.7232638097209],[144.70337749057697,-37.723263620029165],[144.7033773742858,-37.72326342911643],[144.7033772652855,-37.72326323784981],[144.7033771634953,-37.72326304602021],[144.70337706883464,-37.72326285341856],[144.70337698122273,-37.72326265983577],[144.70337690057886,-37.723262465062746],[144.70337682682245,-37.72326226889038],[144.70337675987264,-37.72326207110963],[144.7033766996489,-37.72326187151134],[144.70337664607047,-37.72326166988646],[144.70337659905658,-37.72326146602588],[144.70337655852663,-37.72326125972054],[144.7033765244429,-37.7232610508214],[144.70337649733065,-37.72326084015659],[144.70337647732114,-37.72326062841907],[144.70337646435456,-37.72326041608531],[144.70337645837094,-37.723260203631824],[144.70337645931045,-37.72325999153513],[144.70337646711326,-37.72325978027173],[144.70337648171943,-37.72325957031807],[144.7033765030691,-37.72325936215073],[144.70337653110246,-37.72325915624615],[144.7033765657596,-37.72325895308088],[144.70337660698064,-37.723258753131354],[144.70337660841776,-37.723258752034624]]]},"properties":{"LAYER":"POLY_LINEMARKING_P1","LAYER_TYPE":"fill"}},{"type":"Feature","geometry":{"type":"Polygon","coordinates":[[[144.70347346051128,-37.723608431728046],[144.7034673878912,-37.72360599235628],[144.70348057999502,-37.72360523445325],[144.70348661785602,-37.72361371703253],[144.7034825710767,-37.72361209508385],[144.70348253547797,-37.72361229971428],[144.7034825068743,-37.72361250729901],[144.703482485215,-37.723612717105226],[144.70348247044905,-37.72361292839997],[144.7034824625256,-37.72361314045039],[144.70348246139392,-37.7236133525236],[144.703482467003,-37.723613563886715],[144.70348247930204,-37.723613773806825],[144.70348249824025,-37.723613981551054],[144.70348252376664,-37.723614186386534],[144.70348255583045,-37.723614387580334],[144.70348259453272,-37.72361458526167],[144.7034826407171,-37.723614784018636],[144.70348269442147,-37.72361498425323],[144.70348275552573,-37.72361518550073],[144.70348282391015,-37.7236153872963],[144.70348289945477,-37.723615589175196],[144.70348298203956,-37.72361579067259],[144.7034830715447,-37.72361599132372],[144.7034831678503,-37.72361619066378],[144.7034832708364,-37.72361638822799],[144.70348338038306,-37.723616583551554],[144.70348349637032,-37.72361677616969],[144.70348361786952,-37.723616965025236],[144.7034837441232,-37.72361714947612],[144.70348387529262,-37.72361732969966],[144.70348401153893,-37.72361750587305],[144.7034841530235,-37.7236176781736],[144.70348429990744,-37.723617846778595],[144.70348445235203,-37.723618011865284],[144.70348461051847,-37.723618173610994],[144.703484774568,-37.72361833219296],[144.70348494466188,-37.72361848778845],[144.7034851209613,-37.723618640574784],[144.70348530362747,-37.723618790729184],[144.70348549278725,-37.723618938365476],[144.70348568792625,-37.723619082651226],[144.70348588842793,-37.723619223085244],[144.7034860937778,-37.72361935941789],[144.70348630346132,-37.72361949139958],[144.70348651696398,-37.72361961878078],[144.7034867337713,-37.72361974131179],[144.7034869533688,-37.7236198587431],[144.70348717524186,-37.72361997082511],[144.7034873988761,-37.72362007730821],[144.7034876237569,-37.72362017794281],[144.70348784822613,-37.72362026844294],[144.70350480096326,-37.72362707835226],[144.70350377727343,-37.723628686193294],[144.70348113270842,-37.72361959366654],[144.7034808087315,-37.72361946683618],[144.703480486881,-37.72361933186088],[144.70348016796518,-37.723619189219896],[144.70347985279219,-37.723619039392375],[144.7034795421703,-37.72361888285754],[144.70347923690775,-37.72361872009461],[144.70347893781278,-37.7236185515828],[144.70347864569362,-37.72361837780132],[144.70347836135844,-37.72361819922937],[144.7034780856156,-37.723618016346144],[144.70347781927325,-37.72361782963085],[144.70347756079175,-37.72361763790268],[144.70347730668547,-37.723617438690084],[144.7034770573456,-37.723617232326724],[144.7034768132367,-37.72361701919868],[144.7034765748235,-37.72361679969209],[144.70347634257053,-37.72361657419302],[144.70347611694257,-37.723616343087635],[144.7034758984041,-37.72361610676199],[144.70347568741985,-37.72361586560223],[144.70347548445437,-37.72361561999443],[144.7034752899724,-37.72361537032474],[144.70347510455505,-37.72361511741557],[144.70347492875038,-37.723614862668825],[144.70347476251632,-37.7236146060177],[144.70347460578063,-37.72361434730479],[144.70347445847108,-37.72361408637261],[144.70347432051543,-37.72361382306383],[144.70347419184137,-37.72361355722095],[144.70347407237676,-37.723613288686565],[144.70347396204926,-37.723613017303244],[144.70347386078677,-37.723612742913595],[144.7034737685169,-37.72361246536014],[144.70347368516747,-37.723612184485525],[144.7034736106681,-37.72361190013438],[144.70347354546675,-37.72361161285657],[144.703473489937,-37.723611323539316],[144.70347344406068,-37.72361103271962],[144.70347340781944,-37.72361074093445],[144.70347338119507,-37.723610448720805],[144.70347336416935,-37.723610156615656],[144.70347335672406,-37.72360986515596],[144.70347335884085,-37.72360957487874],[144.7034733705015,-37.723609286320986],[144.70347339168782,-37.72360900001964],[144.70347342238148,-37.72360871651173],[144.70347346256432,-37.723608436334196],[144.70347346051128,-37.723608431728046]]]},"properties":{"LAYER":"POLY_LINEMARKING_P1","LAYER_TYPE":"fill"}},{"type":"Feature","geometry":{"type":"Polygon","coordinates":[[[144.70300517651205,-37.72373372538461],[144.70301239634708,-37.72371643094349],[144.70301189368436,-37.723734645687564],[144.70300965835247,-37.72373433943038],[144.70300194702577,-37.72376985014635],[144.7029997005162,-37.723769542357665],[144.70300741184394,-37.723734031641875],[144.70300517651205,-37.72373372538461]]]},"properties":{"LAYER":"POLY_LINEMARKING_P1","LAYER_TYPE":"fill"}},{"type":"Feature","geometry":{"type":"Polygon","coordinates":[[[144.70326032108017,-37.723237662136924],[144.7032591833437,-37.723242991320376],[144.70325437037812,-37.72323320563172],[144.70326278617532,-37.72322611557267],[144.70326203237093,-37.723229665850006],[144.70326228899498,-37.72322963234296],[144.70326254710326,-37.72322959265442],[144.70326280582944,-37.72322954703977],[144.70326306430712,-37.72322949575435],[144.70326332167,-37.723229439053476],[144.70326357705164,-37.72322937719253],[144.70326382958575,-37.72322931042683],[144.7032640784059,-37.723229239011715],[144.70326432264582,-37.72322916320251],[144.70326456143908,-37.72322908325459],[144.70326479391932,-37.723228999423284],[144.70326502021203,-37.72322891159363],[144.70326524558553,-37.72322881776865],[144.70326547051215,-37.72322871780074],[144.70326569446837,-37.72322861191833],[144.70326591693077,-37.7232285003499],[144.70326613737572,-37.72322838332385],[144.70326635527985,-37.72322826106867],[144.70326657011952,-37.72322813381279],[144.7032667813713,-37.72322800178467],[144.70326698851164,-37.72322786521275],[144.7032671910171,-37.72322772432548],[144.70326738836408,-37.723227579351295],[144.703267579556,-37.723227431307656],[144.7032677640446,-37.72322728095905],[144.70326794199536,-37.723227128130766],[144.70326811357387,-37.723226972648014],[144.7032682789456,-37.72322681433603],[144.70326843827604,-37.72322665302005],[144.70326859173073,-37.72322648852534],[144.7032687394752,-37.7232263206771],[144.703268881675,-37.72322614930058],[144.70326901849552,-37.723225974221045],[144.70326915010244,-37.72322579526371],[144.70326927666113,-37.723225612253785],[144.70326939827103,-37.7232254250614],[144.70326951408316,-37.72322523432307],[144.70326962367704,-37.72322504065479],[144.7032697269046,-37.7232248445208],[144.703269823618,-37.72322464638529],[144.70326991366906,-37.7232244467125],[144.7032699969099,-37.72322424596663],[144.70327007319244,-37.72322404461187],[144.7032701423687,-37.72322384311247],[144.70327020429067,-37.72322364193264],[144.7032702588104,-37.72322344153656],[144.70327030126376,-37.72322324445002],[144.70327347744106,-37.72320836714568],[144.70327571383805,-37.723208668384096],[144.70327147582614,-37.72322853957614],[144.70327141910957,-37.72322882291104],[144.7032713519687,-37.72322910704134],[144.7032712747409,-37.723229391212016],[144.7032711877634,-37.72322967466807],[144.7032710913735,-37.723229956654514],[144.7032709859085,-37.723230236416356],[144.70327087170557,-37.72323051319862],[144.70327074910213,-37.72323078624632],[144.70327061843545,-37.72323105480445],[144.70327048004273,-37.72323131811801],[144.70327033426133,-37.723231575432],[144.70327018012637,-37.72323182826394],[144.7032700156965,-37.723232079989565],[144.70326984125714,-37.72323233021338],[144.70326965713537,-37.72323257846864],[144.70326946365807,-37.72323282428863],[144.70326926115212,-37.72323306720657],[144.7032690499445,-37.72323330675574],[144.7032688303622,-37.723233542469416],[144.703268602732,-37.72323377388082],[144.703268367381,-37.72323400052324],[144.70326812463608,-37.72323422192991],[144.70326787531445,-37.72323443741663],[144.70326762093995,-37.72323464615293],[144.70326736144474,-37.72323484819052],[144.7032670966608,-37.723235043630744],[144.70326682642028,-37.723235232575],[144.70326655055516,-37.72323541512465],[144.7032662688974,-37.72323559138104],[144.70326598127915,-37.72323576144558],[144.7032656875324,-37.72323592541965],[144.7032653874893,-37.723236083404586],[144.7032650809817,-37.72323623550178],[144.7032647678418,-37.72323638181261],[144.70326444790345,-37.72323652243644],[144.70326412169567,-37.72323665687065],[144.7032637901748,-37.72323678456946],[144.70326345399212,-37.72323690538787],[144.7032631137988,-37.72323701918093],[144.70326277024608,-37.72323712580367],[144.70326242398508,-37.723237225111106],[144.703262075667,-37.72323731695832],[144.7032617259431,-37.7232374012003],[144.70326137546448,-37.723237477692116],[144.70326102488238,-37.7232375462888],[144.70326067484794,-37.723237606845366],[144.70326032601247,-37.72323765921687],[144.70326032108017,-37.723237662136924]]]},"properties":{"LAYER":"POLY_LINEMARKING_P1","LAYER_TYPE":"fill"}},{"type":"Feature","geometry":{"type":"Polygon","coordinates":[[[144.70334392573488,-37.723249226953655],[144.70333670602702,-37.723266521420356],[144.70333720860103,-37.723248306670875],[144.70333944392013,-37.72324861292144],[144.7033471550197,-37.72321310217344],[144.70334940151432,-37.72321340995502],[144.70334169041575,-37.7232489207032],[144.70334392573488,-37.723249226953655]]]},"properties":{"LAYER":"POLY_LINEMARKING_P1","LAYER_TYPE":"fill"}},{"type":"Feature","geometry":{"type":"Polygon","coordinates":[[[144.70454581360585,-37.718236655053296],[144.70454753046474,-37.718231424661845],[144.70455125340402,-37.71824150579295],[144.70454209374404,-37.71824798756794],[144.7045432333737,-37.718244502818756],[144.7045429740704,-37.71824451846943],[144.70454271261178,-37.71824454017559],[144.70454244988878,-37.71824456774271],[144.70454218679242,-37.71824460097631],[144.70454192421366,-37.718244639681835],[144.70454166304341,-37.71824468366478],[144.70454140417274,-37.71824473273064],[144.70454114849255,-37.71824478668486],[144.7045408968939,-37.71824484533299],[144.70454065026763,-37.71824490848044],[144.70454040950477,-37.718244975932755],[144.70454017446778,-37.71824504779571],[144.70453993969002,-37.71824512569481],[144.70453970468486,-37.718245209744445],[144.70453946999868,-37.7182452997532],[144.70453923617805,-37.71824539552967],[144.70453900376947,-37.718245496882425],[144.70453877331946,-37.71824560362005],[144.70453854537448,-37.71824571555113],[144.70453832048105,-37.71824583248425],[144.70453809918567,-37.71824595422798],[144.70453788203483,-37.71824608059095],[144.70453766957507,-37.718246211381704],[144.7045374629106,-37.71824634565555],[144.70453726267118,-37.7182464826887],[144.7045370686729,-37.71824662264384],[144.70453688073164,-37.71824676568364],[144.7045366986635,-37.71824691197075],[144.70453652228434,-37.718247061667846],[144.70453635141024,-37.718247214937605],[144.70453618585722,-37.71824737194265],[144.70453602544117,-37.7182475328457],[144.70453586997806,-37.7182476978094],[144.70453571928394,-37.718247866996414],[144.7045355731748,-37.71824804056941],[144.70453543153747,-37.71824821865092],[144.70453529528726,-37.71824840066553],[144.7045351649105,-37.718248586028565],[144.7045350406055,-37.71824877428781],[144.70453492257047,-37.71824896499101],[144.70453481100373,-37.71824915768597],[144.7045347061035,-37.718249351920456],[144.704534608068,-37.71824954724221],[144.7045345170956,-37.718249743199024],[144.70453443338442,-37.7182499393387],[144.70453435713287,-37.718250135208926],[144.70453429326352,-37.71825032861581],[144.70452950036116,-37.71826493012441],[144.70452730557028,-37.718264475520044],[144.70453370301274,-37.71824497240231],[144.70453379053404,-37.71824469405919],[144.7045338885264,-37.71824441564389],[144.70453399657137,-37.718244137885264],[144.7045341142501,-37.71824386151211],[144.70453424114405,-37.71824358725328],[144.70453437683452,-37.718243315837604],[144.7045345209029,-37.71824304799389],[144.70453467293052,-37.71824278445098],[144.7045348324988,-37.71824252593769],[144.70453499918904,-37.71824227318288],[144.7045351725825,-37.718242026915334],[144.7045353538066,-37.71824178569003],[144.7045355451648,-37.71824154627807],[144.70453574632936,-37.71824130905376],[144.70453595692348,-37.71824107445948],[144.70453617657046,-37.71824084293764],[144.70453640489345,-37.718240614930544],[144.70453664151572,-37.71824039088068],[144.70453688606048,-37.71824017123035],[144.70453713815093,-37.718239956422],[144.70453739741026,-37.71823974689798],[144.70453766346176,-37.71823954310071],[144.70453793541637,-37.71823934565535],[144.7045382116652,-37.71823915528386],[144.70453849228159,-37.71823897193953],[144.7045387774439,-37.71823879553294],[144.70453906733053,-37.7182386259747],[144.70453936211987,-37.718238463175396],[144.70453966199045,-37.71823830704573],[144.7045399671205,-37.71823815749622],[144.70454027768858,-37.718238014437546],[144.70454059387308,-37.71823787778032],[144.70454091585233,-37.71823774743511],[144.70454124380478,-37.71823762331256],[144.70454157790678,-37.71823750532516],[144.7045419175763,-37.718237393937045],[144.70454226180095,-37.71823728962588],[144.70454260991605,-37.71823719249115],[144.7045429612571,-37.71823710263223],[144.7045433151595,-37.71823702014854],[144.70454367095874,-37.71823694513954],[144.70454402799035,-37.71823687770466],[144.7045443855896,-37.71823681794327],[144.70454474309204,-37.71823676595485],[144.7045450998331,-37.71823672183881],[144.7045454551482,-37.71823668569456],[144.70454580837284,-37.71823665762154],[144.70454581360585,-37.718236655053296]]]},"properties":{"LAYER":"POLY_LINEMARKING_P1","LAYER_TYPE":"fill"}},{"type":"Feature","geometry":{"type":"Polygon","coordinates":[[[144.70449774273138,-37.7182419264429],[144.70450682825174,-37.7182251962941],[144.70450433319462,-37.71824330731439],[144.7045021400288,-37.71824284778982],[144.70449057040878,-37.718277691255444],[144.70448836627622,-37.71827722943294],[144.70449993589716,-37.71824238596756],[144.70449774273138,-37.7182419264429]]]},"properties":{"LAYER":"POLY_LINEMARKING_P1","LAYER_TYPE":"fill"}},{"type":"Feature","geometry":{"type":"Polygon","coordinates":[[[144.70445936573887,-37.71823597171082],[144.70446845126688,-37.718219241565244],[144.70446595620075,-37.718237352584424],[144.70446376303536,-37.718236893059135],[144.70445219339865,-37.7182717365205],[144.70444998926655,-37.71827127469727],[144.70446155890417,-37.7182364312362],[144.70445936573887,-37.71823597171082]]]},"properties":{"LAYER":"POLY_LINEMARKING_P1","LAYER_TYPE":"fill"}},{"type":"Feature","geometry":{"type":"Polygon","coordinates":[[[144.70485383600655,-37.71766830958058],[144.70485247954898,-37.71767360636446],[144.70484807241357,-37.71766370086095],[144.70485677499718,-37.71765683321538],[144.7048558754794,-37.717660362016105],[144.70485613332667,-37.71766033519368],[144.70485639291178,-37.717660302231636],[144.70485665335838,-37.71766026336269],[144.70485691379014,-37.717660218819546],[144.70485717333068,-37.71766016883488],[144.70485743110376,-37.7176601136414],[144.70485768623288,-37.71766005347182],[144.7048579378418,-37.71765998855881],[144.7048581850542,-37.717659919135095],[144.70485842699358,-37.71765984543335],[144.70485866278372,-37.717659767686314],[144.7048588925548,-37.7176596857823],[144.7048591216539,-37.7176595978623],[144.70485935055936,-37.71765950379098],[144.7048595787386,-37.71765940378316],[144.704859805659,-37.71765929805352],[144.70486003078787,-37.71765918681678],[144.70486025359276,-37.71765907028768],[144.70486047354095,-37.71765894868095],[144.7048606900999,-37.717658822211284],[144.70486090273707,-37.71765869109346],[144.70486111091978,-37.717658555542165],[144.70486131411548,-37.71765841577213],[144.70486151128614,-37.717658272774386],[144.70486170185256,-37.71765812729877],[144.70486188598719,-37.71765797917492],[144.70486206386275,-37.71765782823248],[144.70486223565177,-37.71765767430112],[144.7048624015269,-37.717657517210384],[144.7048625616607,-37.71765735678997],[144.70486271622588,-37.71765719286947],[144.70486286539494,-37.71765702527854],[144.70486300934053,-37.717656853846805],[144.70486314823535,-37.717656678403905],[144.7048632822519,-37.717656498779455],[144.7048634114948,-37.71765631484618],[144.70486353508946,-37.717656127218234],[144.70486365259035,-37.71765593650038],[144.70486376383033,-37.717655743152726],[144.70486386864243,-37.71765554763539],[144.70486396685962,-37.71765535040851],[144.70486405831488,-37.71765515193219],[144.7048641428412,-37.71765495266657],[144.70486422027145,-37.71765475307176],[144.70486429043876,-37.7176545536079],[144.704864353176,-37.71765435473505],[144.70486440371792,-37.71765415885653],[144.7048681904912,-37.717639372000896],[144.70487041312322,-37.71763973117734],[144.704865359553,-37.717659481671774],[144.70486529120544,-37.717659763382144],[144.7048652124072,-37.717660045616626],[144.70486512352653,-37.71766032762944],[144.70486502493148,-37.7176606086747],[144.70486491699035,-37.71766088800665],[144.70486480007116,-37.7176611648794],[144.7048646745421,-37.71766143854719],[144.7048645407714,-37.717661708264146],[144.70486439912716,-37.71766197328447],[144.70486424997756,-37.7176622328623],[144.70486409369076,-37.71766248625186],[144.70486392924008,-37.717662734944724],[144.70486375454627,-37.7176629822644],[144.7048635699109,-37.71766322782304],[144.7048633756801,-37.71766347116264],[144.7048631721997,-37.717663711825224],[144.7048629598156,-37.71766394935277],[144.70486273887397,-37.717664183287255],[144.70486250972053,-37.71766441317074],[144.70486227270135,-37.717664638545166],[144.7048620281623,-37.71766485895257],[144.70486177644943,-37.717665073934945],[144.7048615184076,-37.717665282829664],[144.70486125559393,-37.71766548484631],[144.70486098793847,-37.71766568003478],[144.70486071526918,-37.717665868492006],[144.70486043741403,-37.71766605031499],[144.70486015420096,-37.71766622560061],[144.70485986545796,-37.71766639444589],[144.704859571013,-37.717666556947776],[144.70485927069407,-37.717666713203194],[144.7048589643291,-37.71766686330911],[144.70485865174606,-37.717667007362515],[144.70485833277297,-37.717667145460325],[144.70485800723978,-37.71766727769752],[144.7048576756957,-37.7176674035856],[144.7048573391192,-37.717667522603804],[144.70485699816697,-37.71766763462417],[144.7048566534958,-37.71766773951873],[144.70485630576246,-37.717667837159524],[144.7048559556237,-37.7176679274186],[144.70485560373623,-37.71766801016797],[144.70485525075696,-37.71766808527964],[144.70485489734247,-37.717668152625684],[144.7048545441497,-37.71766821207808],[144.70485419183532,-37.71766826350891],[144.70485384105604,-37.717668306790195],[144.70485383600655,-37.71766830958058]]]},"properties":{"LAYER":"POLY_LINEMARKING_P1","LAYER_TYPE":"fill"}},{"type":"Feature","geometry":{"type":"Polygon","coordinates":[[[144.7048996161694,-37.71765982414251],[144.7048916888022,-37.71767692182276],[144.7048929410201,-37.7176587298461],[144.7048951623676,-37.717659094004695],[144.70490433083924,-37.71762380252626],[144.7049065632925,-37.717624168505395],[144.70489739482184,-37.717659459984006],[144.7048996161694,-37.71765982414251]]]},"properties":{"LAYER":"POLY_LINEMARKING_P1","LAYER_TYPE":"fill"}},{"type":"Feature","geometry":{"type":"Polygon","coordinates":[[[144.7049390658755,-37.71766680565543],[144.70493113851637,-37.71768390333862],[144.70493239072488,-37.71766571136123],[144.70493461207278,-37.71766607551908],[144.70494378052692,-37.71763078403705],[144.70494601298063,-37.717631150015436],[144.7049368445275,-37.71766644149767],[144.7049390658755,-37.71766680565543]]]},"properties":{"LAYER":"POLY_LINEMARKING_P1","LAYER_TYPE":"fill"}},{"type":"Feature","geometry":{"type":"Polygon","coordinates":[[[144.7043855827058,-37.718317066982145],[144.7043823801811,-37.718331940712595],[144.70438461589248,-37.71833224447016],[144.70438889484691,-37.718312371390155],[144.7043888939868,-37.71831237487645],[144.70438895853945,-37.71831209260179],[144.70438901358776,-37.718311806835764],[144.70438905913508,-37.71831151837943],[144.70438909518518,-37.71831122803394],[144.70438912174177,-37.71831093660038],[144.70438913880838,-37.71831064487986],[144.70438914638865,-37.71831035367351],[144.7043891444862,-37.718310063782404],[144.70438913310477,-37.718309776007686],[144.70438911224792,-37.71830949115044],[144.70438908191926,-37.718309210011796],[144.7043890418408,-37.71830893090614],[144.70438899158742,-37.71830865013759],[144.70438893126374,-37.71830836815435],[144.7043888609837,-37.71830808548289],[144.70438878086136,-37.71830780264953],[144.70438869101062,-37.71830752018071],[144.70438859154555,-37.71830723860279],[144.70438848258007,-37.71830695844216],[144.7043883642282,-37.71830668022525],[144.70438823660396,-37.71830640447842],[144.70438809982127,-37.71830613172804],[144.70438795436618,-37.718305862834704],[144.70438780133048,-37.71830559898264],[144.70438764067157,-37.71830534010525],[144.70438747227334,-37.71830508606276],[144.70438729601946,-37.7183048367153],[144.70438711179378,-37.71830459192305],[144.70438691947993,-37.718304351546216],[144.70438671896179,-37.71830411544495],[144.70438651012304,-37.71830388347948],[144.70438629284754,-37.718303655509956],[144.70438606701902,-37.71830343139655],[144.70438583252118,-37.71830321099943],[144.70438558923885,-37.718302994181215],[144.70438533746153,-37.71830278155521],[144.7043850778644,-37.71830257388793],[144.70438481100135,-37.71830237148745],[144.70438453742656,-37.71830217466172],[144.70438425769396,-37.7183019837188],[144.70438397235762,-37.71830179896669],[144.70438368197154,-37.718301620713355],[144.70438338708973,-37.71830144926688],[144.70438308826635,-37.718301284935215],[144.7043827860553,-37.71830112802639],[144.70438248101067,-37.71830097884845],[144.70438217369548,-37.71830083798705],[144.7043833208681,-37.71829551008358],[144.70437470178229,-37.718303478649766],[144.7043796881542,-37.71831238177783],[144.704380454365,-37.71830882919066],[144.7043806825431,-37.71830892828335],[144.7043809095458,-37.71830903359929],[144.70438113466201,-37.71830914466971],[144.7043813571807,-37.718309261025894],[144.70438157639083,-37.71830938219912],[144.7043817915813,-37.7183095077206],[144.7043820020411,-37.718309637121585],[144.7043822070591,-37.7183097699334],[144.70438240592426,-37.71830990568727],[144.70438259792562,-37.718310043914485],[144.70438278235198,-37.71831018414627],[144.70438295927391,-37.7183103265241],[144.70438313283017,-37.71831047431756],[144.70438330340494,-37.71831062779019],[144.70438347059948,-37.71831078658873],[144.70438363401507,-37.71831095035996],[144.70438379325287,-37.71831111875068],[144.70438394791415,-37.718311291407694],[144.70438409760013,-37.71831146797774],[144.7043842419121,-37.71831164810762],[144.70438438045122,-37.7183118314441],[144.70438451281873,-37.71831201763403],[144.7043846386159,-37.71831220632412],[144.70438475732635,-37.71831239629229],[144.7043848687512,-37.71831258667294],[144.70438497297394,-37.71831277767451],[144.70438507007793,-37.71831296950539],[144.70438516014647,-37.71831316237407],[144.70438524326283,-37.71831335648896],[144.70438531951052,-37.71831355205846],[144.70438538897284,-37.718313749291035],[144.70438545173306,-37.71831394839511],[144.70438550787458,-37.718314149579086],[144.7043855574808,-37.718314353051426],[144.704385600635,-37.71831455902054],[144.7043856373768,-37.71831476763516],[144.7043856671704,-37.7183149780714],[144.70438568987578,-37.71831518963742],[144.70438570554668,-37.71831540185627],[144.70438571423696,-37.71831561425102],[144.70438571600036,-37.71831582634466],[144.70438571089065,-37.71831603766025],[144.7043856989617,-37.718316247720814],[144.7043856802672,-37.71831645604943],[144.70438565486106,-37.71831666216914],[144.70438562279696,-37.71831686560291],[144.70438558412874,-37.71831706587388],[144.7043855827058,-37.718317066982145]]]},"properties":{"LAYER":"POLY_LINEMARKING_P1","LAYER_TYPE":"fill"}},{"type":"Feature","geometry":{"type":"Polygon","coordinates":[[[144.7050088659132,-37.71753430698665],[144.7050106320573,-37.71751928262381],[144.705008373729,-37.71751911510429],[144.70500601394878,-37.71753918944693],[144.7050060144719,-37.71753918591871],[144.7050059771899,-37.7175394712806],[144.70500594971963,-37.717539759548316],[144.7050059319806,-37.717540049923294],[144.7050059238923,-37.71754034160697],[144.70500592537422,-37.71754063380076],[144.705005936346,-37.71754092570615],[144.7050059567271,-37.71754121652456],[144.70500598643696,-37.71754150545744],[144.70500602539516,-37.71754179170622],[144.70500607352122,-37.717542074472334],[144.70500613073463,-37.71754235295723],[144.70500619747438,-37.71754262882475],[144.70500627451884,-37.717542905734355],[144.70500636172082,-37.717543183245404],[144.7050064589161,-37.717543460839934],[144.70500656594052,-37.71754373799999],[144.70500668262991,-37.71754401420762],[144.70500680882017,-37.71754428894484],[144.7050069443471,-37.717544561693686],[144.7050070890465,-37.71754483193628],[144.70500724275428,-37.717545099154556],[144.70500740530625,-37.71754536283063],[144.7050075761353,-37.71754562213584],[144.70500775403914,-37.71754587595548],[144.70500793906666,-37.717546124353376],[144.70500813134706,-37.717546367461914],[144.70500833100968,-37.717546605413446],[144.70500853818385,-37.71754683834039],[144.70500875299894,-37.7175470663751],[144.70500897558412,-37.71754728964995],[144.70500920606887,-37.717547508297294],[144.70500944458237,-37.71754772244956],[144.70500969125402,-37.71754793223908],[144.7050099462131,-37.71754813779824],[144.7050102095876,-37.717548339257064],[144.70501048103011,-37.71754853602164],[144.7050107597939,-37.71754872736841],[144.70501104529708,-37.71754891302383],[144.70501133695757,-37.71754909271434],[144.70501163419345,-37.71754926616638],[144.7050119364228,-37.717549433106335],[144.70501224306363,-37.71754959326068],[144.70501255353392,-37.7175497463558],[144.7050128672518,-37.71754989211816],[144.70501318363517,-37.71755003027419],[144.70501350210222,-37.71755016055024],[144.7050138220352,-37.717550282396466],[144.70501318938653,-37.7175556642578],[144.70502101878844,-37.71754719704713],[144.70501519277366,-37.71753862169691],[144.70501476964594,-37.71754221034064],[144.70501453262654,-37.717542125350526],[144.705014296182,-37.71754203408409],[144.70501406106635,-37.71754193696571],[144.70501382803351,-37.71754183441968],[144.70501359783748,-37.71754172687032],[144.7050133712321,-37.717541614741975],[144.70501314897143,-37.71754149845898],[144.70501293180934,-37.71754137844563],[144.70501272049992,-37.717541255126285],[144.70501251579705,-37.71754112892523],[144.70501231845464,-37.71754100026683],[144.70501212838886,-37.71754086901429],[144.7050119411594,-37.71754073215805],[144.70501175635778,-37.717540589458714],[144.70501157441552,-37.7175404412443],[144.70501139576422,-37.71754028784286],[144.7050112208352,-37.71754012958242],[144.70501105006005,-37.717539966791065],[144.70501088387027,-37.717539799796825],[144.70501072269727,-37.717539628927746],[144.70501056697262,-37.71753945451185],[144.7050104171278,-37.71753927687723],[144.7050102735942,-37.717539096351906],[144.70501013700417,-37.71753891412319],[144.70501000763878,-37.71753873104212],[144.70500988539493,-37.717538546905885],[144.7050097701695,-37.71753836151173],[144.7050096618595,-37.7175381746569],[144.7050095603617,-37.717537986138574],[144.70500946557297,-37.717537795754005],[144.70500937739035,-37.71753760330042],[144.70500929571062,-37.717537408575005],[144.70500922043072,-37.71753721137504],[144.70500915144757,-37.71753701149768],[144.70500908865796,-37.71753680874019],[144.7050090320083,-37.71753660295668],[144.70500898211174,-37.717536394936175],[144.70500893917432,-37.71753618536002],[144.70500890318823,-37.71753597470709],[144.70500887414553,-37.71753576345617],[144.70500885203836,-37.71753555208608],[144.70500883685887,-37.71753534107568],[144.70500882859912,-37.717535130903784],[144.7050088272513,-37.717534922049225],[144.7050088328076,-37.717534714990826],[144.70500884526004,-37.71753451020743],[144.7050088646007,-37.71753430817783],[144.7050088659132,-37.71753430698665]]]},"properties":{"LAYER":"POLY_LINEMARKING_P1","LAYER_TYPE":"fill"}},{"type":"Feature","geometry":{"type":"Polygon","coordinates":[[[144.70185887647082,-37.72851283339128],[144.70185387326973,-37.728527390425384],[144.7018560616813,-37.72852786491016],[144.70186274655433,-37.72850841497424],[144.70186274527265,-37.72850841837786],[144.70186284398142,-37.72850814240421],[144.70186293365532,-37.728507862223715],[144.70186301420014,-37.72850757863401],[144.70186308552175,-37.728507292432695],[144.70186314752604,-37.7285070044174],[144.7018632001188,-37.728506715385734],[144.70186324320585,-37.72850642613531],[144.70186327669308,-37.72850613746379],[144.7018633004863,-37.728505850168716],[144.7018633144914,-37.72850556504776],[144.70186331861416,-37.7285052828985],[144.70186331278362,-37.72850500202191],[144.70186329702761,-37.72850471870669],[144.70186327139564,-37.72850443340709],[144.70186323593688,-37.72850414665581],[144.70186319070052,-37.7285038589855],[144.70186313573586,-37.72850357092889],[144.70186307109202,-37.72850328301865],[144.7018629968183,-37.72850299578745],[144.70186291296395,-37.72850270976803],[144.70186281957805,-37.728502425493005],[144.70186271670994,-37.728502143495106],[144.70186260473835,-37.72850186466825],[144.70186248460553,-37.72850159027517],[144.70186235627727,-37.72850132024633],[144.70186221965488,-37.72850105443361],[144.70186207463988,-37.728500792688884],[144.70186192113346,-37.72850053486406],[144.7018617590371,-37.728500280811026],[144.70186158825206,-37.72850003038167],[144.70186140867978,-37.72849978342786],[144.7018612202215,-37.728499539801504],[144.7018610227788,-37.728499299354475],[144.70186081625278,-37.72849906193869],[144.7018606005457,-37.72849882740847],[144.7018603758709,-37.72849859639656],[144.70186014280677,-37.72849836971788],[144.70185990186718,-37.728498147721666],[144.70185965356612,-37.7284979307571],[144.7018593984174,-37.72849771917342],[144.70185913693504,-37.72849751331988],[144.70185886963287,-37.72849731354568],[144.70185859702477,-37.728497120200025],[144.70185831962476,-37.728496933632144],[144.70185803794666,-37.728496754191276],[144.70185775250434,-37.728496582226654],[144.70185746378687,-37.728496418364536],[144.70185925597747,-37.7284912039045],[144.70184970376087,-37.72849847121682],[144.70185358070637,-37.72850771636119],[144.70185477700224,-37.72850423951605],[144.70185499204246,-37.72850435571242],[144.70185520515307,-37.728504478012205],[144.70185541568355,-37.728504605894074],[144.7018556229833,-37.72850473883677],[144.70185582640164,-37.72850487631903],[144.70185602528804,-37.728505017819515],[144.7018562189919,-37.72850516281701],[144.70185640686256,-37.728505310790176],[144.70185658824948,-37.72850546121774],[144.70185676250208,-37.728505613578434],[144.70185692896968,-37.72850576735098],[144.70185708770532,-37.72850592268159],[144.70185724242964,-37.728506083143124],[144.70185739349301,-37.72850624902747],[144.7018575405416,-37.72850641995236],[144.70185768322153,-37.72850659553547],[144.70185782117903,-37.72850677539464],[144.7018579540603,-37.72850695914757],[144.70185808151138,-37.72850714641198],[144.70185820317852,-37.72850733680562],[144.7018583187079,-37.72850752994624],[144.70185842774566,-37.728507725451614],[144.70185852993802,-37.728507922939414],[144.70185862491996,-37.72850812115356],[144.70185871259937,-37.72850831921722],[144.7018587930339,-37.72850851734428],[144.7018588662809,-37.72850871574863],[144.701858932398,-37.728508914644095],[144.7018589914427,-37.72850911424453],[144.70185904347252,-37.72850931476384],[144.701859088545,-37.728509516415855],[144.70185912671775,-37.72850971941449],[144.70185915804817,-37.72850992397354],[144.70185918259386,-37.728510130306965],[144.70185920041234,-37.728510338628524],[144.70185921152486,-37.72851054908934],[144.70185921549864,-37.728510760828186],[144.7018592122787,-37.72851097314566],[144.70185920197682,-37.728511185571215],[144.70185918470477,-37.72851139763426],[144.70185916057426,-37.72851160886424],[144.70185912969706,-37.728511818790594],[144.701859092185,-37.728512026942724],[144.70185904814974,-37.72851223285008],[144.701858997703,-37.7285124360421],[144.70185894095673,-37.7285126360482],[144.70185887802253,-37.728512832397826],[144.70185887647082,-37.72851283339128]]]},"properties":{"LAYER":"POLY_LINEMARKING_P1","LAYER_TYPE":"fill"}},{"type":"Feature","geometry":{"type":"Polygon","coordinates":[[[144.7017417280197,-37.728181107559514],[144.70174844100924,-37.72818199542137],[144.7017361348409,-37.72818584749116],[144.70172718320967,-37.72817918385749],[144.70173165535948,-37.72817977205105],[144.70173161240987,-37.72817956831266],[144.70173156167323,-37.728179363413744],[144.70173150347355,-37.728179158041655],[144.7017314381349,-37.72817895288381],[144.70173136598146,-37.72817874862759],[144.7017312873371,-37.7281785459604],[144.701731202526,-37.72817834556962],[144.70173111187222,-37.72817814814266],[144.70173101569972,-37.72817795436687],[144.7017309143327,-37.7281777649297],[144.70173080809508,-37.728177580518505],[144.70173069684185,-37.728177401033946],[144.70173057804303,-37.72817722229741],[144.70173045151145,-37.72817704393409],[144.70173031753617,-37.728176866359135],[144.70173017640647,-37.72817668998767],[144.70173002841148,-37.728176515234885],[144.70172987384043,-37.72817634251589],[144.70172971298243,-37.72817617224585],[144.7017295461267,-37.728176004839895],[144.70172937356244,-37.72817584071317],[144.70172919557882,-37.728175680280835],[144.70172901246502,-37.72817552395806],[144.70172882550497,-37.72817537253342],[144.70172863566287,-37.72817522644013],[144.70172844271818,-37.72817508554722],[144.70172824645033,-37.72817494972376],[144.70172804663895,-37.728174818838816],[144.7017278430634,-37.72817469276139],[144.70172763550315,-37.728174571360555],[144.70172742373768,-37.72817445450537],[144.70172720754655,-37.72817434206487],[144.70172698670916,-37.72817423390809],[144.70172676100498,-37.728174129904104],[144.70172653021353,-37.728174029921945],[144.70172629417095,-37.72817393388313],[144.70172605368109,-37.728173842460045],[144.70172580952087,-37.72817375598488],[144.70172556227516,-37.72817367457379],[144.7017253125289,-37.72817359834298],[144.70172506086695,-37.728173527408586],[144.7017248078742,-37.728173461886875],[144.70172455413558,-37.72817340189394],[144.70172430023598,-37.728173347546004],[144.70172404676026,-37.728173298959234],[144.70172379429334,-37.72817325624981],[144.70172354602917,-37.7281732231149],[144.70170480560375,-37.728170744495706],[144.7017051782219,-37.728168967215915],[144.70173020926168,-37.728172274406866],[144.70173056615775,-37.72817231861464],[144.70173092408606,-37.72817237110009],[144.7017312820953,-37.728172431597564],[144.7017316392338,-37.728172499841385],[144.70173199455,-37.72817257556593],[144.7017323470923,-37.728172658505486],[144.70173269590927,-37.72817274839444],[144.70173304004928,-37.7281728449671],[144.70173337856073,-37.72817294795782],[144.70173371049216,-37.728173057100975],[144.7017340348919,-37.72817317213083],[144.70173435367343,-37.72817329380929],[144.7017346710927,-37.728173423668366],[144.70173498665093,-37.72817356148245],[144.70173529975946,-37.72817370699323],[144.70173560982977,-37.728173859942444],[144.70173591627315,-37.728174020071705],[144.70173621850103,-37.72817418712281],[144.70173651592475,-37.728174360837436],[144.7017368079558,-37.728174540957255],[144.70173709400547,-37.72817472722397],[144.70173737348517,-37.72817491937932],[144.70173764553098,-37.72817511677616],[144.7017379090929,-37.7281753182066],[144.7017381642362,-37.72817552372439],[144.7017384110889,-37.7281757334626],[144.7017386497792,-37.72817594755439],[144.70173888043522,-37.72817616613285],[144.7017391031851,-37.7281763893311],[144.70173931815697,-37.72817661728224],[144.70173952547896,-37.72817685011938],[144.70173972527914,-37.728177087975595],[144.70173991768579,-37.72817733098409],[144.70174010282688,-37.728177579277876],[144.7017402808281,-37.72817783298856],[144.7017404510551,-37.728178091697586],[144.7017406128178,-37.7281783546468],[144.7017407659317,-37.72817862131939],[144.70174091021246,-37.72817889119855],[144.7017410454755,-37.72817916376748],[144.7017411715364,-37.72817943850933],[144.70174128821085,-37.7281797149073],[144.70174139531417,-37.72817999244458],[144.7017414926621,-37.728180270604334],[144.70174158007006,-37.728180548869794],[144.70174165735372,-37.72818082672409],[144.70174172432857,-37.72818110365043],[144.7017417280197,-37.728181107559514]]]},"properties":{"LAYER":"POLY_LINEMARKING_P1","LAYER_TYPE":"fill"}},{"type":"Feature","geometry":{"type":"Polygon","coordinates":[[[144.70193157690662,-37.728518892265],[144.70194066109542,-37.72850216127878],[144.70193816848675,-37.728520272491984],[144.7019359749492,-37.728519813181876],[144.7019244091112,-37.728554657676774],[144.7019222046051,-37.72855419606983],[144.7019337704441,-37.72851935157517],[144.70193157690662,-37.728518892265]]]},"properties":{"LAYER":"POLY_LINEMARKING_P1","LAYER_TYPE":"fill"}},{"type":"Feature","geometry":{"type":"Polygon","coordinates":[[[144.7023672519645,-37.727980360178435],[144.70237162918258,-37.72796567646374],[144.70236942174358,-37.72796526134179],[144.7023635732566,-37.72798488053771],[144.70236357439182,-37.72798487710146],[144.70236348755265,-37.727985155580896],[144.70236340992315,-37.72798543802077],[144.7023633415633,-37.7279857236214],[144.70236328253307,-37.727986011583084],[144.7023632328923,-37.72798630110615],[144.70236319270114,-37.72798659139086],[144.70236316201942,-37.72798688163754],[144.7023631409071,-37.72798717104651],[144.70236312942427,-37.72798745881801],[144.70236312763078,-37.72798774415242],[144.70236313558664,-37.727988026249996],[144.70236315343556,-37.72798830680693],[144.70236318130839,-37.72798858953306],[144.70236321913643,-37.72798887397577],[144.70236326684767,-37.72798915960399],[144.70236332437008,-37.72798944588668],[144.70236339163168,-37.72798973229282],[144.70236346856052,-37.72799001829134],[144.70236355508453,-37.727990303351156],[144.70236365113178,-37.72799058694123],[144.70236375663023,-37.72799086853057],[144.7023638715079,-37.72799114758807],[144.70236399534807,-37.72799142323055],[144.7023641271549,-37.72799169422144],[144.7023642669656,-37.72799196062936],[144.70236441488507,-37.727992222599646],[144.70236457101825,-37.72799248027764],[144.70236473547004,-37.72799273380873],[144.7023649083453,-37.727992983338304],[144.7023650897491,-37.7279932290117],[144.70236527978625,-37.727993470974276],[144.70236547856166,-37.72799370937138],[144.7023656861804,-37.72799394434843],[144.7023659027472,-37.727994176050736],[144.7023661283663,-37.727994404621214],[144.70236636279728,-37.727994629433304],[144.70236660542727,-37.72799484968816],[144.7023668557276,-37.72799506505062],[144.70236711316986,-37.727995275185535],[144.70236737722536,-37.72799547975779],[144.7023676473656,-37.72799567843224],[144.70236792306204,-37.727995870873684],[144.70236820378616,-37.72799605674704],[144.70236848900933,-37.72799623571715],[144.70236877820304,-37.72799640744885],[144.70236907083876,-37.72799657160702],[144.70236936640092,-37.727996727578905],[144.7023677984415,-37.72800198741693],[144.70237703402674,-37.72799446638593],[144.70237276364554,-37.72798533126302],[144.7023717168618,-37.727988838400464],[144.702371496974,-37.72798872807748],[144.7023712787534,-37.72798861160254],[144.70237106287263,-37.72798848947904],[144.70237085000406,-37.72798836221043],[144.70237064082036,-37.72798823030013],[144.70237043599394,-37.72798809425149],[144.70237023619742,-37.72798795456798],[144.7023700421032,-37.72798781175297],[144.70236985438393,-37.72798766630989],[144.70236967371207,-37.727987518742125],[144.7023695007601,-37.727987369553155],[144.702369335469,-37.72798721859817],[144.70236917396716,-37.72798706240693],[144.70236901589203,-37.72798690069718],[144.70236886161365,-37.7279867338414],[144.70236871150195,-37.727986562212095],[144.70236856592692,-37.72798638618175],[144.7023684252586,-37.72798620612283],[144.70236828986688,-37.727986022407826],[144.70236816012184,-37.727985835409264],[144.7023680363934,-37.72798564549958],[144.7023679190516,-37.727985453051275],[144.70236780846642,-37.72798525843683],[144.70236770505625,-37.7279850629018],[144.70236760895077,-37.72798486731998],[144.70236752008333,-37.72798467147918],[144.7023674383873,-37.72798447516722],[144.70236736379596,-37.727984278171895],[144.70236729624273,-37.72798408028105],[144.70236723566097,-37.72798388128242],[144.70236718198393,-37.7279836809639],[144.70236713514504,-37.72798347911324],[144.70236709507762,-37.727983275518284],[144.70236706171502,-37.72798306996682],[144.70236703499057,-37.72798286224666],[144.70236701487667,-37.72798265220742],[144.7023670018426,-37.72798244069817],[144.70236699597328,-37.727982228416394],[144.7023669971771,-37.72798201583537],[144.70236700536256,-37.727981803428484],[144.70236702043812,-37.72798159166896],[144.70236704231223,-37.72798138103019],[144.70236707089325,-37.72798117198545],[144.70236710608978,-37.727980965008086],[144.7023671478101,-37.72798076057137],[144.70236719596278,-37.727980559148634],[144.70236725045618,-37.72798036121321],[144.7023672519645,-37.727980360178435]]]},"properties":{"LAYER":"POLY_LINEMARKING_P1","LAYER_TYPE":"fill"}},{"type":"Feature","geometry":{"type":"Polygon","coordinates":[[[144.7019784695343,-37.72851233403412],[144.7019801858228,-37.72850710349011],[144.70198391082604,-37.72851718423166],[144.70197475090836,-37.72852366687929],[144.70197589015746,-37.72852018202888],[144.70197563082098,-37.72852019770471],[144.70197536932983,-37.728520219436234],[144.70197510657508,-37.72852024702883],[144.70197484344774,-37.72852028028787],[144.7019745808389,-37.72852031901883],[144.7019743196397,-37.72852036302703],[144.70197406074104,-37.72852041211794],[144.7019738050341,-37.728520466096846],[144.70197355340994,-37.728520524769266],[144.7019733067596,-37.728520587940544],[144.70197306597413,-37.72852065541605],[144.70197283091593,-37.72852072730168],[144.70197259611805,-37.72852080522337],[144.7019723610935,-37.72852088929565],[144.70197212638905,-37.728520979326966],[144.70197189255111,-37.7285210751259],[144.70197166012625,-37.72852117650095],[144.70197142966106,-37.7285212832607],[144.70197120170207,-37.72852139521361],[144.70197097679582,-37.72852151216829],[144.70197075548882,-37.728521633933205],[144.70197053832766,-37.72852176031693],[144.70197032585892,-37.728521891128],[144.70197011918677,-37.728522025421555],[144.70196991894102,-37.728522162473794],[144.70196972493767,-37.72852230244742],[144.7019695369927,-37.7285224455051],[144.70196935492208,-37.728522591809515],[144.70196917854187,-37.72852274152335],[144.7019690076679,-37.72852289480928],[144.70196884211634,-37.72852305183002],[144.70196868170308,-37.728523212748215],[144.70196852624406,-37.72852337772655],[144.70196837555534,-37.72852354692777],[144.70196822945292,-37.72852372051445],[144.70196808782356,-37.72852389860928],[144.70196795158273,-37.728524080636625],[144.7019678212167,-37.728524266011824],[144.70196769692362,-37.72852445428264],[144.70196757890182,-37.72852464499679],[144.70196746734942,-37.728524837702075],[144.70196736246473,-37.728525031946205],[144.70196726444593,-37.72852522727697],[144.70196717349117,-37.72852542324209],[144.70196708979879,-37.72852561938935],[144.70196701356693,-37.728525815266465],[144.7019669497186,-37.728526008679005],[144.70196215840863,-37.72854061061351],[144.70195996324662,-37.7285401562237],[144.70196635856166,-37.72852065253758],[144.701966446052,-37.728520374186715],[144.701966544015,-37.728520095762676],[144.7019666520319,-37.7285198179943],[144.70196676968422,-37.728519541610495],[144.7019668965533,-37.728519267340104],[144.70196703222055,-37.72851899591195],[144.70196717626746,-37.72851872805498],[144.70196732827532,-37.728518464498],[144.70196748782567,-37.728518205969934],[144.7019676544998,-37.72851795319958],[144.70196782787914,-37.72851770691585],[144.7019680090909,-37.72851746567359],[144.70196820043844,-37.72851722624369],[144.70196840159406,-37.72851698900048],[144.701968612181,-37.72851675438637],[144.7019688318224,-37.72851652284379],[144.70196906014158,-37.72851629481514],[144.70196929676177,-37.72851607074288],[144.70196954130623,-37.728515851069396],[144.7019697933981,-37.7285156362371],[144.70197005266078,-37.72851542668847],[144.70197031871737,-37.72851522286587],[144.70197059067885,-37.728515025394614],[144.70197086693628,-37.72851483499681],[144.70197114756286,-37.728514651625694],[144.7019714327371,-37.72851447519186],[144.70197172263735,-37.72851430560589],[144.7019720174421,-37.7285141427784],[144.70197231732968,-37.728513986619994],[144.7019726224786,-37.72851383704127],[144.70197293306722,-37.72851369395278],[144.701973249274,-37.728513557265195],[144.70197357127736,-37.72851342688904],[144.7019738992557,-37.72851330273496],[144.7019742333853,-37.72851318471541],[144.70197457308427,-37.728513073294565],[144.70197491734004,-37.728512968950234],[144.70197526548793,-37.72851287178192],[144.7019756168633,-37.728512781889094],[144.70197597080156,-37.72851269937124],[144.7019763266381,-37.72851262432786],[144.7019766837082,-37.72851255685843],[144.70197704134733,-37.728512497062454],[144.7019773988908,-37.72851244503942],[144.70197775567397,-37.728512400888846],[144.70197811103222,-37.72851236471014],[144.701978464301,-37.72851233660285],[144.7019784695343,-37.72851233403412]]]},"properties":{"LAYER":"POLY_LINEMARKING_P1","LAYER_TYPE":"fill"}},{"type":"Feature","geometry":{"type":"Polygon","coordinates":[[[144.70229452665083,-37.72797458354152],[144.70228616384207,-37.72799155012947],[144.70228787985545,-37.72797338208048],[144.70229009176737,-37.72797378190117],[144.70230015952268,-37.72793864526434],[144.70230238249317,-37.72793904708384],[144.70229231473888,-37.72797418372094],[144.70229452665083,-37.72797458354152]]]},"properties":{"LAYER":"POLY_LINEMARKING_P1","LAYER_TYPE":"fill"}},{"type":"Feature","geometry":{"type":"Polygon","coordinates":[[[144.70233540976773,-37.72797975124888],[144.70232704696747,-37.72799671783999],[144.70232876297115,-37.727978549790095],[144.70233097488347,-37.72797894961002],[144.7023410426204,-37.7279438129691],[144.70234326559134,-37.727944214787875],[144.70233319785535,-37.72797935142901],[144.70233540976773,-37.72797975124888]]]},"properties":{"LAYER":"POLY_LINEMARKING_P1","LAYER_TYPE":"fill"}},{"type":"Feature","geometry":{"type":"Polygon","coordinates":[[[144.70224579379882,-37.72798271344142],[144.70224430236905,-37.72798798730106],[144.70224014811333,-37.72797801295301],[144.70224902522912,-37.72797128674543],[144.70224803579052,-37.72797480034083],[144.70224829430435,-37.72797477767231],[144.7022485547124,-37.727974748893445],[144.7022488161325,-37.72797471422276],[144.70224907768247,-37.727974673878826],[144.70224933847996,-37.72797462808016],[144.70224959764295,-37.72797457704534],[144.7022498542891,-37.72797452099288],[144.70225010753623,-37.72797446014137],[144.70225035650208,-37.727974394709335],[144.70225060030452,-37.727974324915316],[144.70225083806133,-37.72797425097788],[144.7022510699054,-37.72797417278753],[144.7022513012311,-37.727974088571564],[144.70225153251997,-37.72797399820253],[144.70225176323396,-37.72797390188649],[144.7022519928351,-37.72797379982957],[144.7022522207853,-37.72797369223789],[144.7022524465466,-37.727973579317556],[144.70225266958084,-37.72797346127468],[144.7022528893501,-37.72797333831541],[144.70225310531632,-37.727973210645814],[144.7022533169414,-37.72797307847204],[144.70225352368738,-37.72797294200013],[144.7022537244911,-37.72797280220429],[144.70225391875408,-37.72797265982482],[144.70225410665338,-37.727972514694216],[144.70225428836576,-37.72797236664489],[144.70225446406832,-37.72797221550935],[144.70225463393786,-37.72797206111994],[144.70225479815147,-37.727971903309175],[144.702254956886,-37.727971741909464],[144.70225511031842,-37.72797157675326],[144.70225525862574,-37.72797140767302],[144.70225540198481,-37.72797123450115],[144.70225554057257,-37.72797105707013],[144.70225567449697,-37.72797087525436],[144.70225580286765,-37.72797068965383],[144.70225592522374,-37.727970500865986],[144.70225604138645,-37.727970309348194],[144.70225615117704,-37.72797011555775],[144.7022562544167,-37.72796991995201],[144.7022563509268,-37.72796972298833],[144.7022564405285,-37.72796952512403],[144.70225652304302,-37.72796932681645],[144.70225659829174,-37.72796912852293],[144.70225666609585,-37.72796893070079],[144.70225672162914,-37.72796873567614],[144.70226088519956,-37.72795401281731],[144.7022630985229,-37.7279544076776],[144.70225754167225,-37.727974072762784],[144.7022574661459,-37.72797435331496],[144.70225738015628,-37.72797463422306],[144.7022572840905,-37.72797491474729],[144.70225717833569,-37.72797519414793],[144.70225706327906,-37.7279754716852],[144.70225693930774,-37.72797574661938],[144.70225680680886,-37.72797601821072],[144.70225666616963,-37.72797628571947],[144.70225651777716,-37.72797654840588],[144.70225636201855,-37.727976805530176],[144.70225619928107,-37.72797705635265],[144.7022560285,-37.72797730234806],[144.70225584751154,-37.727977546805775],[144.70225565662713,-37.727977789342916],[144.70225545620448,-37.72797802950706],[144.70225524660108,-37.727978266845945],[144.70225502817465,-37.72797850090718],[144.70225480128266,-37.72797873123845],[144.70225456628287,-37.727978957387414],[144.70225432353277,-37.72797917890176],[144.70225407339007,-37.72797939532912],[144.7022538162123,-37.72797960621717],[144.70225355286124,-37.72797981091697],[144.70225328491404,-37.727980008663394],[144.7022530122995,-37.727980199505126],[144.7022527348431,-37.727980383536405],[144.70225245237035,-37.72798056085132],[144.70225216470672,-37.72798073154411],[144.7022518716778,-37.72798089570889],[144.70225157310904,-37.72798105343985],[144.70225126882596,-37.72798120483117],[144.70225095865408,-37.72798134997697],[144.7022506424189,-37.72798148897147],[144.70225031994593,-37.7279816219088],[144.70224999106279,-37.72798174888123],[144.70224965633105,-37.72798186940915],[144.7022493167424,-37.727981982987636],[144.70224897295677,-37.727982089499335],[144.70224862563407,-37.72798218882691],[144.7022482754344,-37.727982280852956],[144.70224792301778,-37.7279823654601],[144.702247569044,-37.727982442530944],[144.7022472141732,-37.72798251194814],[144.70224685906535,-37.72798257359432],[144.7022465043804,-37.727982627352084],[144.70224615077834,-37.72798267310406],[144.70224579891917,-37.72798271073286],[144.70224579379882,-37.72798271344142]]]},"properties":{"LAYER":"POLY_LINEMARKING_P1","LAYER_TYPE":"fill"}},{"type":"Feature","geometry":{"type":"Polygon","coordinates":[[[144.70189120888188,-37.72851373487539],[144.7019002930789,-37.728497003892585],[144.70189780046064,-37.7285151151046],[144.70189560692356,-37.72851465579377],[144.70188404106776,-37.72854950028412],[144.7018818365621,-37.72854903867643],[144.70189340241885,-37.72851419418631],[144.70189120888188,-37.72851373487539]]]},"properties":{"LAYER":"POLY_LINEMARKING_P1","LAYER_TYPE":"fill"}},{"type":"Feature","geometry":{"type":"Polygon","coordinates":[[[144.70436922543058,-37.71777248330642],[144.70439110878158,-37.717777942341584],[144.7043681738445,-37.717777832758934],[144.70436852378992,-37.71777605257508],[144.70432370375724,-37.717770492845496],[144.7043240554535,-37.7177687037609],[144.70436887548513,-37.7177742634903],[144.70436922543058,-37.71777248330642]]]},"properties":{"LAYER":"POLY_LINEMARKING_P1","LAYER_TYPE":"fill"}},{"type":"Feature","geometry":{"type":"Polygon","coordinates":[[[144.70436129196852,-37.717840888030665],[144.70436801791655,-37.7178417069103],[144.7043557771471,-37.717845684994955],[144.70434671908166,-37.71783911379017],[144.70435119981082,-37.717839656028474],[144.7043511535559,-37.717839452747434],[144.70435109949676,-37.71783924838588],[144.7043510379686,-37.717839043627805],[144.70435096930652,-37.71783883915724],[144.70435089384577,-37.717838635658175],[144.7043508119215,-37.71783843381465],[144.70435072386877,-37.71783823431065],[144.70435063002293,-37.7178380378302],[144.70435053071904,-37.717837845057325],[144.7043504262923,-37.71783765667601],[144.7043503170779,-37.717837473370295],[144.70435020292913,-37.71783729504228],[144.70435008124863,-37.71783711753968],[144.70434995184303,-37.71783694048964],[144.70434981500833,-37.71783676430432],[144.70434967104035,-37.71783658939583],[144.7043495202349,-37.71783641617637],[144.704349362888,-37.717836245058045],[144.70434919929534,-37.71783607645298],[144.7043490297529,-37.71783591077338],[144.70434885455654,-37.717835748431334],[144.7043486740021,-37.717835589839005],[144.70434848838548,-37.717835435408524],[144.7043482990032,-37.717835285915335],[144.70434810682622,-37.717835141782615],[144.70434791163188,-37.71783500288171],[144.7043477131977,-37.71783486908395],[144.70434751130105,-37.71783474026067],[144.70434730571932,-37.7178346162832],[144.70434709622987,-37.71783449702281],[144.7043468826101,-37.71783438235088],[144.70434666463746,-37.71783427213871],[144.70434644208925,-37.717834166257624],[144.70434621474297,-37.717834064578945],[144.7043459823759,-37.71783396697401],[144.70434574482306,-37.71783387336597],[144.70434550289906,-37.71783378441895],[144.70434525738597,-37.71783370045714],[144.7043450088705,-37.71783362159065],[144.70434475793925,-37.717833547929715],[144.70434450517897,-37.717833479584456],[144.7043442511762,-37.71783341666505],[144.70434399651768,-37.71783335928165],[144.70434374179007,-37.717833307544446],[144.70434348758,-37.71783326156359],[144.70434323447415,-37.71783322144925],[144.70434298572584,-37.717833190865534],[144.70432420912442,-37.71783090482172],[144.70432455274383,-37.71782912386041],[144.70434963204704,-37.717832173834296],[144.70434998958322,-37.717832214374894],[144.70435034828623,-37.717832263181876],[144.70435070720043,-37.71783231999942],[144.7043510653702,-37.71783238457163],[144.7043514218397,-37.717832456642626],[144.7043517756534,-37.71783253595657],[144.70435212585562,-37.71783262225758],[144.70435247149064,-37.71783271528976],[144.70435281160277,-37.71783281479727],[144.7043531452364,-37.71783292052422],[144.70435347143584,-37.717833032214784],[144.70435379212643,-37.71783315061101],[144.70435411158817,-37.7178332772012],[144.70435442931873,-37.717833411764865],[144.70435474472538,-37.717833554049754],[144.70435505721537,-37.71783370380363],[144.70435536619618,-37.717833860774284],[144.70435567107506,-37.71783402470944],[144.70435597125925,-37.7178341953569],[144.70435626615608,-37.71783437246439],[144.70435655517292,-37.71783455577971],[144.70435683771714,-37.7178347450506],[144.70435711291432,-37.717834939638905],[144.70435737969515,-37.71783513834753],[144.70435763812569,-37.717835341229595],[144.70435788833612,-37.71783554841688],[144.7043581304568,-37.71783576004117],[144.704358364618,-37.717835976234255],[144.70435859095,-37.71783619712788],[144.704358809583,-37.71783642285388],[144.7043590206473,-37.717836653544005],[144.70435922427313,-37.71783688933004],[144.70435942059092,-37.71783713034378],[144.70435960973074,-37.71783737671702],[144.7043597918204,-37.71783762858],[144.70435996621887,-37.7178378855207],[144.70436013222388,-37.71783814678813],[144.70436028964266,-37.71783841186745],[144.70436043828235,-37.71783868024372],[144.7043605779501,-37.7178389514021],[144.70436070845315,-37.71783922482771],[144.70436082959867,-37.717839500005674],[144.70436094119387,-37.71783977642109],[144.70436104304585,-37.71784005355909],[144.70436113496183,-37.71784033090481],[144.70436121674905,-37.71784060794332],[144.70436128821464,-37.717840884159806],[144.70436129196852,-37.717840888030665]]]},"properties":{"LAYER":"POLY_LINEMARKING_P1","LAYER_TYPE":"fill"}},{"type":"Feature","geometry":{"type":"Polygon","coordinates":[[[144.70435800921254,-37.717801255329476],[144.70437989257104,-37.717806714366944],[144.70435695762518,-37.717806604781835],[144.70435730757106,-37.717804824598026],[144.70431248752217,-37.71779926486367],[144.70431283921883,-37.71779747577911],[144.7043576592667,-37.71780303551329],[144.70435800921254,-37.717801255329476]]]},"properties":{"LAYER":"POLY_LINEMARKING_P1","LAYER_TYPE":"fill"}},{"type":"Feature","geometry":{"type":"Polygon","coordinates":[[[144.7041823605948,-37.7177178666624],[144.70416340664556,-37.717716865251646],[144.70416325612177,-37.717718663037225],[144.70418858086182,-37.71772000104092],[144.70418857640794,-37.717720000719694],[144.7041889365054,-37.71772002270734],[144.70418929999755,-37.71772003682602],[144.70418966588178,-37.71772004316097],[144.70419003315521,-37.71772004179746],[144.7041904008152,-37.717720032820644],[144.70419076785888,-37.717720016315816],[144.70419113328353,-37.717719992368174],[144.7041914960864,-37.71771996106296],[144.70419185526464,-37.7177199224854],[144.70419220981557,-37.7177198767207],[144.70419255873637,-37.71771982385414],[144.70419290410914,-37.71771976349273],[144.7041932505182,-37.717719694920575],[144.70419359741294,-37.71771961826644],[144.70419394414603,-37.7177195336745],[144.70419429006995,-37.71771944128894],[144.7041946345373,-37.71771934125394],[144.70419497690068,-37.7177192337137],[144.70419531651262,-37.7177191188124],[144.7041956527258,-37.71771899669418],[144.70419598489272,-37.7177188675033],[144.70419631236595,-37.71771873138387],[144.70419663411792,-37.71771858880838],[144.7041969487779,-37.71771844076131],[144.704197256425,-37.71771828720218],[144.7041975572223,-37.71771812802481],[144.70419785133294,-37.71771796312294],[144.70419813892,-37.71771779239034],[144.70419842014664,-37.71771761572083],[144.70419869517602,-37.71771743300817],[144.70419896417124,-37.71771724414612],[144.70419922729545,-37.717717049028536],[144.7041994847118,-37.71771684754911],[144.7041997365834,-37.717716639601676],[144.70419998307045,-37.71771642508105],[144.70420022343484,-37.717716204279085],[144.70420045678594,-37.71771597780797],[144.7042006827951,-37.717715746137145],[144.70420090113362,-37.717715509736074],[144.7042011114727,-37.71771526907414],[144.70420131348365,-37.71771502462085],[144.70420150683773,-37.71771477684559],[144.70420169120624,-37.7177145262178],[144.70420186626038,-37.71771427320694],[144.70420203167143,-37.717714018282436],[144.70420218711075,-37.7177137619137],[144.70420233190274,-37.71771350460586],[144.704209121377,-37.71771386331826],[144.70419825715533,-37.71770787210713],[144.7041876213754,-37.71771272739435],[144.70419214865427,-37.71771296759849],[144.704192048029,-37.71771315808172],[144.7041919394902,-37.71771334827595],[144.7041918235518,-37.717713537571186],[144.70419170072762,-37.71771372535738],[144.70419157153142,-37.71771391102447],[144.70419143647717,-37.71771409396244],[144.7041912960787,-37.717714273561256],[144.70419115084977,-37.71771444921091],[144.7041910013043,-37.71771462030132],[144.7041908479562,-37.71771478622247],[144.70419069131916,-37.71771494636432],[144.70419053122342,-37.717715100797164],[144.70419036400023,-37.71771525312731],[144.7041901893592,-37.71771540368548],[144.70419000770156,-37.717715552120275],[144.70418981942876,-37.7177156980803],[144.70418962494196,-37.71771584121412],[144.70418942464246,-37.7177159811704],[144.70418921893167,-37.71771611759769],[144.7041890082108,-37.71771625014462],[144.70418879288113,-37.717716378459755],[144.70418857334406,-37.717716502191756],[144.70418835000086,-37.71771662098915],[144.70418812432868,-37.71771673431828],[144.70418789739102,-37.71771684193313],[144.70418766893545,-37.717716943921026],[144.7041874387096,-37.71771704036923],[144.70418720646092,-37.71771713136502],[144.70418697193713,-37.71771721699569],[144.70418673488564,-37.71771729734855],[144.7041864950542,-37.71771737251084],[144.70418625219028,-37.71771744256988],[144.70418600604148,-37.71771750761295],[144.70418575635537,-37.71771756772737],[144.7041855028795,-37.71771762300033],[144.7041852454318,-37.717717673478525],[144.70418498498873,-37.71771771865381],[144.7041847224023,-37.71771775834441],[144.70418445827522,-37.71771779254387],[144.7041841932103,-37.71771782124559],[144.70418392781025,-37.71771784444305],[144.70418366267796,-37.71771786212972],[144.70418339841612,-37.71771787429909],[144.70418313562752,-37.717717880944626],[144.7041828749149,-37.71771788205977],[144.7041826168811,-37.71771787763801],[144.7041823621288,-37.71771786767281],[144.7041823605948,-37.7177178666624]]]},"properties":{"LAYER":"POLY_LINEMARKING_P1","LAYER_TYPE":"fill"}},{"type":"Feature","geometry":{"type":"Polygon","coordinates":[[[144.7050819181276,-37.71807754984518],[144.70506003463208,-37.718072090934115],[144.70508296966798,-37.71807220038501],[144.70508261973777,-37.718073980571425],[144.705127440024,-37.71807954001975],[144.70512708834517,-37.71808132910726],[144.70508226805785,-37.71807576965875],[144.7050819181276,-37.71807754984518]]]},"properties":{"LAYER":"POLY_LINEMARKING_P1","LAYER_TYPE":"fill"}},{"type":"Feature","geometry":{"type":"Polygon","coordinates":[[[144.70507461178596,-37.718036438922084],[144.70506788581056,-37.71803562008199],[144.7050801265775,-37.71803164192322],[144.7050891847333,-37.7180382130743],[144.70508470398542,-37.71803767086352],[144.70508475024246,-37.71803787414432],[144.7050848043038,-37.718038078505614],[144.7050848658341,-37.718038283263375],[144.70508493449836,-37.71803848773359],[144.70508500996132,-37.71803869123222],[144.70508509188784,-37.7180388930753],[144.70508517994273,-37.718039092578834],[144.70508527379076,-37.718039289058744],[144.7050853730968,-37.71803948183107],[144.70508547752573,-37.7180396702118],[144.70508558674229,-37.71803985351693],[144.70508570089314,-37.718040031844275],[144.70508582257577,-37.718040209346185],[144.70508595198345,-37.71804038639545],[144.70508608882025,-37.71804056257999],[144.70508623279045,-37.718040737487634],[144.705086383598,-37.71804091070623],[144.70508654094712,-37.718041081823635],[144.70508670454188,-37.71804125042772],[144.70508687408648,-37.718041416106345],[144.70508704928497,-37.71804157844735],[144.7050872298415,-37.71804173703861],[144.70508741546024,-37.71804189146797],[144.7050876048446,-37.718042040960036],[144.70508779702362,-37.71804218509162],[144.70508799221983,-37.718042323991355],[144.70508819065594,-37.7180424577879],[144.7050883925545,-37.71804258660999],[144.70508859813808,-37.71804271058623],[144.70508880762938,-37.718042829845345],[144.70508902125093,-37.71804294451599],[144.7050892392254,-37.71804305472684],[144.7050894617753,-37.71804316060658],[144.7050896891233,-37.718043262283885],[144.70508992149206,-37.7180433598874],[144.70509015904656,-37.71804345349398],[144.70509040097224,-37.71804354243952],[144.7050906464869,-37.71804362639981],[144.70509089500396,-37.718043705264776],[144.70509114593668,-37.71804377892419],[144.70509139869847,-37.71804384726788],[144.70509165270266,-37.71804391018573],[144.70509190736257,-37.718043967567546],[144.7050921620915,-37.71804401930315],[144.70509241630282,-37.71804406528244],[144.7050926694099,-37.71804410539521],[144.70509291815927,-37.71804413597736],[144.7051116948442,-37.71804642190108],[144.70511135124227,-37.71804820286522],[144.70508627182693,-37.71804515305022],[144.70508591428927,-37.71804511251184],[144.7050855555846,-37.71804506370702],[144.70508519666868,-37.718045006891685],[144.7050848384972,-37.718044942321654],[144.70508448202588,-37.718044870252804],[144.70508412821025,-37.718044790941015],[144.7050837780061,-37.718044704642125],[144.7050834323691,-37.71804461161202],[144.70508309225488,-37.71804451210659],[144.70508275861917,-37.71804440638163],[144.7050824324176,-37.71804429469303],[144.7050821117249,-37.71804417629869],[144.7050817922609,-37.718044049710436],[144.7050814745281,-37.71804391514867],[144.70508115911906,-37.718043772865656],[144.7050808466266,-37.71804362311363],[144.70508053764334,-37.71804346614482],[144.70508023276196,-37.71804330221144],[144.7050799325752,-37.71804313156578],[144.7050796376757,-37.718042954459996],[144.70507934865617,-37.71804277114639],[144.7050790661093,-37.71804258187716],[144.70507879090937,-37.71804238729045],[144.70507852412587,-37.71804218858337],[144.7050782656926,-37.71804198570278],[144.7050780154794,-37.71804177851697],[144.70507777335592,-37.71804156689407],[144.7050775391919,-37.71804135070236],[144.70507731285718,-37.718041129810025],[144.7050770942213,-37.71804090408528],[144.70507688315416,-37.71804067339634],[144.70507667952546,-37.71804043761147],[144.7050764832048,-37.71804019659884],[144.70507629406208,-37.71803995022667],[144.7050761119695,-37.7180396983647],[144.70507593756804,-37.71803944142498],[144.70507577156005,-37.71803918015848],[144.70507561413828,-37.71803891508001],[144.70507546549564,-37.71803864670455],[144.70507532582488,-37.718038375546925],[144.70507519531884,-37.71803810212201],[144.7050750741703,-37.71803782694471],[144.70507496257218,-37.718037550529885],[144.7050748607173,-37.718037273392405],[144.70507476879834,-37.718036996047175],[144.70507468700833,-37.71803671900904],[144.70507461553993,-37.71803644279293],[144.70507461178596,-37.718036438922084]]]},"properties":{"LAYER":"POLY_LINEMARKING_P1","LAYER_TYPE":"fill"}},{"type":"Feature","geometry":{"type":"Polygon","coordinates":[[[144.7050729923862,-37.71811002436133],[144.705051108882,-37.71810456544832],[144.7050740439278,-37.718104674901284],[144.70507369399712,-37.71810645508764],[144.70511851430203,-37.718112014539976],[144.70511816262277,-37.71811380362744],[144.70507334231687,-37.718108244174964],[144.7050729923862,-37.71811002436133]]]},"properties":{"LAYER":"POLY_LINEMARKING_P1","LAYER_TYPE":"fill"}},{"type":"Feature","geometry":{"type":"Polygon","coordinates":[[[144.70522546564527,-37.71815986792975],[144.7052444197303,-37.71816086917367],[144.70524457022944,-37.71815907138601],[144.7052192453094,-37.718157733603974],[144.70521924976333,-37.718157733925175],[144.70521888966337,-37.718157711940584],[144.7052185261687,-37.718157697825006],[144.70521816028207,-37.71815769149317],[144.7052177930063,-37.71815769285983],[144.70521742534413,-37.71815770183978],[144.70521705829833,-37.71815771834774],[144.70521669287166,-37.7181577422985],[144.70521633006695,-37.71815777360682],[144.70521597088694,-37.71815781218744],[144.7052156163344,-37.718157857955184],[144.7052152674121,-37.71815791082473],[144.70521492203795,-37.71815797118911],[144.70521457562762,-37.71815803976421],[144.70521422873168,-37.71815811642131],[144.70521388199757,-37.7181582010162],[144.70521353607268,-37.71815829340473],[144.70521319160449,-37.71815839344267],[144.70521284924035,-37.71815850098585],[144.7052125096277,-37.71815861589009],[144.70521217341414,-37.71815873801116],[144.70521184124678,-37.718158867204906],[144.70521151377332,-37.71815900332715],[144.70521119202118,-37.718159145905375],[144.70521087736114,-37.71815929395516],[144.7052105697141,-37.71815944751694],[144.70521026891703,-37.7181596066969],[144.70520997480676,-37.718159771601314],[144.7052096872201,-37.71815994233637],[144.70520940599403,-37.71816011900832],[144.7052091309653,-37.718160301723366],[144.70520886197085,-37.71816049058771],[144.70520859884752,-37.718160685707595],[144.70520834143218,-37.71816088718924],[144.70520808956172,-37.71816109513885],[144.70520784307595,-37.71816130966163],[144.705207602713,-37.71816153046571],[144.70520736936336,-37.71816175693886],[144.7052071433558,-37.718161988611634],[144.70520692501904,-37.71816222501463],[144.70520671468176,-37.71816246567839],[144.7052065126727,-37.718162710133456],[144.70520631932064,-37.71816295791043],[144.7052061349543,-37.71816320853984],[144.70520595990234,-37.71816346155225],[144.70520579449354,-37.718163716478244],[144.70520563905663,-37.71816397284835],[144.70520549426712,-37.71816423015751],[144.70519870474402,-37.718163871501076],[144.70520956911585,-37.71816986262431],[144.70522020490074,-37.71816500724512],[144.7052156775891,-37.71816476707949],[144.70521577821245,-37.71816457659534],[144.7052158867494,-37.7181643864001],[144.70521600268597,-37.71816419710382],[144.70521612550846,-37.71816400931651],[144.70521625470298,-37.71816382364824],[144.70521638975563,-37.718163640709044],[144.7052165301526,-37.71816346110898],[144.7052166753801,-37.71816328545803],[144.70521682492424,-37.71816311436628],[144.70521697827112,-37.718162948443755],[144.705217134907,-37.718162788300525],[144.7052172950017,-37.71816263386626],[144.70521746222394,-37.71816248153461],[144.705217636864,-37.71816233097491],[144.7052178185208,-37.7181621825385],[144.7052180067929,-37.71816203657683],[144.70521820127902,-37.71816189344127],[144.70521840157784,-37.71816175348323],[144.70521860728812,-37.71816161705414],[144.7052188180086,-37.718161484505366],[144.70521903333787,-37.71816135618833],[144.7052192528747,-37.71816123245443],[144.70521947621774,-37.718161113655064],[144.70521970188986,-37.71816100032396],[144.7052199288275,-37.71816089270711],[144.70522015728312,-37.71816079071721],[144.70522038750917,-37.718160694267006],[144.70522061975808,-37.71816060326918],[144.70522085428226,-37.71816051763647],[144.7052210913341,-37.71816043728156],[144.70522133116611,-37.71816036211717],[144.70522157403062,-37.718160292056005],[144.70522182018013,-37.71816022701077],[144.70522206986703,-37.71816016689422],[144.70522232334378,-37.71816011161903],[144.70522258079242,-37.71816006113861],[144.70522284123658,-37.71816001596105],[144.70522310382415,-37.71815997626815],[144.70522336795247,-37.71815994206643],[144.70522363301865,-37.71815991336241],[144.70522389842006,-37.71815989016266],[144.70522416355385,-37.718159872473684],[144.7052244278172,-37.718159860302016],[144.70522469060742,-37.718159853654214],[144.70522495132167,-37.71815985253682],[144.70522520935722,-37.718159856956355],[144.70522546411124,-37.71815986691934],[144.70522546564527,-37.71815986792975]]]},"properties":{"LAYER":"POLY_LINEMARKING_P1","LAYER_TYPE":"fill"}},{"type":"Feature","geometry":{"type":"Polygon","coordinates":[[[144.70246361090497,-37.72830553308969],[144.70245689664898,-37.728304651225635],[144.70246919737735,-37.72830078816194],[144.70247815846017,-37.7283074437938],[144.70247368547075,-37.72830685959712],[144.70247372870904,-37.72830706329705],[144.702473779736,-37.72830726815058],[144.70247383822672,-37.72830747347058],[144.7024739038561,-37.72830767857],[144.70247397629905,-37.72830788276167],[144.7024740552306,-37.72830808535855],[144.7024741403257,-37.72830828567348],[144.70247423125926,-37.72830848301938],[144.70247432770643,-37.72830867670913],[144.70247442934198,-37.72830886605568],[144.70247453584096,-37.728309050371855],[144.7024746473486,-37.7283092297569],[144.7024747664007,-37.728309408387204],[144.70247489318524,-37.728309586637366],[144.70247502741222,-37.72830976409252],[144.702475168792,-37.72830994033779],[144.70247531703475,-37.728310114958255],[144.70247547185073,-37.72831028753903],[144.70247563295015,-37.728310457665266],[144.70247580004326,-37.72831062492205],[144.7024759728403,-37.728310788894504],[144.70247615105146,-37.7283109491677],[144.70247633438703,-37.72831110532681],[144.70247652156186,-37.728311256584334],[144.70247671161124,-37.72831140250793],[144.70247690475586,-37.72831154322836],[144.70247710121635,-37.728311678876366],[144.70247730121352,-37.72831180958271],[144.70247750496802,-37.72831193547818],[144.70247771270058,-37.72831205669346],[144.70247792463186,-37.7283121733594],[144.70247814098266,-37.72831228560665],[144.70247836197365,-37.72831239356601],[144.70247858782548,-37.72831249736825],[144.70247881875898,-37.72831259714411],[144.70247905493798,-37.72831269297194],[144.70247929555768,-37.72831278418006],[144.7024795398408,-37.72831287043698],[144.70247978720224,-37.72831295162705],[144.7024800370569,-37.72831302763465],[144.70248028881974,-37.72831309834406],[144.70248054190571,-37.72831316363966],[144.70248079572974,-37.72831322340577],[144.70248104970673,-37.72831327752676],[144.70248130325174,-37.72831332588699],[144.7024815557795,-37.72831336837074],[144.7024818040911,-37.728313401283714],[144.70250054805936,-37.72831586314936],[144.70250017795945,-37.728317640761766],[144.70247514219193,-37.72831435594656],[144.70247478523274,-37.72831431205775],[144.70247442722942,-37.728314259892166],[144.70247406913393,-37.72831419971463],[144.70247371189814,-37.72831413178997],[144.70247335647406,-37.72831405638298],[144.70247300381365,-37.72831397375847],[144.70247265486876,-37.72831388418124],[144.70247231059142,-37.72831378791614],[144.70247197193348,-37.72831368522793],[144.70247163984695,-37.72831357638145],[144.70247131528373,-37.72831346164153],[144.70247099632945,-37.728313340248015],[144.7024706787258,-37.728313210672624],[144.70247036297187,-37.72831307314058],[144.70247004965674,-37.728312927909656],[144.7024697393694,-37.72831277523761],[144.7024694326987,-37.7283126153822],[144.70246913023377,-37.72831244860123],[144.70246883256354,-37.728312275152454],[144.7024685402769,-37.72831209529364],[144.702468253963,-37.72831190928256],[144.70246797421066,-37.728311717377],[144.70246770188479,-37.72831152022329],[144.7024674380371,-37.728311319028435],[144.7024671826024,-37.72831111373869],[144.7024669354522,-37.72831090422109],[144.7024666964583,-37.72831069034264],[144.7024664654923,-37.72831047197034],[144.7024662424259,-37.728310248971184],[144.7024660271309,-37.72831002121219],[144.7024658194788,-37.728309788560374],[144.7024656193414,-37.72830955088272],[144.70246542659032,-37.72830930804626],[144.70246524109726,-37.728309059918004],[144.70246506273645,-37.72830880636645],[144.7024648921428,-37.728308547809625],[144.70246473000745,-37.72830828500505],[144.70246457651558,-37.72830801846935],[144.70246443185243,-37.72830774871922],[144.70246429620312,-37.72830747627125],[144.7024641697529,-37.72830720164213],[144.70246405268685,-37.7283069253485],[144.7024639451903,-37.72830664790702],[144.70246384744826,-37.728306369834314],[144.70246375964604,-37.72830609164706],[144.70246368196874,-37.72830581386189],[144.7024636146016,-37.72830553699545],[144.70246361090497,-37.72830553308969]]]},"properties":{"LAYER":"POLY_LINEMARKING_P1","LAYER_TYPE":"fill"}},{"type":"Feature","geometry":{"type":"Polygon","coordinates":[[[144.70179132068017,-37.72909878559555],[144.70166613087886,-37.729305031758734],[144.7016130268619,-37.72943829603505],[144.70156519782208,-37.729572814561394],[144.70152269060827,-37.72970845565564],[144.70148554686054,-37.72984508653609],[144.7014538029692,-37.7299825734513],[144.70142749003918,-37.73012078181125],[144.70140663385922,-37.73025957631885],[144.70138402902907,-37.73040885293269],[144.70137053841566,-37.73053970303795],[144.70148420175576,-37.73022769657911],[144.7015766873633,-37.729935518722904],[144.70167818303653,-37.72964523379156],[144.70178862739746,-37.729357017033394],[144.7018359527133,-37.72923434811375],[144.70197349624542,-37.72887843812474],[144.70209874402568,-37.7285196760839],[144.70210055597468,-37.72851378151195],[144.70210210920789,-37.72850784053539],[144.70210340185298,-37.728501860315184],[144.702104432352,-37.72849584805964],[144.70210519946284,-37.72848981101569],[144.70210570226098,-37.72848375646017],[144.70210594014048,-37.72847769169094],[144.70210591281457,-37.72847162401829],[144.70210562031627,-37.728465560755865],[144.70210506299819,-37.72845950921211],[144.70210424153228,-37.72845347668126],[144.70210315690863,-37.72844747043471],[144.70210181043473,-37.7284414977121],[144.70210020373364,-37.72843556571271],[144.70209833874202,-37.72842968158671],[144.70209813111111,-37.72842911094554],[144.7020978986765,-37.72842854637004],[144.70209764171804,-37.728427988540034],[144.70209736054525,-37.72842743812732],[144.70209705549678,-37.728426895794726],[144.70209672693989,-37.72842636219542],[144.70209637527037,-37.72842583797194],[144.70209600091155,-37.728425323755616],[144.7020956043144,-37.72842482016571],[144.70209518595652,-37.72842432780871],[144.7020947463417,-37.72842384727747],[144.70209428599932,-37.72842337915074],[144.7020938054838,-37.72842292399227],[144.7020933053738,-37.728422482350176],[144.70209278627163,-37.728422054756315],[144.7020922488024,-37.728421641725625],[144.7020916936133,-37.728421243755506],[144.70209112137303,-37.728420861325226],[144.70209053277068,-37.72842049489534],[144.70208992851508,-37.72842014490713],[144.70208930933393,-37.72841981178208],[144.7020886759729,-37.72841949592135],[144.70208802919473,-37.72841919770532],[144.7020873697783,-37.72841891749313],[144.70208669851772,-37.72841865562223],[144.70208601622136,-37.72841841240797],[144.70208532371095,-37.72841818814331],[144.70208462182032,-37.72841798309822],[144.70208391139496,-37.72841779751971],[144.7020831932902,-37.72841763163123],[144.702082468371,-37.72841748563256],[144.70208173751027,-37.72841735969954],[144.7020810015881,-37.72841725398382],[144.7020802614909,-37.7284171686127],[144.70207951810983,-37.72841710368899],[144.70207877234014,-37.72841705929088],[144.70207802507997,-37.72841703547184],[144.7020772772292,-37.72841703226056],[144.70207652968844,-37.728417049660905],[144.70207578335797,-37.7284170876519],[144.70207503913653,-37.7284171461878],[144.70207429792035,-37.72841722519815],[144.70207356060214,-37.72841732458776],[144.70207282806976,-37.728417444236946],[144.70207210120535,-37.72841758400162],[144.7020713808844,-37.72841774371346],[144.7020706679742,-37.72841792318015],[144.70206996333334,-37.728418122185545],[144.70206926781037,-37.72841834049],[144.70206858224302,-37.728418577830624],[144.70206790745675,-37.72841883392157],[144.70206724426424,-37.728419108454446],[144.7020665934642,-37.72841940109865],[144.7020659558403,-37.72841971150175],[144.70206533216046,-37.72842003928994],[144.70206472317574,-37.72842038406846],[144.7020641296195,-37.72842074542213],[144.70206355220654,-37.72842112291577],[144.70206299163226,-37.728421516094755],[144.70206244857172,-37.72842192448564],[144.702061923679,-37.72842234759655],[144.70205692000545,-37.728426666475556],[144.70205210173486,-37.72843111636197],[144.70204747430117,-37.728435692237376],[144.70204304292298,-37.7284403889413],[144.70203881259783,-37.72844520117708],[144.7020347880965,-37.72845012351762],[144.70203097395776,-37.72845515041178],[144.70202737448298,-37.72846027619043],[144.70202399373153,-37.728465495072975],[144.7020208355162,-37.72847080117374],[144.70201790339863,-37.72847618850879],[144.70201520068565,-37.728481651002525],[144.70201273042528,-37.728487182494575],[144.70201049540339,-37.72849277674678],[144.70200849814066,-37.72849842745016],[144.70190423449748,-37.7287995934807],[144.70179132068017,-37.72909878559555]]]},"properties":{"LAYER":"POLY_NATURESTRIP_N1","LAYER_TYPE":"fill-extrusion"}},{"type":"Feature","geometry":{"type":"Polygon","coordinates":[[[144.70435459255506,-37.71892909623281],[144.70438936057636,-37.71879703366541],[144.70442913719546,-37.71866586611973],[144.7045672436512,-37.71823883744778],[144.70456919810132,-37.71823318877217],[144.70457138977184,-37.71822759530237],[144.70457381620037,-37.71822206332284],[144.70457647466063,-37.718216599048866],[144.70457936216576,-37.71821120861976],[144.7045824754715,-37.718205898091774],[144.70458581107994,-37.71820067343144],[144.70458936524338,-37.71819554050883],[144.7045931339686,-37.7181905050909],[144.70459711302126,-37.71818557283506],[144.7046012979308,-37.71818074928286],[144.70460568399528,-37.71817603985366],[144.70461026628678,-37.71817144983862],[144.70461503965706,-37.718166984394756],[144.70461999874297,-37.71816264853912],[144.70462513797284,-37.718158447143146],[144.70463045157268,-37.71815438492718],[144.7046359335724,-37.71815046645526],[144.70464157781285,-37.71814669612987],[144.70464737795257,-37.71814307818707],[144.70465332747494,-37.7181396166917],[144.70465394280083,-37.71813928363948],[144.70465457224515,-37.71813896767405],[144.70465521505633,-37.71813866917273],[144.7046558704668,-37.718138388491944],[144.70465653769392,-37.71813812596683],[144.70465721594104,-37.71813788191092],[144.70465790439818,-37.718137656615575],[144.70465860224334,-37.718137450349865],[144.70465930864322,-37.71813726336005],[144.7046600227543,-37.71813709586941],[144.70466074372396,-37.71813694807796],[144.70466147069118,-37.71813682016217],[144.704662202788,-37.71813671227478],[144.70466293914015,-37.71813662454462],[144.70466367886843,-37.718136557076434],[144.70466442108957,-37.71813650995082],[144.70466516491723,-37.718136483223994],[144.70466590946333,-37.71813647692791],[144.70466665383873,-37.71813649107007],[144.70466739715454,-37.71813652563361],[144.7046681385233,-37.71813658057723],[144.7046688770597,-37.71813665583534],[144.70466961188185,-37.71813675131805],[144.70467034211234,-37.71813686691137],[144.70467106687926,-37.718137002477285],[144.70467178531712,-37.71813715785391],[144.70467249656804,-37.71813733285569],[144.70467319978277,-37.71813752727367],[144.7046738941216,-37.71813774087571],[144.70467457875546,-37.71813797340675],[144.70467525286685,-37.71813822458913],[144.7046759156507,-37.71813849412292],[144.70467656631578,-37.71813878168625],[144.70467720408502,-37.71813908693576],[144.70467782819688,-37.71813940950699],[144.70467843790618,-37.71813974901473],[144.70467903248488,-37.718140105053585],[144.7046796112229,-37.718140477198425],[144.70468017342932,-37.71814086500486],[144.7046807184327,-37.71814126800986],[144.70468124558238,-37.718141685732164],[144.7046817542488,-37.71814211767301],[144.70468224382464,-37.7181425633166],[144.70468271372525,-37.7181430221308],[144.70468316338952,-37.718143493567766],[144.70468359228065,-37.71814397706456],[144.70468399988636,-37.71814447204384],[144.70468438571996,-37.71814497791458],[144.70468474932085,-37.718145494072736],[144.7046850902547,-37.71814601990193],[144.70468540811447,-37.71814655477431],[144.70468834771324,-37.71815197335841],[144.7046910553803,-37.718157467678],[144.7046935280295,-37.718163031470766],[144.7046957628426,-37.71816865839531],[144.7046977572723,-37.71817434203817],[144.70469950904533,-37.71818007592138],[144.70470101616502,-37.71818585350955],[144.70470227691368,-37.71819166821758],[144.70470328985405,-37.718197513418076],[144.70470405383176,-37.71820338244879],[144.70470456797588,-37.718209268620384],[144.70470483170038,-37.718215165223974],[144.70470484470457,-37.71822106553876],[144.70470460697368,-37.71822696283975],[144.70470411877847,-37.71823285040532],[144.7047033806754,-37.718238721525026],[144.70470239350564,-37.71824456950706],[144.7047011583943,-37.718250387686126],[144.70469967674907,-37.718256169430745],[144.7046979502587,-37.71826190815109],[144.70447048498946,-37.71896523742561],[144.70421046886543,-37.71983255451089],[144.70417530059134,-37.71994129176038],[144.7041809014975,-37.71984599598793],[144.70419844581355,-37.71973332536732],[144.70421241412203,-37.7196203396394],[144.7042227975868,-37.719507110407875],[144.70423430371696,-37.7193836372764],[144.70425008266318,-37.71926046239867],[144.70427012245463,-37.71913767905701],[144.70427012245463,-37.71913767905701],[144.70435459255506,-37.71892909623281]]]},"properties":{"LAYER":"POLY_NATURESTRIP_N1","LAYER_TYPE":"fill-extrusion"}},{"type":"Feature","geometry":{"type":"Polygon","coordinates":[[[144.7049736051653,-37.7160821709147],[144.7049816436313,-37.7161412370646],[144.70499076663867,-37.7163162068847],[144.7049928674509,-37.716491318772235],[144.70498794388538,-37.71666639492443],[144.70497600089166,-37.716841257573506],[144.7049754067793,-37.71685884131673],[144.7049238976023,-37.7170585124174],[144.70490877936066,-37.71721082103728],[144.7048880837685,-37.71736271530508],[144.70486182834782,-37.717514066369105],[144.7048300353375,-37.717664745837716],[144.7048285531411,-37.71767062133064],[144.70482681825447,-37.71767645300627],[144.7048248327169,-37.71768223400903],[144.70482259886262,-37.71768795754287],[144.70482011931753,-37.71769361687935],[144.70481739699653,-37.717699205365406],[144.7048144350999,-37.71770471643135],[144.70481123710954,-37.717710143598474],[144.70480780678488,-37.71771548048668],[144.70480414815842,-37.71772072082206],[144.70480026553128,-37.717725858444155],[144.70479616346765,-37.717730887313245],[144.70479184678985,-37.717735801517485],[144.70478732057245,-37.71774059527986],[144.7047825901364,-37.71774526296483],[144.70477766104258,-37.71774979908524],[144.70477253908555,-37.717754198308434],[144.70476723028662,-37.717758455462786],[144.70476174088665,-37.71776256554363],[144.7047611758493,-37.71776296018942],[144.70476059381204,-37.717763338924335],[144.70475999548432,-37.7177637012867],[144.7047593815958,-37.717764046834674],[144.70475875289483,-37.71776437514694],[144.704758110148,-37.71776468582327],[144.70475745413898,-37.717764978484816],[144.70475678566754,-37.717765252774775],[144.7047561055487,-37.71776550835876],[144.70475541461175,-37.71776574492511],[144.704754713699,-37.7177659621854],[144.70475400366513,-37.71776615987478],[144.7047532853757,-37.7177663377522],[144.70475255970658,-37.71776649560076],[144.70475182754248,-37.717766633228045],[144.70475108977604,-37.71776675046627],[144.70475034730686,-37.717766847172456],[144.70474960104005,-37.71776692322868],[144.70474885188563,-37.71776697854228],[144.70474810075683,-37.717767013045766],[144.70474734856955,-37.717767026697075],[144.70474659624085,-37.71776701947958],[144.70474584468795,-37.71776699140207],[144.70474509482725,-37.71776694249877],[144.70474434757296,-37.71776687282932],[144.70474360383608,-37.71776678247864],[144.70474286452347,-37.71776667155692],[144.70474213053652,-37.71776654019938],[144.70474140277008,-37.7177663885662],[144.70474068211146,-37.7177662168422],[144.7047399694394,-37.717766025236806],[144.7047392656227,-37.71776581398362],[144.70473857151956,-37.71776558334017],[144.70473788797614,-37.71776533358767],[144.70473721582596,-37.717765065030655],[144.7047365558884,-37.71776477799656],[144.7047359089682,-37.717764472835285],[144.70473527585395,-37.71776414991895],[144.7047346573177,-37.71776380964124],[144.7047340541135,-37.717763452417046],[144.70473346697682,-37.717763078681884],[144.70473289662348,-37.717762688891455],[144.70473234374896,-37.71776228352097],[144.70473180902727,-37.71776186306464],[144.70473129311034,-37.71776142803515],[144.7047307966272,-37.71776097896287],[144.70473032018316,-37.71776051639535],[144.70472986435925,-37.717760040896536],[144.70472942971102,-37.717759553046186],[144.7047290167685,-37.71775905343908],[144.70472862603518,-37.717758542684365],[144.70472825798743,-37.71775802140477],[144.70472791307398,-37.71775749023583],[144.70472759171534,-37.7177569498252],[144.70472729430332,-37.71775640083172],[144.70472459854497,-37.717750913534495],[144.70472213709849,-37.717745357190765],[144.70471991275974,-37.717739738112066],[144.70471792805552,-37.71773406268122],[144.70471618524002,-37.717728337345015],[144.70471468629296,-37.71772256860693],[144.70471343291703,-37.71771676301979],[144.70471242653576,-37.717710927178175],[144.70471166829233,-37.71770506771116],[144.70471115904803,-37.71769919127455],[144.70471089938115,-37.71769330454347],[144.7047108895866,-37.717687414204775],[144.70471112967556,-37.71768152694931],[144.70471161937513,-37.71767564946451],[144.7047123581291,-37.71766978842668],[144.70471334509813,-37.717663950493446],[144.7047145791612,-37.71765814229616],[144.70471605891632,-37.71765237043243],[144.7047177826826,-37.71764664145858],[144.70477341769126,-37.71747461226984],[144.70481886258636,-37.71732331034166],[144.7048577117875,-37.71717085342902],[144.70488991911594,-37.71701742291029],[144.70491544629567,-37.71686320132108],[144.70493426299876,-37.71670837213708],[144.70494634688117,-37.71655311955564],[144.70495168360912,-37.716397628276745],[144.70495026687598,-37.71624208328312],[144.70494209840953,-37.71608666962038],[144.7049736051653,-37.7160821709147]]]},"properties":{"LAYER":"POLY_NATURESTRIP_N1","LAYER_TYPE":"fill-extrusion"}},{"type":"Feature","geometry":{"type":"Polygon","coordinates":[[[144.7023104483443,-37.72721103989061],[144.70222639437313,-37.727590541650414],[144.7021287561136,-37.72796798642838],[144.70212724252272,-37.72797393097003],[144.70212598952753,-37.72797991364436],[144.70212499863698,-37.7279859272468],[144.7021242710444,-37.72799196453559],[144.70212380762607,-37.727998018240456],[144.70212360894004,-37.72800408107127],[144.70212367522575,-37.728010145726984],[144.70212400640335,-37.728016204904364],[144.70212460207418,-37.728022251306705],[144.70212546152084,-37.72802827765271],[144.70212658370858,-37.728034276685285],[144.70212796728595,-37.72804024118017],[144.70212961058692,-37.728046163954666],[144.7021315116327,-37.72805203787641],[144.70213172289215,-37.728052607821425],[144.70213195892842,-37.72805317159971],[144.702132219457,-37.72805372853197],[144.70213250416413,-37.72805427794724],[144.70213281270662,-37.728054819183505],[144.7021331447129,-37.72805535158873],[144.70213349978283,-37.728055874521424],[144.70213387748868,-37.72805638735153],[144.70213427737534,-37.728056889461186],[144.70213469896106,-37.72805738024542],[144.70213514173787,-37.72805785911294],[144.70213560517223,-37.72805832548676],[144.7021360887059,-37.72805877880499],[144.7021365917562,-37.72805921852149],[144.7021371137171,-37.728059644106395],[144.70213765395977,-37.72806005504702],[144.7021382118332,-37.728060450848204],[144.70213878666524,-37.728060831033105],[144.70213937776342,-37.72806119514363],[144.70213998441548,-37.728061542741116],[144.70214060589055,-37.72806187340675],[144.70214124143976,-37.728062186742136],[144.7021418902975,-37.72806248236976],[144.70214255168196,-37.728062759933415],[144.7021432247963,-37.72806301909873],[144.70214390882944,-37.728063259553394],[144.70214460295736,-37.728063481007744],[144.70214530634362,-37.728063683194954],[144.70214601814084,-37.7280638658714],[144.7021467374914,-37.72806402881702],[144.7021474635286,-37.72806417183548],[144.70214819537773,-37.72806429475444],[144.70214893215692,-37.72806439742584],[144.70214967297855,-37.728064479726],[144.7021504169501,-37.72806454155567],[144.70215116317507,-37.728064582840425],[144.70215191075454,-37.7280646035305],[144.70215265878767,-37.72806460360099],[144.70215340637327,-37.728064583051776],[144.70215415261058,-37.728064541907656],[144.70215489660052,-37.728064480218194],[144.70215563744677,-37.72806439805766],[144.70215637425662,-37.72806429552512],[144.70215710614244,-37.72806417274408],[144.70215783222233,-37.728064029862445],[144.70215855162155,-37.72806386705239],[144.70215926347336,-37.728063684510076],[144.70215996692,-37.72806348245541],[144.70216066111402,-37.7280632611319],[144.702161345219,-37.72806302080614],[144.70216201841075,-37.72806276176767],[144.7021626798781,-37.72806248432867],[144.7021633288241,-37.72806218882334],[144.702163964467,-37.728061875607715],[144.7021645860408,-37.72806154505922],[144.70216519279666,-37.72806119757606],[144.70216578400357,-37.728060833576954],[144.70216635894926,-37.72806045350036],[144.7021669169409,-37.72806005780432],[144.70216745730625,-37.72805964696551],[144.70216797939426,-37.72805922147896],[144.70217296658228,-37.72805486878782],[144.7021777664262,-37.72805038519524],[144.7021823734833,-37.72804577578551],[144.7021867825293,-37.72804104578551],[144.70219098856464,-37.728036200558904],[144.70219498681968,-37.728031245600036],[144.7021987727607,-37.72802618652767],[144.7022023420946,-37.72802102907857],[144.7022056907739,-37.72801577910115],[144.70220881500134,-37.72801044254868],[144.70221171123427,-37.72800502547263],[144.7022143761885,-37.7279995340158],[144.70221680684202,-37.72799397440525],[144.7022190004387,-37.72798835294541],[144.70222095449117,-37.72798267601082],[144.70222266678354,-37.72797695003893],[144.7023013199145,-37.72767660151833],[144.70237141903172,-37.727374919673096],[144.70245586707628,-37.72715963729971],[144.70246879184745,-37.72709466544427],[144.70247589899398,-37.72706063652999],[144.70256107119698,-37.72676292823906],[144.70291442800365,-37.725070997743444],[144.70299818807038,-37.72455982611537],[144.70316497009014,-37.72376120429096],[144.70316606610282,-37.723755322762486],[144.70316690961948,-37.72374941502573],[144.70316749966398,-37.723743487917666],[144.70316783555347,-37.72373754829773],[144.70316791689936,-37.723731603039795],[144.70316774360757,-37.723725659024325],[144.7031673158787,-37.72371972313022],[144.70316663420772,-37.72371380222715],[144.7031656993837,-37.72370790316726],[144.7031645124885,-37.72370203277754],[144.70316307489588,-37.723696197851766],[144.70316138826948,-37.72369040514262],[144.70315945456133,-37.72368466135398],[144.70315727600934,-37.72367897313315],[144.70315485513487,-37.723673347062956],[144.70315219473952,-37.723667789654485],[144.70315190492397,-37.72366724172019],[144.70315159133435,-37.723666702108105],[144.7031512543489,-37.72366617146881],[144.7031508943738,-37.72366565044203],[144.70315051184315,-37.723665139655935],[144.70315010721797,-37.72366463972637],[144.70314968098623,-37.72366415125604],[144.70314923366172,-37.72366367483387],[144.70314876578385,-37.72366321103426],[144.70314827791657,-37.72366276041633],[144.70314777064817,-37.72366232352339],[144.70314724459016,-37.72366190088217],[144.70314670037686,-37.72366149300223],[144.70314613866427,-37.72366110037528],[144.70314556012974,-37.72366072347473],[144.70314496547067,-37.72366036275495],[144.703144355404,-37.72366001865084],[144.70314373066523,-37.72365969157724],[144.70314309200765,-37.72365938192851],[144.70314244020113,-37.72365909007796],[144.7031417760316,-37.723658816377444],[144.70314110029975,-37.72365856115696],[144.70314041382028,-37.723658324724205],[144.7031397174208,-37.723658107364194],[144.70313901194092,-37.723657909339046],[144.7031382982312,-37.723657730887474],[144.70313757715212,-37.72365757222459],[144.70313684957296,-37.7236574335417],[144.703136116371,-37.72365731500606],[144.70313537843012,-37.723657216760486],[144.70313463664007,-37.723657138923485],[144.70313389189516,-37.72365708158891],[144.70313314509323,-37.72365704482584],[144.70313239713468,-37.723657028678645],[144.70313164892127,-37.72365703316674],[144.70313090135505,-37.72365705828476],[144.7031301553373,-37.72365710400241],[144.70312941176746,-37.723657170264545],[144.703128671542,-37.723657256991316],[144.70312793555328,-37.72365736407812],[144.70312720468877,-37.72365749139587],[144.70312647982948,-37.723657638791124],[144.7031257618494,-37.72365780608608],[144.7031250516141,-37.72365799307913],[144.7031243499799,-37.72365819954478],[144.7031236577927,-37.72365842523409],[144.70312297588697,-37.72365866987503],[144.7031223050849,-37.723658933172594],[144.70312164619517,-37.723659214809395],[144.70312100001217,-37.72365951444583],[144.703120367315,-37.7236598317207],[144.70311974886638,-37.723660166251456],[144.70311914541205,-37.723660517634805],[144.70311855767937,-37.723660885447075],[144.7031179863771,-37.72366126924482],[144.70311743219392,-37.72366166856541],[144.70311689579796,-37.723662082927305],[144.70311637783598,-37.723662511831],[144.7031158789324,-37.723662954759384],[144.7031153996887,-37.72366341117844],[144.70311494068272,-37.7236638805379],[144.70311053325796,-37.72366872294734],[144.70310633681268,-37.723673682201856],[144.70310235625237,-37.723678752504426],[144.70309859623006,-37.72368392792818],[144.70309506114103,-37.72368920242341],[144.70309175511758,-37.72369456982454],[144.70308868202437,-37.723700023857454],[144.7030858454536,-37.72370555814672],[144.70308324872113,-37.72371116622311],[144.70308089486244,-37.72371684153116],[144.7030787866291,-37.72372257743673],[144.70307692648555,-37.72372836723495],[144.70307531660626,-37.723734204157935],[144.70307395887315,-37.72374008138265],[144.70294129333678,-37.724376896066175],[144.70285529770877,-37.724594436073666],[144.70284346522783,-37.72465109359945],[144.70275705576768,-37.72495474567886],[144.70238665744202,-37.72672825629537],[144.7023104483443,-37.72721103989061]]]},"properties":{"LAYER":"POLY_NATURESTRIP_N1","LAYER_TYPE":"fill-extrusion"}},{"type":"Feature","geometry":{"type":"Polygon","coordinates":[[[144.70345495889117,-37.72236817735188],[144.70360381113935,-37.721847457113576],[144.70361945513872,-37.72177258678777],[144.70362725351754,-37.7216792037377],[144.7032268724886,-37.722917057618425],[144.70318111663883,-37.72306957370001],[144.70314212640062,-37.72322327115785],[144.70314087345878,-37.72322929131609],[144.70313988585397,-37.72323534254678],[144.70313916479017,-37.72324141747369],[144.70313871114635,-37.723247508691756],[144.70313852547545,-37.723253608775984],[144.70313860800405,-37.72325971029058],[144.70313895863148,-37.723265805798086],[144.70313957693043,-37.72327188786827],[144.70314046214736,-37.72327794908732],[144.70314161320317,-37.72328398206685],[144.70314302869488,-37.72328997945282],[144.70314470689718,-37.7232959339347],[144.70314664576435,-37.72330183825415],[144.70314884293316,-37.72330768521404],[144.70314908285098,-37.72330825086118],[144.70314934745213,-37.72330880951996],[144.7031496364148,-37.723309360511024],[144.70314994938755,-37.72330990316436],[144.70315028598986,-37.72331043682008],[144.7031506458124,-37.72331096082923],[144.70315102841766,-37.72331147455461],[144.70315143334028,-37.723311977371495],[144.70315186008796,-37.72331246866848],[144.70315230814165,-37.72331294784814],[144.7031527769566,-37.723313414327706],[144.70315326596275,-37.72331386754001],[144.70315377456538,-37.72331430693385],[144.70315430214598,-37.72331473197496],[144.70315484806306,-37.72331514214649],[144.70315541165277,-37.72331553694959],[144.7031559922297,-37.72331591590425],[144.7031565890879,-37.72331627854962],[144.70315720150165,-37.72331662444469],[144.7031578287261,-37.723316953168855],[144.70315846999858,-37.72331726432238],[144.7031591245393,-37.72331755752689],[144.7031597915523,-37.72331783242585],[144.70316047022646,-37.72331808868493],[144.70316115973654,-37.72331832599256],[144.703161859244,-37.723318544060156],[144.70316256789832,-37.72331874262252],[144.70316328483761,-37.723318921438235],[144.7031640091902,-37.7233190802898],[144.70316474007518,-37.7233192189841],[144.70316547660374,-37.723319337352436],[144.70316621788027,-37.72331943525088],[144.70316696300338,-37.723319512560415],[144.703167711067,-37.72331956918699],[144.7031684611614,-37.72331960506176],[144.70316921237438,-37.723319620141105],[144.70316996379262,-37.72331961440669],[144.70317071450222,-37.723319587865475],[144.70317146359037,-37.723319540549745],[144.7031722101461,-37.72331947251704],[144.70317295326166,-37.72331938385008],[144.70317369203326,-37.72331927465669],[144.70317442556268,-37.72331914506965],[144.70317515295784,-37.72331899524655],[144.70317587333426,-37.72331882536959],[144.70317658581587,-37.72331863564532],[144.70317728953634,-37.72331842630446],[144.70317798363988,-37.72331819760157],[144.7031786672824,-37.723317949814785],[144.70317933963264,-37.72331768324538],[144.703179999873,-37.72331739821755],[144.70318064720058,-37.72331709507788],[144.70318128082818,-37.723316774195006],[144.7031818999854,-37.7233164359591],[144.70318250391915,-37.72331608078151],[144.70318309189517,-37.72331570909414],[144.70318366319842,-37.72331532134894],[144.7031842171342,-37.72331491801746],[144.70318475302886,-37.72331449959014],[144.7031852702308,-37.72331406657578],[144.70318576811104,-37.723313619500956],[144.70319052147568,-37.723309043122796],[144.70319507654688,-37.72330434122914],[144.7031994280756,-37.72329951923841],[144.70320357104714,-37.723294582707354],[144.7032075006873,-37.7232895373248],[144.7032112124677,-37.723284388904894],[144.70321470211096,-37.72327914338061],[144.7032179655957,-37.72327380679675],[144.70322099916132,-37.72326838530313],[144.7032237993119,-37.72326288514737],[144.70322636282077,-37.723257312667705],[144.70322868673372,-37.7232516742858],[144.7032307683729,-37.72324597649917],[144.70323260533948,-37.723240225873845],[144.70323419551661,-37.723234429036715],[144.70323553707183,-37.72322859266796],[144.70336959778513,-37.722584358860026],[144.70345495889117,-37.72236817735188]]]},"properties":{"LAYER":"POLY_NATURESTRIP_N1","LAYER_TYPE":"fill-extrusion"}},{"type":"Feature","geometry":{"type":"Polygon","coordinates":[[[144.7070897440277,-37.71812692055994],[144.70707603238012,-37.71812558779351],[144.70606852555696,-37.71802971995951],[144.70509906681323,-37.71791453562359],[144.70509174053288,-37.71791376482848],[144.7050843857969,-37.71791318992748],[144.70507701090375,-37.71791281156926],[144.70506962417443,-37.71791263018073],[144.7050622339433,-37.717912645966514],[144.70505484854883,-37.717912858908846],[144.70504747632393,-37.71791326876742],[144.70504012558655,-37.71791387507981],[144.70503280463066,-37.7179146771619],[144.70502552171632,-37.7179156741087],[144.70501828506093,-37.7179168647954],[144.70501110282956,-37.717918247878515],[144.70500398312586,-37.71791982179752],[144.704996933983,-37.71792158477656],[144.70498996335454,-37.717923534826475],[144.70498307910538,-37.717925669747025],[144.704976289003,-37.717927987129364],[144.70496960070872,-37.717930484358845],[144.70496302176886,-37.71793315861781],[144.70495655960656,-37.71793600688892],[144.7049502215129,-37.717939025958415],[144.70494959633115,-37.71793934725223],[144.70494898549748,-37.717939685513244],[144.7049483897414,-37.71794004033758],[144.70494780977427,-37.71794041130144],[144.7049472462886,-37.7179407979619],[144.7049466999574,-37.71794119985721],[144.704946171433,-37.71794161650744],[144.70494566134653,-37.71794204741505],[144.70494517030716,-37.71794249206548],[144.70494469890122,-37.71794294992773],[144.70494424769169,-37.71794342045504],[144.70494381721736,-37.717943903085555],[144.70494340799232,-37.71794439724289],[144.70494302050517,-37.71794490233701],[144.7049426552187,-37.71794541776471],[144.7049423125691,-37.71794594291049],[144.7049419929655,-37.71794647714728],[144.70494169678963,-37.71794701983704],[144.70494142439512,-37.71794757033181],[144.7049411761073,-37.717948127974154],[144.7049409522226,-37.7179486920982],[144.70494075300843,-37.717949262030245],[144.70494057870263,-37.71794983708976],[144.7049404295134,-37.71795041658998],[144.7049403056189,-37.71795099983893],[144.70494020716703,-37.7179515861401],[144.70494013427538,-37.717952174793375],[144.704940087031,-37.71795276509579],[144.70494006549032,-37.71795335634243],[144.70494006967903,-37.717953947827276],[144.7049400995921,-37.717954538844026],[144.70494015519395,-37.717955128686846],[144.70494023641805,-37.71795571665141],[144.70494034316746,-37.71795630203558],[144.7049404753147,-37.71795688414038],[144.7049406327019,-37.717957462270604],[144.70494081514124,-37.717958035735904],[144.70494102241477,-37.717958603851514],[144.70494125427498,-37.71795916593895],[144.70494151044502,-37.71795972132701],[144.70494179061896,-37.71796026935251],[144.70494209446227,-37.71796080936099],[144.7049424216121,-37.717961340707596],[144.70494277167774,-37.71796186275784],[144.70494314424116,-37.717962374888295],[144.70494353885755,-37.7179628764874],[144.7049439550556,-37.71796336695617],[144.70494439233832,-37.7179638457089],[144.70494485018355,-37.7179643121739],[144.7049453280445,-37.717964765794136],[144.70494582535053,-37.717965206027884],[144.7049509600337,-37.717969450743205],[144.70495627176498,-37.71797355568269],[144.70496175451783,-37.71797751618902],[144.70496740207201,-37.71798132776882],[144.70497320801994,-37.71798498609767],[144.70497916577457,-37.71798848702496],[144.70498526857648,-37.71799182657872],[144.70499150950178,-37.717995000970056],[144.70499788146986,-37.71799800659746],[144.70500437725133,-37.71800084005088],[144.70501098947642,-37.71800349811559],[144.70501771064323,-37.71800597777588],[144.70502453312625,-37.718008276218455],[144.70503144918504,-37.718010390835595],[144.70503845097286,-37.718012319228166],[144.70504553054593,-37.718014059208286],[144.705052679872,-37.71801560880186],[144.70505989083995,-37.7180169662508],[144.70506715526832,-37.71801813001497],[144.7050744649154,-37.71801909877404],[144.70585493572204,-37.71811182960129],[144.70614714468098,-37.71817844912226],[144.70681606293067,-37.71828978048221],[144.70705360355413,-37.718318000613216],[144.7070897440277,-37.71812692055994]]]},"properties":{"LAYER":"POLY_NATURESTRIP_N1","LAYER_TYPE":"fill-extrusion"}},{"type":"Feature","geometry":{"type":"Polygon","coordinates":[[[144.70216630159396,-37.71762760852293],[144.7023522198965,-37.71762756912391],[144.70253803827887,-37.71763241116314],[144.70272355370096,-37.71764212935096],[144.70290856345332,-37.717656713069644],[144.7030928653788,-37.71767614638505],[144.70326529765603,-37.71769663707998],[144.703595981205,-37.717767814626185],[144.7043351945678,-37.717855653331625],[144.70434264744344,-37.717856643136905],[144.70435005313513,-37.71785783566215],[144.70435740290728,-37.717859229500654],[144.70436468809024,-37.71786082300827],[144.7043719000907,-37.71786261430536],[144.70437903040136,-37.71786460127895],[144.7043860706117,-37.71786678158525],[144.70439301241706,-37.71786915265243],[144.70439984762916,-37.717871711683664],[144.70440656818533,-37.717874455660315],[144.70441316615805,-37.71787738134572],[144.70441963376462,-37.7178804852888],[144.70442596337588,-37.717883763828176],[144.70443214752567,-37.71788721309661],[144.7044381789192,-37.7178908290254],[144.70444405044196,-37.717894607349315],[144.704449755168,-37.71789854361151],[144.7044552863682,-37.71790263316885],[144.704460637518,-37.7179068711974],[144.70446580230524,-37.717911252698066],[144.704466292145,-37.717911698050415],[144.70446676232496,-37.71791215657909],[144.70446721228365,-37.71791262773673],[144.70446764148397,-37.71791311096085],[144.70446804941366,-37.71791360567465],[144.70446843558565,-37.7179141112875],[144.70446879953906,-37.71791462719591],[144.70446914083928,-37.717915152783924],[144.70446945907895,-37.71791568742418],[144.70446975387813,-37.717916230478416],[144.704470024885,-37.7179167812984],[144.70447027177596,-37.71791733922653],[144.7044704942563,-37.717917903596806],[144.7044706920604,-37.71791847373554],[144.7044708649522,-37.71791904896208],[144.7044710127253,-37.71791962858974],[144.70447113520322,-37.71792021192664],[144.70447123223983,-37.71792079827637],[144.70447130371923,-37.71792138693901],[144.70447134955614,-37.71792197721181],[144.70447136969585,-37.717922568390115],[144.70447136411426,-37.71792315976828],[144.70447133281803,-37.71792375064027],[144.7044712758446,-37.71792434030077],[144.70447119326192,-37.717924928045825],[144.70447108516862,-37.71792551317387],[144.70447095169368,-37.71792609498636],[144.7044707929964,-37.71792667278879],[144.70447060926637,-37.71792724589137],[144.70447040072278,-37.717927813609975],[144.7044701676147,-37.7179283752669],[144.70446991022027,-37.71792893019166],[144.70446962884682,-37.71792947772175],[144.70446932383027,-37.71793001720365],[144.70446899553463,-37.71793054799331],[144.70446864435198,-37.71793106945706],[144.7044682707014,-37.71793158097245],[144.70446787502894,-37.71793208192883],[144.70446745780706,-37.71793257172821],[144.70446701953367,-37.717933049785856],[144.70446656073207,-37.71793351553111],[144.70446608194985,-37.71793396840796],[144.7044655837587,-37.71793440787581],[144.7044650667532,-37.71793483341002],[144.7044645315506,-37.71793524450263],[144.70446397878982,-37.717935640662866],[144.70446340913065,-37.717936021417856],[144.70446282325315,-37.717936386313006],[144.7044622218568,-37.717936734912776],[144.7044616056594,-37.71793706680099],[144.70446097539656,-37.71793738158152],[144.7044543903911,-37.71794042324431],[144.7044476767815,-37.717943282004164],[144.70444084261544,-37.71794595443419],[144.7044338960852,-37.717948437330925],[144.70442684551756,-37.71795072771805],[144.70441969936422,-37.71795282285006],[144.70441246619137,-37.71795472021551],[144.7044051546696,-37.71795641753996],[144.7043977735632,-37.71795791278885],[144.70439033172002,-37.717959204169745],[144.70438283806087,-37.7179602901347],[144.70437530156843,-37.71796116938193],[144.70436773127685,-37.717961840857456],[144.70436013626065,-37.71796230375642],[144.70435252562424,-37.717962557523876],[144.7043449084905,-37.7179626018557],[144.7043372939903,-37.717962436698684],[144.70432969125122,-37.71796206225084],[144.70432210938677,-37.71796147896105],[144.70431455748553,-37.71796068752846],[144.703322504602,-37.71784280343115],[144.70324688441667,-37.7178342300054],[144.7021484904606,-37.717715678009185],[144.70216630159396,-37.71762760852293]]]},"properties":{"LAYER":"POLY_NATURESTRIP_N1","LAYER_TYPE":"fill-extrusion"}},{"type":"Feature","geometry":{"type":"Polygon","coordinates":[[[144.7034614519144,-37.722369794977325],[144.70337623353504,-37.7225856150708],[144.70336959778513,-37.722584358860026],[144.70345495889117,-37.72236817735188],[144.7034614519144,-37.722369794977325]]]},"properties":{"LAYER":"POLY_SPLITTER_ISLAND","LAYER_TYPE":"fill-extrusion"}},{"type":"Feature","geometry":{"type":"Polygon","coordinates":[[[144.70442254665133,-37.71866452113957],[144.70438276667784,-37.71879568870412],[144.70434798956344,-37.71892775041706],[144.70435459255506,-37.71892909623281],[144.70438936057636,-37.71879703366541],[144.70442913719546,-37.71866586611973],[144.7045672436512,-37.71823883744778],[144.70456919810132,-37.71823318877217],[144.70457138977184,-37.71822759530237],[144.70457381620037,-37.71822206332284],[144.70457647466063,-37.718216599048866],[144.70457936216576,-37.71821120861976],[144.7045824754715,-37.718205898091774],[144.70458581107994,-37.71820067343144],[144.70458936524338,-37.71819554050883],[144.7045931339686,-37.7181905050909],[144.70459711302126,-37.71818557283506],[144.7046012979308,-37.71818074928286],[144.70460568399528,-37.71817603985366],[144.70461026628678,-37.71817144983862],[144.70461503965706,-37.718166984394756],[144.70461999874297,-37.71816264853912],[144.70462513797284,-37.718158447143146],[144.70463045157268,-37.71815438492718],[144.7046359335724,-37.71815046645526],[144.70464157781285,-37.71814669612987],[144.70464737795257,-37.71814307818707],[144.70465332747494,-37.7181396166917],[144.70465394280083,-37.71813928363948],[144.70465457224515,-37.71813896767405],[144.70465521505633,-37.71813866917273],[144.7046558704668,-37.718138388491944],[144.70465653769392,-37.71813812596683],[144.70465721594104,-37.71813788191092],[144.70465790439818,-37.718137656615575],[144.70465860224334,-37.718137450349865],[144.70465930864322,-37.71813726336005],[144.7046600227543,-37.71813709586941],[144.70466074372396,-37.71813694807796],[144.70466147069118,-37.71813682016217],[144.704662202788,-37.71813671227478],[144.70466293914015,-37.71813662454462],[144.70466367886843,-37.718136557076434],[144.70466442108957,-37.71813650995082],[144.70466516491723,-37.718136483223994],[144.70466590946333,-37.71813647692791],[144.70466665383873,-37.71813649107007],[144.70466739715454,-37.71813652563361],[144.7046681385233,-37.71813658057723],[144.7046688770597,-37.71813665583534],[144.70466961188185,-37.71813675131805],[144.70467034211234,-37.71813686691137],[144.70467106687926,-37.718137002477285],[144.70467178531712,-37.71813715785391],[144.70467249656804,-37.71813733285569],[144.70467319978277,-37.71813752727367],[144.7046738941216,-37.71813774087571],[144.70467457875546,-37.71813797340675],[144.70467525286685,-37.71813822458913],[144.7046759156507,-37.71813849412292],[144.70467656631578,-37.71813878168625],[144.70467720408502,-37.71813908693576],[144.70467782819688,-37.71813940950699],[144.70467843790618,-37.71813974901473],[144.70467903248488,-37.718140105053585],[144.7046796112229,-37.718140477198425],[144.70468017342932,-37.71814086500486],[144.7046807184327,-37.71814126800986],[144.70468124558238,-37.718141685732164],[144.7046817542488,-37.71814211767301],[144.70468224382464,-37.7181425633166],[144.70468271372525,-37.7181430221308],[144.70468316338952,-37.718143493567766],[144.70468359228065,-37.71814397706456],[144.70468399988636,-37.71814447204384],[144.70468438571996,-37.71814497791458],[144.70468474932085,-37.718145494072736],[144.7046850902547,-37.71814601990193],[144.70468540811447,-37.71814655477431],[144.70468834771324,-37.71815197335841],[144.7046910553803,-37.718157467678],[144.7046935280295,-37.718163031470766],[144.7046957628426,-37.71816865839531],[144.7046977572723,-37.71817434203817],[144.70469950904533,-37.71818007592138],[144.70470101616502,-37.71818585350955],[144.70470227691368,-37.71819166821758],[144.70470328985405,-37.718197513418076],[144.70470405383176,-37.71820338244879],[144.70470456797588,-37.718209268620384],[144.70470483170038,-37.718215165223974],[144.70470484470457,-37.71822106553876],[144.70470460697368,-37.71822696283975],[144.70470411877847,-37.71823285040532],[144.7047033806754,-37.718238721525026],[144.70470239350564,-37.71824456950706],[144.7047011583943,-37.718250387686126],[144.70469967674907,-37.718256169430745],[144.7046979502587,-37.71826190815109],[144.70447048498946,-37.71896523742561],[144.70421046886543,-37.71983255451089],[144.70417530059134,-37.71994129176038],[144.7041809014975,-37.71984599598793],[144.70419844581355,-37.71973332536732],[144.70421241412203,-37.7196203396394],[144.7042227975868,-37.719507110407875],[144.70423430371696,-37.7193836372764],[144.70425008266318,-37.71926046239867],[144.70427012245463,-37.71913767905701],[144.70426346879887,-37.71913645830015],[144.70424336718744,-37.719259538777315],[144.7042275419911,-37.71938301245422],[144.70421600524514,-37.719506785592465],[144.70420562561168,-37.71961995902624],[144.70419166037007,-37.71973288885318],[144.70417411836692,-37.719845503403754],[144.70416850331677,-37.71994103967924],[144.70416849641123,-37.719941226342954],[144.7041684976272,-37.71994141308472],[144.7041685069632,-37.71994159968169],[144.70416852440806,-37.71994178591112],[144.70416854994102,-37.71994197155073],[144.70416858353153,-37.71994215637893],[144.70416862513957,-37.71994234017514],[144.7041686747155,-37.71994252271995],[144.7041687322,-37.719942703795475],[144.7041687975246,-37.7199428831856],[144.70416887061123,-37.7199430606762],[144.70416895137276,-37.719943236055414],[144.70416903971272,-37.71994340911392],[144.70416913552566,-37.71994357964514],[144.70416923869723,-37.719943747445555],[144.7041693491043,-37.71994391231483],[144.70416946661507,-37.719944074056215],[144.7041695910893,-37.719944232476635],[144.70416972237842,-37.71994438738701],[144.7041698603257,-37.71994453860246],[144.7041700047665,-37.71994468594246],[144.7041701555284,-37.71994482923116],[144.70417031243144,-37.71994496829751],[144.7041704752884,-37.71994510297555],[144.7041706439048,-37.71994523310452],[144.7041708180795,-37.719945358529074],[144.7041709976045,-37.71994547909954],[144.70417118226558,-37.71994559467198],[144.70417137184228,-37.719945705108465],[144.70417156610833,-37.71994581027716],[144.70417176483193,-37.71994591005254],[144.70417196777578,-37.71994600431553],[144.70417217469765,-37.71994609295358],[144.70417238535066,-37.719946175860905],[144.7041725994833,-37.719946252938584],[144.70417281683996,-37.71994632409458],[144.70417303716124,-37.71994638924394],[144.70417326018415,-37.71994644830899],[144.7041734856425,-37.719946501219134],[144.70417371326718,-37.71994654791126],[144.7041739427865,-37.71994658832964],[144.7041741739265,-37.71994662242602],[144.7041744064113,-37.719946650159685],[144.70417463996338,-37.71994667149756],[144.704174874304,-37.719946686414175],[144.7041751091534,-37.7199466948917],[144.70417534423134,-37.71994669692006],[144.70417557925722,-37.71994669249679],[144.70417581395043,-37.719946681627206],[144.70417604803092,-37.71994666432424],[144.70417628121925,-37.71994664060861],[144.7041765132371,-37.71994661050855],[144.70417674380755,-37.719946574060025],[144.70417697265532,-37.719946531306526],[144.70417719950734,-37.719946482299115],[144.70417742409288,-37.71994642709622],[144.70417764614373,-37.71994636576379],[144.70417786539494,-37.719946298375056],[144.70417808158479,-37.71994622501037],[144.7041782944552,-37.71994614575737],[144.7041785037522,-37.71994606071061],[144.70417870922586,-37.71994596997163],[144.70417891063096,-37.71994587364873],[144.7041791077271,-37.71994577185687],[144.70417930027904,-37.719945664717564],[144.70417948805695,-37.71994555235867],[144.70417967083668,-37.71994543491433],[144.70417984840012,-37.7199453125247],[144.70418002053523,-37.71994518533588],[144.7041801870366,-37.719945053499686],[144.70418034770555,-37.719944917173464],[144.7041805023502,-37.71994477651993],[144.70418065078604,-37.719944631707],[144.70418079283587,-37.71994448290749],[144.70418092833012,-37.71994433029902],[144.70418105710715,-37.719944174063755],[144.70418117901312,-37.71994401438815],[144.70418129390265,-37.719943851462816],[144.7041814016385,-37.719943685482214],[144.7041815020921,-37.719943516644456],[144.70418159514364,-37.71994334515108],[144.70418168068196,-37.71994317120675],[144.70418175860502,-37.71994299501913],[144.70418182881974,-37.71994281679851],[144.70418189124234,-37.71994263675758],[144.70421707447903,-37.71983385321551],[144.70447709053207,-37.71896653611349],[144.7047045407751,-37.71826325310925],[144.70470632066184,-37.71825733690236],[144.70470784813088,-37.7182513763405],[144.70470912144117,-37.718245378217425],[144.7047101391416,-37.718239349369604],[144.7047109000722,-37.71823329666854],[144.70471140336582,-37.718227227012974],[144.70471164844884,-37.718221147320946],[144.704711635042,-37.71821506452189],[144.70471136316064,-37.71820898554881],[144.7047108331147,-37.71820291733037],[144.70471004550836,-37.71819686678298],[144.70470900123942,-37.71819084080286],[144.70470770149814,-37.718184846258225],[144.704706147766,-37.7181788899815],[144.7047043418139,-37.7181729787615],[144.70470228570036,-37.718167119335654],[144.70469998176895,-37.718161318382364],[144.70469743264562,-37.71815558251335],[144.7046946412358,-37.71814991826619],[144.7046916107212,-37.71814433209684],[144.70469119248457,-37.7181436283174],[144.70469074388734,-37.718142936436884],[144.7046902654651,-37.71814225728146],[144.70468975778928,-37.71814159166208],[144.70468922146594,-37.71814094037358],[144.70468865713553,-37.7181403041936],[144.7046880654719,-37.71813968388183],[144.70468744718164,-37.71813908017894],[144.70468680300291,-37.71813849380583],[144.704686133705,-37.718137925462656],[144.70468544008702,-37.718137375828064],[144.70468472297725,-37.718136845558384],[144.70468398323203,-37.71813633528677],[144.70468322173457,-37.71813584562254],[144.70468243939422,-37.718135377150375],[144.7046816371452,-37.71813493042969],[144.70468081594535,-37.718134505993916],[144.7046799767753,-37.718134104349836],[144.70467912063714,-37.71813372597706],[144.70467824855308,-37.71813337132735],[144.70467736156453,-37.718133040824256],[144.70467646073058,-37.718132734862394],[144.7046755471269,-37.71813245380708],[144.70467462184442,-37.71813219799396],[144.70467368598796,-37.718131967728475],[144.70467274067505,-37.71813176328559],[144.70467178703447,-37.71813158490939],[144.7046708262049,-37.71813143281293],[144.70466985933368,-37.718131307177764],[144.70466888757537,-37.71813120815395],[144.70466791209023,-37.718131135859714],[144.70466693404313,-37.7181310903814],[144.70466595460195,-37.7181310717733],[144.70466497493612,-37.718131080057624],[144.70466399621557,-37.71813111522447],[144.7046630196089,-37.718131177231875],[144.70466204628227,-37.7181312660058],[144.70466107739787,-37.71813138144023],[144.7046601141127,-37.718131523397304],[144.7046591575769,-37.71813169170755],[144.7046582089327,-37.718131886169964],[144.70465726931292,-37.71813210655237],[144.70465633983943,-37.71813235259158],[144.70465542162222,-37.718132623993846],[144.70465451575757,-37.71813292043506],[144.70465362332726,-37.71813324156127],[144.70465274539683,-37.718133586989005],[144.7046518830147,-37.7181339563058],[144.70465103721057,-37.71813434907067],[144.70465020899434,-37.71813476481462],[144.70464939935508,-37.718135203041214],[144.70464326582706,-37.71813877159294],[144.70463728630173,-37.718142501430684],[144.70463146749725,-37.71814638836386],[144.7046258159512,-37.71815042802542],[144.70462033801329,-37.71815461587671],[144.70461503983813,-37.718158947212565],[144.7046099273784,-37.71816341716661],[144.70460500637807,-37.718168020716746],[144.70460028236607,-37.71817275269078],[144.70459576065,-37.71817760777223],[144.70459144631013,-37.71818258050626],[144.70458734419375,-37.7181876653059],[144.7045834589098,-37.7181928564582],[144.70457979482345,-37.7181981481308],[144.70457635605158,-37.718203534378375],[144.70457314645765,-37.71820900914932],[144.7045701696479,-37.71821456629257],[144.7045674289668,-37.718220199564534],[144.70456492749372,-37.718225902636085],[144.7045626680391,-37.71823166909962],[144.70456065314167,-37.71823749247641],[144.70442254665133,-37.71866452113957]]]},"properties":{"LAYER":"POLY_SPLITTER_ISLAND","LAYER_TYPE":"fill-extrusion"}},{"type":"Feature","geometry":{"type":"Polygon","coordinates":[[[144.70434798956344,-37.71892775041706],[144.70426346879887,-37.71913645830015],[144.70427012245463,-37.71913767905701],[144.70435459255506,-37.71892909623281],[144.70434798956344,-37.71892775041706]]]},"properties":{"LAYER":"POLY_SPLITTER_ISLAND","LAYER_TYPE":"fill-extrusion"}},{"type":"Feature","geometry":{"type":"Polygon","coordinates":[[[144.7049353059111,-37.71608698821094],[144.7049434645729,-37.71624221560083],[144.70494487959374,-37.71639757416375],[144.70493954924808,-37.716552879076026],[144.70492747983485,-37.716707945576495],[144.7049086856709,-37.71686258918667],[144.70488318907346,-37.71701662592985],[144.70485102033427,-37.717169872550386],[144.70481221768347,-37.71732214673143],[144.7047668272444,-37.71747326731195],[144.70471119222185,-37.71764529649717],[144.7047094151427,-37.71765120265567],[144.7047078896214,-37.71765715303053],[144.704706617391,-37.71766314086271],[144.7047055998966,-37.71766915935049],[144.70470483829405,-37.71767520165748],[144.70470433344857,-37.7176812609201],[144.70470408593366,-37.7176873302556],[144.70470409603053,-37.71769340276972],[144.70470436372776,-37.71769947156461],[144.70470488872135,-37.717705529746716],[144.70470567041505,-37.71771157043439],[144.70470670792096,-37.71771758676597],[144.7047080000606,-37.717723571907435],[144.7047095453663,-37.717729519060164],[144.7047113420828,-37.717735421468724],[144.7047133881692,-37.717741272428434],[144.7047156813014,-37.71774706529317],[144.70471821887466,-37.7177527934827],[144.70472099800656,-37.7177584504903],[144.70472138933815,-37.717759172850144],[144.70472181217835,-37.71775988391682],[144.70472226601183,-37.717760582823324],[144.70472275028516,-37.71776126871757],[144.7047232644079,-37.71776194076326],[144.70472380775328,-37.71776259814106],[144.70472437965878,-37.71776324004944],[144.70472497942717,-37.71776386570579],[144.70472560632714,-37.71776447434732],[144.70472625959437,-37.71776506523189],[144.70472693843246,-37.717765637639154],[144.70472764201364,-37.71776619087116],[144.70472836948014,-37.71776672425342],[144.70472911994503,-37.717767237135625],[144.70472989249328,-37.71776772889243],[144.70473068618304,-37.71776819892428],[144.70473150004656,-37.717768646658136],[144.70473233309164,-37.71776907154809],[144.7047331843025,-37.71776947307609],[144.7047340526414,-37.71776985075255],[144.70473493704964,-37.71777020411707],[144.7047358364489,-37.717770532738804],[144.70473674974258,-37.71777083621704],[144.7047376758172,-37.71777111418182],[144.70473861354367,-37.717771366294194],[144.70473956177872,-37.71777159224683],[144.7047405193662,-37.71777179176421],[144.70474148513856,-37.71777196460309],[144.70474245791837,-37.71777211055272],[144.70474343651958,-37.7177722294352],[144.70474441974903,-37.717772321105535],[144.70474540640794,-37.71777238545198],[144.70474639529337,-37.71777242239609],[144.7047473851996,-37.71777243189279],[144.70474837491983,-37.71777241393053],[144.70474936324717,-37.717772368531236],[144.70475034897683,-37.71777229575017],[144.7047513309069,-37.71777219567616],[144.7047523078401,-37.71777206843117],[144.70475327858543,-37.71777191417039],[144.70475424195934,-37.717771733081825],[144.7047551967872,-37.717771525386304],[144.70475614190488,-37.71777129133708],[144.7047570761601,-37.71777103121947],[144.7047579984137,-37.71777074535062],[144.7047589075414,-37.71777043407909],[144.70475980243458,-37.71777009778437],[144.70476068200233,-37.71776973687651],[144.70476154517218,-37.71776935179551],[144.70476239089172,-37.71776894301086],[144.70476321812984,-37.71776851102098],[144.70476402587798,-37.717768056352575],[144.70476481315123,-37.71776757955997],[144.70476557898988,-37.717767081224494],[144.70476632246005,-37.71776656195371],[144.70477198163533,-37.71776232475674],[144.70477745462395,-37.71775793593762],[144.70478273499194,-37.717753400655745],[144.7047878165319,-37.71774872424275],[144.70479269327006,-37.717743912196134],[144.70479735947342,-37.71773897017286],[144.70480180965652,-37.71773390398271],[144.7048060385879,-37.717728719581366],[144.70481004129607,-37.71772342306355],[144.7048138130756,-37.71771802065574],[144.70481734949246,-37.717712518708936],[144.70482064638938,-37.71770692369111],[144.70482369989068,-37.71770124217965],[144.7048265064068,-37.71769548085365],[144.7048290626384,-37.71768964648603],[144.7048313655805,-37.71768374593552],[144.704833412526,-37.71767778613873],[144.70483520106845,-37.71767177410186],[144.7048367291054,-37.71766571689257],[144.70486853711364,-37.71751497450375],[144.70489480860988,-37.717363560570476],[144.70491552136878,-37.717211603380875],[144.70493065787528,-37.717059231682626],[144.70498219268612,-37.71685946114337],[144.7049827988868,-37.71684151957634],[144.7049947489755,-37.716666483621374],[144.70499967263657,-37.7164912340709],[144.70499756492038,-37.71631594887105],[144.70498842801666,-37.7161408060028],[144.70498036602973,-37.716081560948254],[144.7049736051653,-37.7160821709147],[144.7049816436313,-37.7161412370646],[144.70499076663867,-37.7163162068847],[144.7049928674509,-37.716491318772235],[144.70498794388538,-37.71666639492443],[144.70497600089166,-37.716841257573506],[144.7049754067793,-37.71685884131673],[144.7049238976023,-37.7170585124174],[144.70490877936066,-37.71721082103728],[144.7048880837685,-37.71736271530508],[144.70486182834782,-37.717514066369105],[144.7048300353375,-37.717664745837716],[144.7048285531411,-37.71767062133064],[144.70482681825447,-37.71767645300627],[144.7048248327169,-37.71768223400903],[144.70482259886262,-37.71768795754287],[144.70482011931753,-37.71769361687935],[144.70481739699653,-37.717699205365406],[144.7048144350999,-37.71770471643135],[144.70481123710954,-37.717710143598474],[144.70480780678488,-37.71771548048668],[144.70480414815842,-37.71772072082206],[144.70480026553128,-37.717725858444155],[144.70479616346765,-37.717730887313245],[144.70479184678985,-37.717735801517485],[144.70478732057245,-37.71774059527986],[144.7047825901364,-37.71774526296483],[144.70477766104258,-37.71774979908524],[144.70477253908555,-37.717754198308434],[144.70476723028662,-37.717758455462786],[144.70476174088665,-37.71776256554363],[144.7047611758493,-37.71776296018942],[144.70476059381204,-37.717763338924335],[144.70475999548432,-37.7177637012867],[144.7047593815958,-37.717764046834674],[144.70475875289483,-37.71776437514694],[144.704758110148,-37.71776468582327],[144.70475745413898,-37.717764978484816],[144.70475678566754,-37.717765252774775],[144.7047561055487,-37.71776550835876],[144.70475541461175,-37.71776574492511],[144.704754713699,-37.7177659621854],[144.70475400366513,-37.71776615987478],[144.7047532853757,-37.7177663377522],[144.70475255970658,-37.71776649560076],[144.70475182754248,-37.717766633228045],[144.70475108977604,-37.71776675046627],[144.70475034730686,-37.717766847172456],[144.70474960104005,-37.71776692322868],[144.70474885188563,-37.71776697854228],[144.70474810075683,-37.717767013045766],[144.70474734856955,-37.717767026697075],[144.70474659624085,-37.71776701947958],[144.70474584468795,-37.71776699140207],[144.70474509482725,-37.71776694249877],[144.70474434757296,-37.71776687282932],[144.70474360383608,-37.71776678247864],[144.70474286452347,-37.71776667155692],[144.70474213053652,-37.71776654019938],[144.70474140277008,-37.7177663885662],[144.70474068211146,-37.7177662168422],[144.7047399694394,-37.717766025236806],[144.7047392656227,-37.71776581398362],[144.70473857151956,-37.71776558334017],[144.70473788797614,-37.71776533358767],[144.70473721582596,-37.717765065030655],[144.7047365558884,-37.71776477799656],[144.7047359089682,-37.717764472835285],[144.70473527585395,-37.71776414991895],[144.7047346573177,-37.71776380964124],[144.7047340541135,-37.717763452417046],[144.70473346697682,-37.717763078681884],[144.70473289662348,-37.717762688891455],[144.70473234374896,-37.71776228352097],[144.70473180902727,-37.71776186306464],[144.70473129311034,-37.71776142803515],[144.7047307966272,-37.71776097896287],[144.70473032018316,-37.71776051639535],[144.70472986435925,-37.717760040896536],[144.70472942971102,-37.717759553046186],[144.7047290167685,-37.71775905343908],[144.70472862603518,-37.717758542684365],[144.70472825798743,-37.71775802140477],[144.70472791307398,-37.71775749023583],[144.70472759171534,-37.7177569498252],[144.70472729430332,-37.71775640083172],[144.70472459854497,-37.717750913534495],[144.70472213709849,-37.717745357190765],[144.70471991275974,-37.717739738112066],[144.70471792805552,-37.71773406268122],[144.70471618524002,-37.717728337345015],[144.70471468629296,-37.71772256860693],[144.70471343291703,-37.71771676301979],[144.70471242653576,-37.717710927178175],[144.70471166829233,-37.71770506771116],[144.70471115904803,-37.71769919127455],[144.70471089938115,-37.71769330454347],[144.7047108895866,-37.717687414204775],[144.70471112967556,-37.71768152694931],[144.70471161937513,-37.71767564946451],[144.7047123581291,-37.71766978842668],[144.70471334509813,-37.717663950493446],[144.7047145791612,-37.71765814229616],[144.70471605891632,-37.71765237043243],[144.7047177826826,-37.71764664145858],[144.70477341769126,-37.71747461226984],[144.70481886258636,-37.71732331034166],[144.7048577117875,-37.71717085342902],[144.70488991911594,-37.71701742291029],[144.70491544629567,-37.71686320132108],[144.70493426299876,-37.71670837213708],[144.70494634688117,-37.71655311955564],[144.70495168360912,-37.716397628276745],[144.70495026687598,-37.71624208328312],[144.70494209840953,-37.71608666962038],[144.7049353059111,-37.71608698821094]]]},"properties":{"LAYER":"POLY_SPLITTER_ISLAND","LAYER_TYPE":"fill-extrusion"}},{"type":"Feature","geometry":{"type":"Polygon","coordinates":[[[144.7070525971016,-37.71832334643947],[144.7068148610026,-37.71829510308493],[144.70614550623307,-37.71818369907079],[144.705853487675,-37.71811712295843],[144.70507345832957,-37.718024444579456],[144.70506592261043,-37.71802344585868],[144.7050584335085,-37.718022246101704],[144.7050509995205,-37.71802084666972],[144.70504362908073,-37.71801924915042],[144.7050363305514,-37.71801745535637],[144.70502911221297,-37.718015467322644],[144.70502198225506,-37.7180132873048],[144.70501494876706,-37.71801091777619],[144.70500801972875,-37.718008361425206],[144.70500120300153,-37.71800562115209],[144.70499450631934,-37.71800270006592],[144.70498793727987,-37.717999601480784],[144.70498150333603,-37.717996328912186],[144.70497521178743,-37.71799288607303],[144.70496906977223,-37.717989276869424],[144.7049630842588,-37.717985505396186],[144.70495726203796,-37.71798157593222],[144.70495160971535,-37.717977492935816],[144.70494613370374,-37.71797326103921],[144.70494084021604,-37.71796888504381],[144.70494018586598,-37.71796830578883],[144.70493955710154,-37.71796770892009],[144.70493895467368,-37.71796709515032],[144.7049383793017,-37.7179664652125],[144.7049378316727,-37.71796581985885],[144.70493731244065,-37.71796515985999],[144.70493682222562,-37.71796448600412],[144.70493636161302,-37.71796379909588],[144.7049359311528,-37.71796309995558],[144.70493553135898,-37.7179623894181],[144.70493516270912,-37.71796166833189],[144.7049348256433,-37.7179609375581],[144.70493452056414,-37.71796019796935],[144.70493424783587,-37.71795945044883],[144.7049340077842,-37.717958695889195],[144.70493380069578,-37.71795793519151],[144.70493362681796,-37.71795716926415],[144.70493348635827,-37.717956399021794],[144.70493337948454,-37.717955625384214],[144.7049333063243,-37.7179548492752],[144.704933266965,-37.717954071621634],[144.70493326145362,-37.71795329335209],[144.7049332897967,-37.717952515396],[144.70493335196045,-37.71795173868227],[144.70493344787053,-37.71795096413852],[144.70493357741256,-37.717950192689614],[144.70493374043176,-37.717949425256805],[144.70493393673345,-37.7179486627565],[144.70493416608318,-37.71794790609929],[144.7049344282072,-37.71794715618869],[144.70493472279233,-37.71794641392026],[144.70493504948692,-37.71794568018032],[144.70493540790076,-37.717944955845155],[144.7049357976059,-37.71794424177966],[144.70493621813696,-37.717943538836565],[144.7049366689918,-37.7179428478553],[144.70493714963195,-37.71794216966097],[144.70493765948348,-37.7179415050635],[144.7049381979375,-37.717940854856465],[144.70493876435114,-37.71794021981636],[144.70493935804785,-37.71793960070151],[144.70493997831883,-37.7179389982512],[144.70494062442327,-37.717938413184875],[144.70494129558966,-37.717937846201195],[144.7049419910165,-37.71793729797725],[144.7049427098734,-37.71793676916765],[144.70494345130186,-37.71793626040392],[144.7049442144165,-37.71793577229358],[144.70494499830608,-37.717935305419516],[144.70494580203456,-37.71793486033925],[144.70494662464205,-37.71793443758426],[144.70495315875894,-37.71793132514165],[144.70495982078165,-37.71792838877986],[144.70496660319353,-37.71792563181202],[144.70497349834193,-37.71792305734883],[144.70498049844707,-37.71792066829499],[144.70498759561073,-37.7179184673461],[144.70499478182518,-37.71791645698548],[144.7050020489823,-37.717914639481435],[144.70500938888256,-37.71791301688462],[144.70501679324428,-37.717911591025825],[144.70502425371322,-37.71791036351385],[144.70503176187177,-37.717909335733665],[144.7050393092485,-37.717908508844964],[144.70504688732768,-37.71790788378067],[144.705054487559,-37.71790746124605],[144.70506210136722,-37.71790724171791],[144.70506972016162,-37.71790722544385],[144.70507733534595,-37.71790741244234],[144.70508493832804,-37.7179078025023],[144.70509252052946,-37.717908395183684],[144.7051000733953,-37.71790918981775],[144.70606943367434,-37.71802436245279],[144.707076841641,-37.718120220877374],[144.70709058765263,-37.718121556983945],[144.7070897440277,-37.71812692055994],[144.70707603238012,-37.71812558779351],[144.70606852555696,-37.71802971995951],[144.70509906681323,-37.71791453562359],[144.70509174053288,-37.71791376482848],[144.7050843857969,-37.71791318992748],[144.70507701090375,-37.71791281156926],[144.70506962417443,-37.71791263018073],[144.7050622339433,-37.717912645966514],[144.70505484854883,-37.717912858908846],[144.70504747632393,-37.71791326876742],[144.70504012558655,-37.71791387507981],[144.70503280463066,-37.7179146771619],[144.70502552171632,-37.7179156741087],[144.70501828506093,-37.7179168647954],[144.70501110282956,-37.717918247878515],[144.70500398312586,-37.71791982179752],[144.704996933983,-37.71792158477656],[144.70498996335454,-37.717923534826475],[144.70498307910538,-37.717925669747025],[144.704976289003,-37.717927987129364],[144.70496960070872,-37.717930484358845],[144.70496302176886,-37.71793315861781],[144.70495655960656,-37.71793600688892],[144.7049502215129,-37.717939025958415],[144.70494959633115,-37.71793934725223],[144.70494898549748,-37.717939685513244],[144.7049483897414,-37.71794004033758],[144.70494780977427,-37.71794041130144],[144.7049472462886,-37.7179407979619],[144.7049466999574,-37.71794119985721],[144.704946171433,-37.71794161650744],[144.70494566134653,-37.71794204741505],[144.70494517030716,-37.71794249206548],[144.70494469890122,-37.71794294992773],[144.70494424769169,-37.71794342045504],[144.70494381721736,-37.717943903085555],[144.70494340799232,-37.71794439724289],[144.70494302050517,-37.71794490233701],[144.7049426552187,-37.71794541776471],[144.7049423125691,-37.71794594291049],[144.7049419929655,-37.71794647714728],[144.70494169678963,-37.71794701983704],[144.70494142439512,-37.71794757033181],[144.7049411761073,-37.717948127974154],[144.7049409522226,-37.7179486920982],[144.70494075300843,-37.717949262030245],[144.70494057870263,-37.71794983708976],[144.7049404295134,-37.71795041658998],[144.7049403056189,-37.71795099983893],[144.70494020716703,-37.7179515861401],[144.70494013427538,-37.717952174793375],[144.704940087031,-37.71795276509579],[144.70494006549032,-37.71795335634243],[144.70494006967903,-37.717953947827276],[144.7049400995921,-37.717954538844026],[144.70494015519395,-37.717955128686846],[144.70494023641805,-37.71795571665141],[144.70494034316746,-37.71795630203558],[144.7049404753147,-37.71795688414038],[144.7049406327019,-37.717957462270604],[144.70494081514124,-37.717958035735904],[144.70494102241477,-37.717958603851514],[144.70494125427498,-37.71795916593895],[144.70494151044502,-37.71795972132701],[144.70494179061896,-37.71796026935251],[144.70494209446227,-37.71796080936099],[144.7049424216121,-37.717961340707596],[144.70494277167774,-37.71796186275784],[144.70494314424116,-37.717962374888295],[144.70494353885755,-37.7179628764874],[144.7049439550556,-37.71796336695617],[144.70494439233832,-37.7179638457089],[144.70494485018355,-37.7179643121739],[144.7049453280445,-37.717964765794136],[144.70494582535053,-37.717965206027884],[144.7049509600337,-37.717969450743205],[144.70495627176498,-37.71797355568269],[144.70496175451783,-37.71797751618902],[144.70496740207201,-37.71798132776882],[144.70497320801994,-37.71798498609767],[144.70497916577457,-37.71798848702496],[144.70498526857648,-37.71799182657872],[144.70499150950178,-37.717995000970056],[144.70499788146986,-37.71799800659746],[144.70500437725133,-37.71800084005088],[144.70501098947642,-37.71800349811559],[144.70501771064323,-37.71800597777588],[144.70502453312625,-37.718008276218455],[144.70503144918504,-37.718010390835595],[144.70503845097286,-37.718012319228166],[144.70504553054593,-37.718014059208286],[144.705052679872,-37.71801560880186],[144.70505989083995,-37.7180169662508],[144.70506715526832,-37.71801813001497],[144.7050744649154,-37.71801909877404],[144.70585493572204,-37.71811182960129],[144.70614714468098,-37.71817844912226],[144.70681606293067,-37.71828978048221],[144.70705360355413,-37.718318000613216],[144.7070525971016,-37.71832334643947]]]},"properties":{"LAYER":"POLY_SPLITTER_ISLAND","LAYER_TYPE":"fill-extrusion"}},{"type":"Feature","geometry":{"type":"Polygon","coordinates":[[[144.70214757430594,-37.717721034059764],[144.70324596833885,-37.71783958606695],[144.70332149789402,-37.717848149217716],[144.70431355084636,-37.71796603332568],[144.70432133631212,-37.71796684923565],[144.70432915266778,-37.71796745056539],[144.7043369905437,-37.71796783659414],[144.70434484054448,-37.717968006859124],[144.70435269326026,-37.717967961156255],[144.70436053927776,-37.71796769954029],[144.70436836919185,-37.71796722232488],[144.70437617361682,-37.71796653008202],[144.7043839431972,-37.71796562364152],[144.70439166861956,-37.71796450408996],[144.7043993406233,-37.71796317276937],[144.70440695001187,-37.7179616312756],[144.70441448766366,-37.71795988145646],[144.70442194454338,-37.71795792540948],[144.7044293117122,-37.71795576547945],[144.70443658033903,-37.71795340425545],[144.70444374171083,-37.71795084456796],[144.70445078724322,-37.71794808948529],[144.7044577084906,-37.71794514231002],[144.70446449715632,-37.717942006574944],[144.70446532644957,-37.717941592390055],[144.7044661372356,-37.717941155695],[144.70446692854668,-37.71794069701108],[144.70446769943817,-37.717940216885815],[144.70446844898967,-37.717939715892406],[144.7044691763065,-37.7179391946289],[144.70446988052046,-37.71793865371757],[144.7044705607908,-37.71793809380409],[144.70447121630556,-37.717937515556876],[144.7044718462821,-37.717936919666265],[144.70447244996845,-37.717936306843555],[144.7044730266439,-37.717935677820286],[144.7044735756201,-37.7179350333474],[144.70447409624163,-37.71793437419423],[144.70447458788712,-37.71793370114764],[144.70447504996957,-37.7179330150111],[144.7044754819374,-37.717932316603644],[144.70447588327494,-37.71793160675903],[144.70447625350312,-37.717930886324645],[144.7044765921799,-37.71793015616049],[144.7044768989011,-37.7179294171382],[144.70447717330046,-37.71792867014003],[144.7044774150505,-37.717927916057654],[144.7044776238626,-37.717927155791315],[144.70447779948742,-37.717926390248536],[144.70447794171542,-37.7179256203432],[144.70447805037682,-37.717924846994435],[144.70447812534178,-37.71792407112536],[144.7044781665209,-37.7179232936622],[144.70447817386506,-37.71792251553306],[144.70447814736536,-37.71792173766682],[144.7044780870536,-37.71792096099209],[144.70447799300166,-37.717920186436],[144.70447786532185,-37.7179194149232],[144.70447770416655,-37.71791864737468],[144.7044775097283,-37.71791788470668],[144.70447728223897,-37.71791712782967],[144.70447702197035,-37.717916377647164],[144.70447672923297,-37.717915635054695],[144.70447640437638,-37.717914900938744],[144.7044760477884,-37.71791417617562],[144.70447565989468,-37.717913461630594],[144.7044752411582,-37.71791275815662],[144.70447479207888,-37.717912066593435],[144.70447431319286,-37.71791138776662],[144.70447380507179,-37.71791072248655],[144.70447326832218,-37.71791007154737],[144.70447270358483,-37.71790943572617],[144.7044721115339,-37.71790881578196],[144.70447149287614,-37.71790821245478],[144.70447084835007,-37.7179076264649],[144.70446552382705,-37.717903109454106],[144.70446000717774,-37.71789874035273],[144.70445430490955,-37.717894524314474],[144.7044484237487,-37.71789046631244],[144.7044423706325,-37.717886571133384],[144.70443615270125,-37.71788284337194],[144.70442977728925,-37.71787928742533],[144.704423251917,-37.717875907488],[144.70441658428166,-37.71787270754691],[144.70440978224818,-37.71786969137659],[144.7044028538401,-37.71786686253485],[144.70439580723001,-37.71786422435854],[144.70438865072998,-37.71786177995955],[144.70438139278164,-37.71785953222126],[144.70437404194624,-37.71785748379505],[144.70436660689472,-37.71785563709715],[144.7043590963973,-37.71785399430591],[144.7043515193131,-37.71785255735913],[144.7043438845799,-37.71785132795176],[144.70433620120346,-37.71785030753403],[144.703597379039,-37.717762515316736],[144.7032666955079,-37.71769133777427],[144.70309387210014,-37.71767080060074],[144.70290934719685,-37.71765134377437],[144.70272411361037,-37.71763674241202],[144.70253837374258,-37.717627012467084],[144.70235233054802,-37.71762216457019],[144.70216618731249,-37.71762220401731],[144.70216630159396,-37.71762760852293],[144.7023522198965,-37.71762756912391],[144.70253803827887,-37.71763241116314],[144.70272355370096,-37.71764212935096],[144.70290856345332,-37.717656713069644],[144.7030928653788,-37.71767614638505],[144.70326529765603,-37.71769663707998],[144.703595981205,-37.717767814626185],[144.7043351945678,-37.717855653331625],[144.70434264744344,-37.717856643136905],[144.70435005313513,-37.71785783566215],[144.70435740290728,-37.717859229500654],[144.70436468809024,-37.71786082300827],[144.7043719000907,-37.71786261430536],[144.70437903040136,-37.71786460127895],[144.7043860706117,-37.71786678158525],[144.70439301241706,-37.71786915265243],[144.70439984762916,-37.717871711683664],[144.70440656818533,-37.717874455660315],[144.70441316615805,-37.71787738134572],[144.70441963376462,-37.7178804852888],[144.70442596337588,-37.717883763828176],[144.70443214752567,-37.71788721309661],[144.7044381789192,-37.7178908290254],[144.70444405044196,-37.717894607349315],[144.704449755168,-37.71789854361151],[144.7044552863682,-37.71790263316885],[144.704460637518,-37.7179068711974],[144.70446580230524,-37.717911252698066],[144.704466292145,-37.717911698050415],[144.70446676232496,-37.71791215657909],[144.70446721228365,-37.71791262773673],[144.70446764148397,-37.71791311096085],[144.70446804941366,-37.71791360567465],[144.70446843558565,-37.7179141112875],[144.70446879953906,-37.71791462719591],[144.70446914083928,-37.717915152783924],[144.70446945907895,-37.71791568742418],[144.70446975387813,-37.717916230478416],[144.704470024885,-37.7179167812984],[144.70447027177596,-37.71791733922653],[144.7044704942563,-37.717917903596806],[144.7044706920604,-37.71791847373554],[144.7044708649522,-37.71791904896208],[144.7044710127253,-37.71791962858974],[144.70447113520322,-37.71792021192664],[144.70447123223983,-37.71792079827637],[144.70447130371923,-37.71792138693901],[144.70447134955614,-37.71792197721181],[144.70447136969585,-37.717922568390115],[144.70447136411426,-37.71792315976828],[144.70447133281803,-37.71792375064027],[144.7044712758446,-37.71792434030077],[144.70447119326192,-37.717924928045825],[144.70447108516862,-37.71792551317387],[144.70447095169368,-37.71792609498636],[144.7044707929964,-37.71792667278879],[144.70447060926637,-37.71792724589137],[144.70447040072278,-37.717927813609975],[144.7044701676147,-37.7179283752669],[144.70446991022027,-37.71792893019166],[144.70446962884682,-37.71792947772175],[144.70446932383027,-37.71793001720365],[144.70446899553463,-37.71793054799331],[144.70446864435198,-37.71793106945706],[144.7044682707014,-37.71793158097245],[144.70446787502894,-37.71793208192883],[144.70446745780706,-37.71793257172821],[144.70446701953367,-37.717933049785856],[144.70446656073207,-37.71793351553111],[144.70446608194985,-37.71793396840796],[144.7044655837587,-37.71793440787581],[144.7044650667532,-37.71793483341002],[144.7044645315506,-37.71793524450263],[144.70446397878982,-37.717935640662866],[144.70446340913065,-37.717936021417856],[144.70446282325315,-37.717936386313006],[144.7044622218568,-37.717936734912776],[144.7044616056594,-37.71793706680099],[144.70446097539656,-37.71793738158152],[144.7044543903911,-37.71794042324431],[144.7044476767815,-37.717943282004164],[144.70444084261544,-37.71794595443419],[144.7044338960852,-37.717948437330925],[144.70442684551756,-37.71795072771805],[144.70441969936422,-37.71795282285006],[144.70441246619137,-37.71795472021551],[144.7044051546696,-37.71795641753996],[144.7043977735632,-37.71795791278885],[144.70439033172002,-37.717959204169745],[144.70438283806087,-37.7179602901347],[144.70437530156843,-37.71796116938193],[144.70436773127685,-37.717961840857456],[144.70436013626065,-37.71796230375642],[144.70435252562424,-37.717962557523876],[144.7043449084905,-37.7179626018557],[144.7043372939903,-37.717962436698684],[144.70432969125122,-37.71796206225084],[144.70432210938677,-37.71796147896105],[144.70431455748553,-37.71796068752846],[144.703322504602,-37.71784280343115],[144.70324688441667,-37.7178342300054],[144.7021484904606,-37.717715678009185],[144.70214757430594,-37.717721034059764]]]},"properties":{"LAYER":"POLY_SPLITTER_ISLAND","LAYER_TYPE":"fill-extrusion"}},{"type":"Feature","geometry":{"type":"Polygon","coordinates":[[[144.70246236436137,-37.72716124515113],[144.70237804891528,-37.72737618954121],[144.70230795498588,-37.72767781617117],[144.70222931353226,-37.72797811039675],[144.7022275482828,-37.72798401346069],[144.70222553379628,-37.72798986597069],[144.70222327235683,-37.72799566129024],[144.70222076652885,-37.72800139284765],[144.70221801915378,-37.72800705414354],[144.70221503334704,-37.72801263875818],[144.7022118124943,-37.728018140358856],[144.7022083602479,-37.7280235527069],[144.7022046805225,-37.72802886966492],[144.70220077749076,-37.72803408520366],[144.70219665557858,-37.7280391934089],[144.70219231945987,-37.72804418848805],[144.70218777405174,-37.72804906477692],[144.70218302450843,-37.72805381674593],[144.7021780762158,-37.72805843900655],[144.70217293478493,-37.72806292631723],[144.70217224782698,-37.72806348616798],[144.70217153681992,-37.72806402674539],[144.70217080262032,-37.72806454739811],[144.7021700461129,-37.72806504749889],[144.70216926820905,-37.72806552644514],[144.702168469846,-37.72806598365983],[144.70216765198572,-37.72806641859211],[144.7021668156135,-37.72806683071794],[144.70216596173708,-37.72806721954076],[144.70216509138527,-37.72806758459212],[144.70216420560664,-37.728067925432214],[144.70216330546845,-37.728068241650355],[144.70216239205521,-37.728068532865535],[144.70216146646743,-37.72806879872692],[144.7021605298203,-37.728069038914185],[144.7021595832423,-37.728069253137974],[144.70215862787393,-37.7280694411401],[144.70215766486626,-37.728069602694134],[144.7021566953795,-37.728069737605395],[144.7021557205818,-37.728069845711325],[144.70215474164752,-37.7280699268817],[144.70215375975627,-37.72806998101872],[144.70215277609097,-37.728070008057145],[144.70215179183677,-37.72807000796439],[144.7021508081795,-37.72806998074061],[144.70214982630446,-37.728069926418534],[144.7021488473945,-37.72806984506367],[144.70214787262913,-37.72806973677403],[144.70214690318267,-37.72806960168007],[144.7021459402233,-37.728069439944576],[144.70214498491114,-37.728069251762356],[144.70214403839714,-37.72806903736023],[144.7021431018218,-37.728068796996446],[144.70214217631346,-37.72806853096064],[144.70214126298725,-37.7280682395733],[144.7021403629436,-37.72806792318555],[144.70213947726683,-37.72806758217856],[144.7021386070241,-37.728067216963176],[144.70213775326388,-37.72806682797946],[144.70213691701483,-37.72806641569603],[144.70213609928447,-37.72806598060965],[144.70213530105806,-37.72806552324451],[144.70213452329733,-37.728065044151684],[144.7021337669393,-37.728064543908374],[144.70213303289532,-37.728064023117305],[144.70213232204978,-37.728063482405915],[144.70213163525906,-37.72806292242572],[144.7021309733508,-37.728062343851384],[144.70213033712227,-37.728061747379996],[144.7021297273402,-37.728061133730215],[144.70212914473922,-37.728060503641345],[144.70212859002118,-37.72805985787259],[144.70212806385453,-37.72805919720197],[144.7021275668732,-37.72805852242548],[144.70212709967592,-37.728057834356136],[144.70212666282566,-37.72805713382294],[144.7021262568487,-37.728056421669905],[144.70212588223418,-37.72805569875508],[144.70212553943338,-37.72805496594945],[144.70212522885944,-37.72805422413589],[144.70212495088649,-37.72805347420823],[144.70212299104608,-37.72804741861872],[144.7021212969219,-37.72804131266555],[144.70211987055396,-37.7280351637017],[144.70211871366,-37.72802897913199],[144.70211782763303,-37.7280227664041],[144.70211721354,-37.72801653299961],[144.70211687212034,-37.72801028642499],[144.70211680378515,-37.72800403420262],[144.70211700861663,-37.7279977838616],[144.70211748636808,-37.72799154292881],[144.7021182364641,-37.72798531891979],[144.7021192580013,-37.72797911932973],[144.70212054974945,-37.727972951624345],[144.7021221101529,-37.72796682323097],[144.70221970940574,-37.72758952937285],[144.70230372980234,-37.72721017935463],[144.7023104483443,-37.72721103989061],[144.70222639437313,-37.727590541650414],[144.7021287561136,-37.72796798642838],[144.70212724252272,-37.72797393097003],[144.70212598952753,-37.72797991364436],[144.70212499863698,-37.7279859272468],[144.7021242710444,-37.72799196453559],[144.70212380762607,-37.727998018240456],[144.70212360894004,-37.72800408107127],[144.70212367522575,-37.728010145726984],[144.70212400640335,-37.728016204904364],[144.70212460207418,-37.728022251306705],[144.70212546152084,-37.72802827765271],[144.70212658370858,-37.728034276685285],[144.70212796728595,-37.72804024118017],[144.70212961058692,-37.728046163954666],[144.7021315116327,-37.72805203787641],[144.70213172289215,-37.728052607821425],[144.70213195892842,-37.72805317159971],[144.702132219457,-37.72805372853197],[144.70213250416413,-37.72805427794724],[144.70213281270662,-37.728054819183505],[144.7021331447129,-37.72805535158873],[144.70213349978283,-37.728055874521424],[144.70213387748868,-37.72805638735153],[144.70213427737534,-37.728056889461186],[144.70213469896106,-37.72805738024542],[144.70213514173787,-37.72805785911294],[144.70213560517223,-37.72805832548676],[144.7021360887059,-37.72805877880499],[144.7021365917562,-37.72805921852149],[144.7021371137171,-37.728059644106395],[144.70213765395977,-37.72806005504702],[144.7021382118332,-37.728060450848204],[144.70213878666524,-37.728060831033105],[144.70213937776342,-37.72806119514363],[144.70213998441548,-37.728061542741116],[144.70214060589055,-37.72806187340675],[144.70214124143976,-37.728062186742136],[144.7021418902975,-37.72806248236976],[144.70214255168196,-37.728062759933415],[144.7021432247963,-37.72806301909873],[144.70214390882944,-37.728063259553394],[144.70214460295736,-37.728063481007744],[144.70214530634362,-37.728063683194954],[144.70214601814084,-37.7280638658714],[144.7021467374914,-37.72806402881702],[144.7021474635286,-37.72806417183548],[144.70214819537773,-37.72806429475444],[144.70214893215692,-37.72806439742584],[144.70214967297855,-37.728064479726],[144.7021504169501,-37.72806454155567],[144.70215116317507,-37.728064582840425],[144.70215191075454,-37.7280646035305],[144.70215265878767,-37.72806460360099],[144.70215340637327,-37.728064583051776],[144.70215415261058,-37.728064541907656],[144.70215489660052,-37.728064480218194],[144.70215563744677,-37.72806439805766],[144.70215637425662,-37.72806429552512],[144.70215710614244,-37.72806417274408],[144.70215783222233,-37.728064029862445],[144.70215855162155,-37.72806386705239],[144.70215926347336,-37.728063684510076],[144.70215996692,-37.72806348245541],[144.70216066111402,-37.7280632611319],[144.702161345219,-37.72806302080614],[144.70216201841075,-37.72806276176767],[144.7021626798781,-37.72806248432867],[144.7021633288241,-37.72806218882334],[144.702163964467,-37.728061875607715],[144.7021645860408,-37.72806154505922],[144.70216519279666,-37.72806119757606],[144.70216578400357,-37.728060833576954],[144.70216635894926,-37.72806045350036],[144.7021669169409,-37.72806005780432],[144.70216745730625,-37.72805964696551],[144.70216797939426,-37.72805922147896],[144.70217296658228,-37.72805486878782],[144.7021777664262,-37.72805038519524],[144.7021823734833,-37.72804577578551],[144.7021867825293,-37.72804104578551],[144.70219098856464,-37.728036200558904],[144.70219498681968,-37.728031245600036],[144.7021987727607,-37.72802618652767],[144.7022023420946,-37.72802102907857],[144.7022056907739,-37.72801577910115],[144.70220881500134,-37.72801044254868],[144.70221171123427,-37.72800502547263],[144.7022143761885,-37.7279995340158],[144.70221680684202,-37.72799397440525],[144.7022190004387,-37.72798835294541],[144.70222095449117,-37.72798267601082],[144.70222266678354,-37.72797695003893],[144.7023013199145,-37.72767660151833],[144.70237141903172,-37.727374919673096],[144.70245586707628,-37.72715963729971],[144.70246236436137,-37.72716124515113]]]},"properties":{"LAYER":"POLY_SPLITTER_ISLAND","LAYER_TYPE":"fill-extrusion"}},{"type":"Feature","geometry":{"type":"Polygon","coordinates":[[[144.70178497340655,-37.72909679573572],[144.7018977626116,-37.72879791017506],[144.70200191601694,-37.72849705408621],[144.70200397505113,-37.72849122861894],[144.7020062791978,-37.72848546134878],[144.70200882585843,-37.72847975877981],[144.70201161216085,-37.728474127343134],[144.7020146349628,-37.72846857338964],[144.7020178908553,-37.72846310318284],[144.70202137616636,-37.72845772289176],[144.7020250869653,-37.728452438584064],[144.7020290190674,-37.72844725621918],[144.70203316803804,-37.7284421816415],[144.70203752919815,-37.728437220573916],[144.70204209762937,-37.728432378611295],[144.70204686817968,-37.7284276612142],[144.702051835469,-37.728423073702665],[144.70205699389535,-37.7284186212503],[144.70205768454375,-37.728418064525414],[144.70205839909704,-37.72841752716903],[144.70205913669474,-37.728417009828284],[144.70205989644862,-37.72841651312616],[144.70206067744365,-37.72841603766083],[144.70206147873932,-37.72841558400491],[144.70206229937068,-37.72841515270469],[144.70206313834947,-37.72841474427957],[144.70206399466528,-37.72841435922143],[144.7020648672869,-37.728413997994],[144.70206575516352,-37.72841366103224],[144.70206665722586,-37.728413348741974],[144.70206757238753,-37.72841306149929],[144.70206849954647,-37.728412799650094],[144.70206943758618,-37.72841256350973],[144.7020703853769,-37.728412353362586],[144.70207134177735,-37.72841216946169],[144.70207230563565,-37.72841201202857],[144.70207327579115,-37.72841188125278],[144.70207425107552,-37.728411777291804],[144.7020752303142,-37.728411700270875],[144.70207621232788,-37.72841165028272],[144.70207719593404,-37.72841162738752],[144.7020781799482,-37.728411631612914],[144.70207916318515,-37.72841166295374],[144.70208014446098,-37.7284117213723],[144.7020811225939,-37.728411806798206],[144.702082096406,-37.72841191912863],[144.70208306472452,-37.72841205822827],[144.70208402638335,-37.728412223929595],[144.70208498022436,-37.72841241603308],[144.70208592509894,-37.72841263430736],[144.70208685986915,-37.72841287848961],[144.7020877834093,-37.728413148285725],[144.70208869460717,-37.72841344337083],[144.7020895923655,-37.72841376338956],[144.70209047560306,-37.72841410795653],[144.70209134325626,-37.72841447665674],[144.70209219428014,-37.72841486904621],[144.70209302764988,-37.728415284652414],[144.7020938423619,-37.72841572297484],[144.70209463743507,-37.72841618348563],[144.70209541191178,-37.728416665630164],[144.7020961648595,-37.72841716882787],[144.70209689537145,-37.7284176924727],[144.70209760256785,-37.728418235934114],[144.70209828559703,-37.7284187985576],[144.7020989436365,-37.728419379665596],[144.70209957589375,-37.72841997855831],[144.70210018160736,-37.7284205945145],[144.702100760048,-37.72842122679238],[144.70210131051897,-37.72842187463056],[144.70210183235736,-37.72842253724882],[144.7021023249347,-37.72842321384922],[144.7021027876579,-37.728423903616935],[144.70210321996962,-37.72842460572127],[144.70210362134927,-37.72842531931676],[144.7021039913135,-37.72842604354401],[144.70210432941676,-37.72842677753084],[144.70210463525183,-37.72842752039335],[144.70210490845048,-37.72842827123695],[144.70210683112276,-37.72843433734614],[144.7021084875162,-37.728440452809366],[144.70210987563416,-37.72844661025528],[144.70211099380336,-37.728452802262],[144.70211184067608,-37.72845902136592],[144.7021124152313,-37.728465260070806],[144.7021127167765,-37.72847151085682],[144.70211274494815,-37.728477766189485],[144.7021124997122,-37.72848401852892],[144.7021119813641,-37.728490260338766],[144.7021111905287,-37.72849648409549],[144.70211012815915,-37.72850268229715],[144.70210879553585,-37.72850884747272],[144.70210719426507,-37.72851497219096],[144.7021053262769,-37.72852104906936],[144.70198002883822,-37.728879953442274],[144.70184243076878,-37.729236004632504],[144.70179511322885,-37.729358654271685],[144.70178862739746,-37.729357017033394],[144.7018359527133,-37.72923434811375],[144.70197349624542,-37.72887843812474],[144.70209874402568,-37.7285196760839],[144.70210055597468,-37.72851378151195],[144.70210210920789,-37.72850784053539],[144.70210340185298,-37.728501860315184],[144.702104432352,-37.72849584805964],[144.70210519946284,-37.72848981101569],[144.70210570226098,-37.72848375646017],[144.70210594014048,-37.72847769169094],[144.70210591281457,-37.72847162401829],[144.70210562031627,-37.728465560755865],[144.70210506299819,-37.72845950921211],[144.70210424153228,-37.72845347668126],[144.70210315690863,-37.72844747043471],[144.70210181043473,-37.7284414977121],[144.70210020373364,-37.72843556571271],[144.70209833874202,-37.72842968158671],[144.70209813111111,-37.72842911094554],[144.7020978986765,-37.72842854637004],[144.70209764171804,-37.728427988540034],[144.70209736054525,-37.72842743812732],[144.70209705549678,-37.728426895794726],[144.70209672693989,-37.72842636219542],[144.70209637527037,-37.72842583797194],[144.70209600091155,-37.728425323755616],[144.7020956043144,-37.72842482016571],[144.70209518595652,-37.72842432780871],[144.7020947463417,-37.72842384727747],[144.70209428599932,-37.72842337915074],[144.7020938054838,-37.72842292399227],[144.7020933053738,-37.728422482350176],[144.70209278627163,-37.728422054756315],[144.7020922488024,-37.728421641725625],[144.7020916936133,-37.728421243755506],[144.70209112137303,-37.728420861325226],[144.70209053277068,-37.72842049489534],[144.70208992851508,-37.72842014490713],[144.70208930933393,-37.72841981178208],[144.7020886759729,-37.72841949592135],[144.70208802919473,-37.72841919770532],[144.7020873697783,-37.72841891749313],[144.70208669851772,-37.72841865562223],[144.70208601622136,-37.72841841240797],[144.70208532371095,-37.72841818814331],[144.70208462182032,-37.72841798309822],[144.70208391139496,-37.72841779751971],[144.7020831932902,-37.72841763163123],[144.702082468371,-37.72841748563256],[144.70208173751027,-37.72841735969954],[144.7020810015881,-37.72841725398382],[144.7020802614909,-37.7284171686127],[144.70207951810983,-37.72841710368899],[144.70207877234014,-37.72841705929088],[144.70207802507997,-37.72841703547184],[144.7020772772292,-37.72841703226056],[144.70207652968844,-37.728417049660905],[144.70207578335797,-37.7284170876519],[144.70207503913653,-37.7284171461878],[144.70207429792035,-37.72841722519815],[144.70207356060214,-37.72841732458776],[144.70207282806976,-37.728417444236946],[144.70207210120535,-37.72841758400162],[144.7020713808844,-37.72841774371346],[144.7020706679742,-37.72841792318015],[144.70206996333334,-37.728418122185545],[144.70206926781037,-37.72841834049],[144.70206858224302,-37.728418577830624],[144.70206790745675,-37.72841883392157],[144.70206724426424,-37.728419108454446],[144.7020665934642,-37.72841940109865],[144.7020659558403,-37.72841971150175],[144.70206533216046,-37.72842003928994],[144.70206472317574,-37.72842038406846],[144.7020641296195,-37.72842074542213],[144.70206355220654,-37.72842112291577],[144.70206299163226,-37.728421516094755],[144.70206244857172,-37.72842192448564],[144.702061923679,-37.72842234759655],[144.70205692000545,-37.728426666475556],[144.70205210173486,-37.72843111636197],[144.70204747430117,-37.728435692237376],[144.70204304292298,-37.7284403889413],[144.70203881259783,-37.72844520117708],[144.7020347880965,-37.72845012351762],[144.70203097395776,-37.72845515041178],[144.70202737448298,-37.72846027619043],[144.70202399373153,-37.728465495072975],[144.7020208355162,-37.72847080117374],[144.70201790339863,-37.72847618850879],[144.70201520068565,-37.728481651002525],[144.70201273042528,-37.728487182494575],[144.70201049540339,-37.72849277674678],[144.70200849814066,-37.72849842745016],[144.70190423449748,-37.7287995934807],[144.70179132068017,-37.72909878559555],[144.70178497340655,-37.72909679573572]]]},"properties":{"LAYER":"POLY_SPLITTER_ISLAND","LAYER_TYPE":"fill-extrusion"}},{"type":"Feature","geometry":{"type":"Polygon","coordinates":[[[144.70178497340655,-37.72909679573572],[144.7016598126172,-37.729302994073045],[144.70160661367308,-37.72943646341061],[144.7015586996924,-37.729571189674566],[144.70151611764032,-37.72970704088683],[144.70147890925955,-37.72984388396655],[144.7014471110294,-37.72998158486059],[144.70142075412983,-37.73012000867476],[144.70139986441097,-37.73025901980589],[144.70137726125387,-37.730408264820895],[144.70136375815494,-37.730539254460204],[144.7013637428111,-37.73053944146152],[144.7013637356388,-37.730539628772924],[144.70136373664664,-37.73053981616923],[144.70136374583336,-37.730540003425105],[144.7013637631879,-37.7305401903155],[144.70136378868955,-37.73054037661575],[144.70136382230754,-37.73054056210185],[144.70136386400142,-37.730540746550844],[144.70136391372114,-37.73054092974101],[144.7013639714069,-37.73054111145206],[144.70136403698936,-37.730541291465634],[144.7013641103897,-37.73054146956528],[144.7013641915196,-37.73054164553691],[144.70136428028167,-37.73054181916899],[144.7013643765691,-37.73054199025275],[144.70136448026614,-37.73054215858257],[144.70136459124816,-37.73054232395604],[144.70136470938175,-37.730542486174414],[144.7013648345249,-37.73054264504263],[144.70136496652708,-37.730542800369754],[144.70136510522977,-37.73054295196901],[144.70136525046607,-37.73054309965818],[144.7013654020615,-37.730543243259724],[144.70136555983373,-37.73054338260101],[144.7013657235931,-37.7305435175145],[144.70136589314285,-37.73054364783803],[144.70136606827904,-37.73054377341494],[144.7013662487912,-37.730543894094225],[144.70136643446227,-37.730544009730885],[144.7013666250691,-37.73054412018585],[144.7013668203825,-37.73054422532634],[144.70136702016774,-37.730544325025996],[144.70136722418462,-37.73054441916494],[144.70136743218785,-37.73054450762998],[144.70136764392743,-37.7305445903148],[144.70136785914872,-37.73054466711998],[144.70136807759312,-37.73054473795321],[144.70136829899792,-37.73054480272934],[144.70136852309705,-37.730544861370475],[144.70136874962103,-37.73054491380611],[144.7013689782976,-37.730544959973265],[144.70136920885182,-37.730544999816395],[144.70136944100656,-37.730545033287605],[144.7013696744827,-37.730545060346664],[144.70136990899957,-37.73054508096108],[144.70137014427524,-37.73054509510597],[144.70137038002702,-37.73054510276445],[144.70137061597126,-37.73054510392724],[144.7013708518245,-37.73054509859296],[144.70137108730302,-37.73054508676803],[144.701371322124,-37.73054506846664],[144.70137155600494,-37.730545043710855],[144.7013717886648,-37.73054501253035],[144.70137201982376,-37.73054497496266],[144.70137224920407,-37.73054493105294],[144.7013724765299,-37.73054488085398],[144.70137270152804,-37.73054482442609],[144.70137292392792,-37.730544761837166],[144.7013731434622,-37.73054469316241],[144.70137335986703,-37.730544618484366],[144.70137357288215,-37.73054453789285],[144.7013737822516,-37.730544451484704],[144.70137398772366,-37.73054435936386],[144.70137418905128,-37.730544261640986],[144.70137438599247,-37.73054415843362],[144.70137457831046,-37.7305440498658],[144.70137476577403,-37.73054393606804],[144.70137494815788,-37.73054381717718],[144.70137512524266,-37.73054369333612],[144.70137529681563,-37.730543564693726],[144.7013754626704,-37.730543431404634],[144.70137562260769,-37.73054329362912],[144.7013757764351,-37.730543151532764],[144.70137592396784,-37.73054300528645],[144.7013760650285,-37.73054285506593],[144.7013761994475,-37.73054270105181],[144.7013763270633,-37.730542543429195],[144.7013764477224,-37.730542382387696],[144.70137656127974,-37.730542218120796],[144.7013766675989,-37.73054205082599],[144.70137676655204,-37.7305418807044],[144.7013768580202,-37.73054170796055],[144.70137694189344,-37.7305415328021],[144.70137701807084,-37.730541355439605],[144.7013770864609,-37.73054117608626],[144.70149077983274,-37.73022909003533],[144.7015832357743,-37.72993699372545],[144.70168470069925,-37.729646790052556],[144.70179511322885,-37.729358654271685],[144.70178862739746,-37.729357017033394],[144.70167818303653,-37.72964523379156],[144.7015766873633,-37.729935518722904],[144.70148420175576,-37.73022769657911],[144.70137053841566,-37.73053970303795],[144.70138402902907,-37.73040885293269],[144.70140663385922,-37.73025957631885],[144.70142749003918,-37.73012078181125],[144.7014538029692,-37.7299825734513],[144.70148554686054,-37.72984508653609],[144.70152269060827,-37.72970845565564],[144.70156519782208,-37.729572814561394],[144.7016130268619,-37.72943829603505],[144.70166613087886,-37.729305031758734],[144.70179132068017,-37.72909878559555],[144.70178497340655,-37.72909679573572]]]},"properties":{"LAYER":"POLY_SPLITTER_ISLAND","LAYER_TYPE":"fill-extrusion"}},{"type":"Feature","geometry":{"type":"Polygon","coordinates":[[[144.70112071512236,-37.72272311623832],[144.70111020171404,-37.722743059430044],[144.70235552799167,-37.72315725888871],[144.70237352589575,-37.72316295644709],[144.7023917610488,-37.72316815630913],[144.70241021164472,-37.72317285225667],[144.70242885561962,-37.72317703867412],[144.70246422538438,-37.72318445867191],[144.70248332241005,-37.72318874681203],[144.70250222136116,-37.723193556862114],[144.70252089963802,-37.72319888307026],[144.70253933490494,-37.72320471906736],[144.7028271924685,-37.723300458625594],[144.70283240399357,-37.723302108953014],[144.7028376838068,-37.723303616123495],[144.70284302567748,-37.72330497835835],[144.70284842330187,-37.72330619405005],[144.70285387031018,-37.72330726176401],[144.70285936027443,-37.72330818024019],[144.70286488671596,-37.72330894839469],[144.70287044311314,-37.72330956532104],[144.7028760229088,-37.72331003029119],[144.7028816195183,-37.723310342756434],[144.7028872263372,-37.723310502348056],[144.7028928367488,-37.723310508877724],[144.70289844413242,-37.72331036233769],[144.70290032020623,-37.72330134038577],[144.7025114374316,-37.72317200056064],[144.70240010306824,-37.72314864443723],[144.70112071512236,-37.72272311623832]]]},"properties":{"LAYER":"POLY_NATURESTRIP_N1","LAYER_TYPE":"fill-extrusion"}},{"type":"Feature","geometry":{"type":"Polygon","coordinates":[[[144.70704504877622,-37.71836344005807],[144.7070457197434,-37.71835987617375],[144.70611927819402,-37.71824981123288],[144.7058466711328,-37.71824930449048],[144.7053727267819,-37.718192993968074],[144.70535339591433,-37.718190969701865],[144.7053339880802,-37.71818948100733],[144.70531452678716,-37.71818852968765],[144.70529503560743,-37.71818811689506],[144.7052755381496,-37.71818824312955],[144.7052560580297,-37.71818890823821],[144.70523661884292,-37.71819011141544],[144.7052172441348,-37.71819185120383],[144.70519795737272,-37.71819412549611],[144.70517878191768,-37.718196931537534],[144.70515974099573,-37.718200265929305],[144.70514085767002,-37.71820412463266],[144.70512215481287,-37.71820850297374],[144.70494867529223,-37.718251734524955],[144.70500143596723,-37.71829402307563],[144.70539635200714,-37.71819944458966],[144.70584632848443,-37.718252907380496],[144.70611893555883,-37.718253414124135],[144.70704504877622,-37.71836344005807]]]},"properties":{"LAYER":"POLY_NATURESTRIP_N1","LAYER_TYPE":"fill-extrusion"}},{"type":"Feature","geometry":{"type":"Polygon","coordinates":[[[144.70488227215813,-37.718268282278025],[144.70487066653916,-37.7182711744097],[144.70486524202727,-37.71827260952656],[144.70485988407984,-37.718274194600305],[144.70485459926422,-37.718275927688104],[144.704849394058,-37.718277806665704],[144.70484427484115,-37.71827982923005],[144.70483924788826,-37.718281992902085],[144.70483431936097,-37.71828429502979],[144.70482949530015,-37.71828673279144],[144.7048247816186,-37.718289303199086],[144.704820184094,-37.71829200310219],[144.70481570836142,-37.718294829191464],[144.7048113599069,-37.71829777800295],[144.70480714406028,-37.718300845922315],[144.70480306598895,-37.71830402918921],[144.70479913069147,-37.71830732390188],[144.70479534299128,-37.71831072602202],[144.7047917075311,-37.71831423137964],[144.7047882287668,-37.7183178356782],[144.70478491096236,-37.71832153449991],[144.7047817581845,-37.718325323311134],[144.7047787742976,-37.71832919746793],[144.70477596295908,-37.718333152221696],[144.7047733276147,-37.71833718272513],[144.70477087149473,-37.71834128403798],[144.70476859760964,-37.718345451133324],[144.7047665087466,-37.7183496789035],[144.70476460746593,-37.71835396216654],[144.7047628960981,-37.718358295672395],[144.70476137674066,-37.71836267410949],[144.7044714672485,-37.71925908121739],[144.70442634658198,-37.71939049580189],[144.7043763518144,-37.71952079263874],[144.7043285284308,-37.719645429912454],[144.70428536711864,-37.719771136336746],[144.7038101867099,-37.72124032889916],[144.70376498302008,-37.72138899357759],[144.7037252205128,-37.7215386361286],[144.70369093260265,-37.7216891309224],[144.70354233791429,-37.722400890592404],[144.7035312974322,-37.72264759747603],[144.70338540871398,-37.72334819452661],[144.7034058375943,-37.7233549893249],[144.70355282252385,-37.722648454960726],[144.7035627809993,-37.72240760197303],[144.70371219018014,-37.72169193477068],[144.70374636685816,-37.72154192800526],[144.70378600038094,-37.721392770717976],[144.70383105744244,-37.72124458813131],[144.70423714515246,-37.71998902368329],[144.70428013895358,-37.71986380581746],[144.70432777672136,-37.71973965294957],[144.7043779575949,-37.719608871770546],[144.70442324623397,-37.719476968686145],[144.70478940414458,-37.71834480194665],[144.70487083128165,-37.718325301257636],[144.70488227215813,-37.718268282278025]]]},"properties":{"LAYER":"POLY_NATURESTRIP_N1","LAYER_TYPE":"fill-extrusion"}},{"type":"Feature","geometry":{"type":"Polygon","coordinates":[[[144.7010374838127,-37.72288099980696],[144.70226237235104,-37.72328840196173],[144.70227463896268,-37.72329263199182],[144.70228676249585,-37.7232971147277],[144.70263240991008,-37.723429302720945],[144.70264710840812,-37.72343473749915],[144.70266198037586,-37.723439865895685],[144.70285796021784,-37.72350504699157],[144.70285226153015,-37.723532451535945],[144.70264883898378,-37.72346479506716],[144.70263315285305,-37.72345938591704],[144.70261764968876,-37.723453653612445],[144.70227200219205,-37.723321465573534],[144.70226068331533,-37.72331728036291],[144.70224923085638,-37.723313331085635],[144.70102434199333,-37.72290592878469],[144.7010374838127,-37.72288099980696]]]},"properties":{"LAYER":"POLY_NATURESTRIP_N1","LAYER_TYPE":"fill-extrusion"}},{"type":"Feature","geometry":{"type":"Polygon","coordinates":[[[144.7010506256229,-37.72285607082738],[144.70105588234443,-37.72284609923503],[144.70228077042796,-37.723253501185106],[144.70229417685275,-37.7232581242688],[144.70230742690444,-37.72326302353975],[144.702653074203,-37.72339521146902],[144.7026666461692,-37.72340022971069],[144.7026803783097,-37.7234049650526],[144.7028312519472,-37.723455144271036],[144.70283636370752,-37.72345692655265],[144.70284139579567,-37.72345884656082],[144.70284634233235,-37.72346090205222],[144.702851197538,-37.72346309062528],[144.70285595573998,-37.72346540972291],[144.7028606113789,-37.72346785663553],[144.70286515901506,-37.72347042850419],[144.70286365890078,-37.72347764244664],[144.70267512175926,-37.72341493672249],[144.70266106395385,-37.7234100890793],[144.70264717012142,-37.7234049518272],[144.7023015227899,-37.72327276387969],[144.70228859460053,-37.72326798361872],[144.7022755138365,-37.723263472835974],[144.7010506256229,-37.72285607082738]]]},"properties":{"LAYER":"POLY_NATURESTRIP_N1","LAYER_TYPE":"fill-extrusion"}},{"type":"Feature","geometry":{"type":"Polygon","coordinates":[[[144.70339425605022,-37.723661950147076],[144.70339177502407,-37.72367388160463],[144.7034300242694,-37.72366275680915],[144.70350912827925,-37.723693094501684],[144.70358696530735,-37.72372543383574],[144.70366345510143,-37.723759741469436],[144.70373851879793,-37.72379598203154],[144.70382931369565,-37.72382779803117],[144.70390280382094,-37.72386437972186],[144.7039776296453,-37.72389921124927],[144.70405372512624,-37.72393226186951],[144.70413102310042,-37.723963502410555],[144.70420945534286,-37.72399290529793],[144.7042889526271,-37.724020444579175],[144.70549901417513,-37.72442273758428],[144.70550426895403,-37.72441276528861],[144.70429420753325,-37.72401047234089],[144.70421491632038,-37.723983002116384],[144.7041366897719,-37.723953669253035],[144.70405959722206,-37.72392249975],[144.7039837069997,-37.72388952123437],[144.70390908636762,-37.72385476293646],[144.70383580146324,-37.72381825566409],[144.70374492625228,-37.72378641152346],[144.7036618524544,-37.723746481392006],[144.70357705533556,-37.723708906295506],[144.7034906406687,-37.723673733102345],[144.70348566103735,-37.723671875631794],[144.70348060547173,-37.72367015243036],[144.70347547970792,-37.72366856545326],[144.703470289562,-37.72366711650114],[144.70346504092294,-37.72366580721806],[144.7034597397461,-37.72366463908959],[144.70345439204644,-37.723663613441154],[144.70344900389165,-37.72366273143648],[144.70344358139548,-37.72366199407634],[144.7034381307105,-37.72366140219738],[144.7034326580213,-37.72366095647115],[144.70342716953746,-37.72366065740343],[144.70342167148652,-37.72366050533352],[144.70341617010675,-37.723660500433986],[144.70341067164034,-37.72366064271037],[144.70340518232604,-37.72366093200126],[144.70339970839234,-37.723661367978366],[144.70339425605022,-37.723661950147076]]]},"properties":{"LAYER":"POLY_NATURESTRIP_N1","LAYER_TYPE":"fill-extrusion"}},{"type":"Feature","geometry":{"type":"Polygon","coordinates":[[[144.70547274025856,-37.72447259905808],[144.7042626780687,-37.72407030576429],[144.70416617760728,-37.724036621586016],[144.70407123336483,-37.72400025420423],[144.703977963549,-37.723961248898426],[144.70388648428212,-37.723919654232304],[144.70379690945674,-37.72387552199334],[144.70370644681287,-37.72384382240956],[144.7036283955265,-37.72380607234229],[144.70354876227256,-37.723770467857904],[144.70346764049788,-37.723737050735814],[144.70338512539578,-37.72370586018864],[144.70338540500737,-37.723704515515244],[144.70342845246967,-37.72369199516543],[144.70350380140388,-37.723721237725],[144.7035779714298,-37.723752323772324],[144.7036508910822,-37.723785223355726],[144.7037224901001,-37.723819904776185],[144.70381310442664,-37.723851657506394],[144.7039020685508,-37.72389556866295],[144.70399293711347,-37.723936946423315],[144.70408559581816,-37.72397573873989],[144.704179928116,-37.724011896817075],[144.70427581535253,-37.72404537517264],[144.70548587722146,-37.7244476683221],[144.70547274025856,-37.72447259905808]]]},"properties":{"LAYER":"POLY_NATURESTRIP_N1","LAYER_TYPE":"fill-extrusion"}},{"type":"Feature","geometry":{"type":"Polygon","coordinates":[[[144.7023744448834,-37.72806579787182],[144.70237497596614,-37.72806384709358],[144.70246351957113,-37.727731051594375],[144.70254165622407,-37.72739661606676],[144.70254883799404,-37.72716737964072],[144.70256064560948,-37.72710626877595],[144.7032576185947,-37.723768982287694],[144.70325854215739,-37.72376495456961],[144.70325962526556,-37.72376095200539],[144.7032608668406,-37.72375697858135],[144.70326226564586,-37.72375303825478],[144.7032638202882,-37.72374913495002],[144.70326552921932,-37.723745272554574],[144.7032673907372,-37.723741454915135],[144.70328405361153,-37.72374699673019],[144.70258196108733,-37.72710878855132],[144.70257034676442,-37.72716891591024],[144.70256316059402,-37.72739829471651],[144.70248469505958,-37.72773423405946],[144.70239574202097,-37.728068520777455],[144.7023744448834,-37.72806579787182]]]},"properties":{"LAYER":"POLY_NATURESTRIP_N1","LAYER_TYPE":"fill-extrusion"}},{"type":"Feature","geometry":{"type":"Polygon","coordinates":[[[144.70433596820445,-37.728431053481216],[144.70302453958084,-37.72826477972575],[144.70301136179754,-37.728262968562476],[144.7029982479779,-37.728260885008105],[144.70262306556006,-37.72819722134702],[144.7026071665344,-37.72819469521609],[144.70259118996017,-37.72819249932502],[144.7024962223967,-37.72818045759331],[144.70242436088452,-37.72814857738208],[144.7024257176408,-37.7281441491177],[144.70259655424235,-37.72816581097465],[144.70261340544084,-37.7281681270777],[144.70263017484564,-37.72817079149937],[144.70300535713855,-37.72823445513392],[144.70301760056776,-37.728236400398465],[144.70302990371513,-37.72823809135104],[144.70434133188581,-37.72840436503247],[144.70433596820445,-37.728431053481216]]]},"properties":{"LAYER":"POLY_NATURESTRIP_N1","LAYER_TYPE":"fill-extrusion"}},{"type":"Feature","geometry":{"type":"Polygon","coordinates":[[[144.7043284590432,-37.72846841730863],[144.70301702978568,-37.728302143449525],[144.7030026275111,-37.728300163991115],[144.70298829514388,-37.72829788683078],[144.702613112551,-37.72823422313253],[144.70259843205685,-37.7282318906088],[144.7025836799575,-37.72822986301474],[144.7025085977041,-37.728220342713094],[144.70250297211444,-37.72821954901425],[144.70249738491938,-37.728218599518534],[144.70249184295633,-37.72821749538796],[144.70248635300726,-37.72821623797366],[144.70248092179062,-37.72821482881444],[144.70247555595284,-37.72821326963478],[144.70247026206044,-37.72821156234273],[144.70246504659195,-37.7282097090276],[144.70245991592972,-37.72820771195741],[144.70245487635253,-37.72820557357611],[144.70244993402753,-37.72820329650052],[144.70244509500301,-37.72820088351728],[144.70244036520072,-37.72819833757929],[144.70243575040877,-37.728195661802175],[144.7024312562746,-37.728192859460414],[144.70242688829782,-37.72818993398344],[144.70242265182384,-37.72818688895129],[144.70241855203713,-37.72818372809037],[144.70241459395467,-37.72818045526881],[144.702416011204,-37.728175829567974],[144.70248489836487,-37.72820639025331],[144.70258582567325,-37.72821918767489],[144.70260092762277,-37.728221263353845],[144.70261595626897,-37.72822365119394],[144.70299113881188,-37.72828731488159],[144.70300512302245,-37.72828953672592],[144.7030191754422,-37.72829146809997],[144.70433060451873,-37.72845774192945],[144.7043284590432,-37.72846841730863]]]},"properties":{"LAYER":"POLY_NATURESTRIP_N1","LAYER_TYPE":"fill-extrusion"}},{"type":"Feature","geometry":{"type":"Polygon","coordinates":[[[144.70065120737254,-37.72800150290784],[144.70065336837146,-37.72799082952276],[144.7012574026681,-37.728067978344136],[144.7013725364082,-37.728069909012014],[144.70183537204818,-37.72812902134269],[144.70183215615828,-37.72813951727466],[144.70182803529482,-37.728139033708466],[144.70141056099692,-37.72808571488951],[144.70139091444605,-37.72808348169807],[144.70137118242806,-37.728081789371565],[144.70135138853874,-37.72808063993369],[144.70133155644774,-37.72808003475892],[144.70129497966167,-37.72807942140531],[144.70127561805515,-37.72807883058028],[144.70125629374525,-37.72807770840177],[144.70123702984066,-37.7280760562118],[144.70121784937783,-37.72807387598608],[144.70065120737254,-37.72800150290784]]]},"properties":{"LAYER":"POLY_NATURESTRIP_N1","LAYER_TYPE":"fill-extrusion"}},{"type":"Feature","geometry":{"type":"Polygon","coordinates":[[[144.70066417335565,-37.72793746259604],[144.7012635525864,-37.72801401685753],[144.70137868628177,-37.72801594751735],[144.70185157840606,-37.728076127432594],[144.70184344326887,-37.72810267870284],[144.70137561134635,-37.7280429282648],[144.7012604776286,-37.728040997600964],[144.7006587708657,-37.72796414605963],[144.70066417335565,-37.72793746259604]]]},"properties":{"LAYER":"POLY_NATURESTRIP_N1","LAYER_TYPE":"fill-extrusion"}},{"type":"Feature","geometry":{"type":"Polygon","coordinates":[[[144.70236294955495,-37.728349014822534],[144.7023686442725,-37.72834870283005],[144.70237434923845,-37.728348549080295],[144.7023800574846,-37.72834855376105],[144.70238576203866,-37.72834871686665],[144.70239145593305,-37.7283490381978],[144.70239713221292,-37.72834951736209],[144.7024027839453,-37.72835015377421],[144.70278024508215,-37.728398015326455],[144.7027998948984,-37.728400230854234],[144.70281962941354,-37.72840190543375],[144.702839425028,-37.728403037062414],[144.70285925806914,-37.72840362438695],[144.7028958358919,-37.72840420480153],[144.70291519842834,-37.7284047781814],[144.70293452442831,-37.72840588294201],[144.70295379078183,-37.72840751776234],[144.70297297445046,-37.72840968068746],[144.70430628908912,-37.72857872955545],[144.70430199812168,-37.72860008031199],[144.7029322148365,-37.728426407406175],[144.7028170777753,-37.728424580415144],[144.70235764590706,-37.72836632508298],[144.70236294955495,-37.728349014822534]]]},"properties":{"LAYER":"POLY_NATURESTRIP_N1","LAYER_TYPE":"fill-extrusion"}},{"type":"Feature","geometry":{"type":"Polygon","coordinates":[[[144.70062887700942,-37.72811179454943],[144.7011736403829,-37.72818137330997],[144.70118803978013,-37.72818336576903],[144.70120236884603,-37.72818565586299],[144.7015774599599,-37.72824965690546],[144.70159213712827,-37.72825200258153],[144.70160688633678,-37.728254043388795],[144.7017208210943,-37.72826859469331],[144.70172616536092,-37.728269349802204],[144.70173147508436,-37.72827024554457],[144.70173674440002,-37.72827128093098],[144.70174196748778,-37.72827245481788],[144.70174713857875,-37.728273765908675],[144.70175225196135,-37.72827521275531],[144.70175730198778,-37.72827679375964],[144.7017622830802,-37.72827850717547],[144.70176718973698,-37.728280351110314],[144.70177201653863,-37.72828232352751],[144.70177675815376,-37.72828442224852],[144.7017814093454,-37.72828664495523],[144.7017859649761,-37.72828898919267],[144.70178344721006,-37.728298491774844],[144.70158707807047,-37.72827341231423],[144.7011830518234,-37.72820447412674],[144.70062455499504,-37.728133141317784],[144.70062887700942,-37.72811179454943]]]},"properties":{"LAYER":"POLY_NATURESTRIP_N1","LAYER_TYPE":"fill-extrusion"}},{"type":"Feature","geometry":{"type":"Polygon","coordinates":[[[144.701213451878,-37.731313618775445],[144.70123575316958,-37.731189571952804],[144.70126251571395,-37.73106608291666],[144.70129371755993,-37.7309432528542],[144.70132933311896,-37.73082118241216],[144.7013693331865,-37.730699971614406],[144.7016054266478,-37.73005356698705],[144.70186048167236,-37.72941172296812],[144.7020469758843,-37.72894185603422],[144.70221207531182,-37.72846696653001],[144.70223344191294,-37.72846969833812],[144.70206793297004,-37.72894592786269],[144.70188093583033,-37.729417113993016],[144.70162604345435,-37.73005855213953],[144.701390099929,-37.73070454781807],[144.7013513524896,-37.73082176414215],[144.70131672148685,-37.73093979043608],[144.70128623369177,-37.73105853552751],[144.7012599126753,-37.731177907688426],[144.701213451878,-37.731313618775445]]]},"properties":{"LAYER":"POLY_NATURESTRIP_N1","LAYER_TYPE":"fill-extrusion"}},{"type":"Feature","geometry":{"type":"Polygon","coordinates":[[[144.70185524082342,-37.72842134320563],[144.70183418581644,-37.7284186511676],[144.70172190863815,-37.72874573610164],[144.70159924531612,-37.72907045950974],[144.70154999891534,-37.729294066706544],[144.70153647184762,-37.72932625415418],[144.70127882557853,-37.72997455932562],[144.701040344631,-37.73062747443565],[144.7009931470207,-37.73077148788155],[144.70095177738142,-37.73091662737982],[144.70091627814145,-37.73106274419572],[144.7009144212709,-37.731072049670026],[144.7009129739113,-37.73108140089411],[144.70091193782173,-37.73109078650361],[144.70091131426142,-37.73110019509231],[144.70091110398837,-37.7311096152261],[144.7009113072583,-37.73111903545685],[144.70091192382435,-37.73112844433628],[144.7009129529373,-37.7311378304299],[144.7009143933467,-37.73114718233093],[144.70091624330217,-37.73115648867413],[144.70091850055567,-37.73116573814962],[144.7009211623641,-37.731174919516604],[144.70092422549274,-37.731184021617096],[144.70092768621925,-37.7311930333894],[144.70093154033785,-37.73120194388162],[144.7009357831649,-37.731210742264906],[144.70094040954427,-37.731219417846724],[144.70094541385365,-37.73122796008363],[144.7009507900115,-37.731236358594394],[144.70095653148437,-37.73124460317236],[144.70096263129483,-37.731252683797926],[144.7010200187891,-37.73132578661929],[144.70102657336997,-37.73133446150579],[144.70103275250864,-37.73134330850126],[144.7010385490489,-37.731352317360006],[144.70104395627772,-37.73136147764894],[144.70104896793273,-37.7313707787595],[144.70105357820992,-37.73138020992012],[144.7010577817699,-37.731389760208565],[144.7010615737444,-37.731399418564656],[144.7010649497417,-37.731409173803094],[144.701067905852,-37.73141901462626],[144.70107043865158,-37.731428929637566],[144.70107254520707,-37.73143890735438],[144.70107422307868,-37.73144893622149],[144.70107547032305,-37.73145900462448],[144.70107628549565,-37.731469100903084],[144.7010766676522,-37.731479213364764],[144.7010766163499,-37.731489330298274],[144.70107613164805,-37.731499439987125],[144.70107521410785,-37.73150953072325],[144.7010738647916,-37.73151959082055],[144.7010636031392,-37.73158544010667],[144.70108623418304,-37.73149019556652],[144.70110245646734,-37.731416093899185],[144.7011153669892,-37.73134158271799],[144.7011368617267,-37.731214436462125],[144.7011629608223,-37.73108783496569],[144.70119364257488,-37.730961883383856],[144.7012288814772,-37.73083668633143],[144.7012738337847,-37.73067383075069],[144.7012882466136,-37.730610719385915],[144.7012998133697,-37.730547239580275],[144.70130851931327,-37.73048347226832],[144.7013261725394,-37.73032837964381],[144.7013366828993,-37.73025382566581],[144.70135682077355,-37.73011907423411],[144.70138203870835,-37.72998486319531],[144.70141231398154,-37.72985131333238],[144.70144761932008,-37.72971854483266],[144.7014879229247,-37.729586677179604],[144.70151975223482,-37.72945884038998],[144.70155681963573,-37.72933189714447],[144.70157095274268,-37.7292982632275],[144.70162023032972,-37.72907451412697],[144.70174309069986,-37.728749144098344],[144.70185524082342,-37.72842134320563]]]},"properties":{"LAYER":"POLY_NATURESTRIP_N1","LAYER_TYPE":"fill-extrusion"}},{"type":"Feature","geometry":{"type":"Polygon","coordinates":[[[144.7011971156954,-37.7343659649864],[144.70116278245956,-37.734244297897675],[144.70111738615813,-37.73406938434319],[144.70107958946244,-37.73389333456559],[144.70104943701583,-37.73371635675967],[144.7010269644211,-37.733538660216105],[144.70101219819819,-37.73336045507406],[144.70100515575356,-37.73318195207269],[144.7010058453595,-37.73300336230176],[144.70101426614477,-37.73282489695227],[144.7010036674947,-37.73269483661455],[144.70098993993395,-37.73286814422346],[144.7009834914101,-37.733041718879704],[144.70098432913636,-37.733215367796205],[144.7009924522333,-37.73338889810212],[144.70100785172974,-37.733562117056934],[144.70103051057222,-37.73373483226471],[144.70106040364405,-37.73390685188762],[144.70109749779246,-37.734077984859105],[144.70114175186583,-37.734248041096166],[144.70117608506814,-37.73436970818936],[144.7011971156954,-37.7343659649864]]]},"properties":{"LAYER":"POLY_NATURESTRIP_N1","LAYER_TYPE":"fill-extrusion"}},{"type":"Feature","geometry":{"type":"Polygon","coordinates":[[[144.7008923814716,-37.73268415356459],[144.70088469532365,-37.73273347395725],[144.70088290459103,-37.73274354754974],[144.70088068091798,-37.732753566581394],[144.70087802690847,-37.73276351931921],[144.70087494567022,-37.732773394107774],[144.70087144081157,-37.732783179383],[144.70086751643672,-37.732792863685624],[144.7008631771413,-37.73280243567456],[144.70085842800668,-37.7328118841403],[144.7008532745945,-37.732821198018],[144.70084772293941,-37.732830366400385],[144.7008417795429,-37.73283937855059],[144.7008354513649,-37.732848223914644],[144.70082874581607,-37.73285689213404],[144.7006953935403,-37.73302284050971],[144.70068932098533,-37.733030689225],[144.70068358875847,-37.73303869774657],[144.70067820351966,-37.73304685676994],[144.7006731715257,-37.73305515681579],[144.70066849862306,-37.73306358824087],[144.70066419024087,-37.73307214124938],[144.70066025138487,-37.73308080590421],[144.70065668663145,-37.73308957213856],[144.70065350012243,-37.73309842976754],[144.70065069555997,-37.733107368500185],[144.70064827620274,-37.73311637795122],[144.70064624486173,-37.733125447653194],[144.70064460389716,-37.73313456706873],[144.70064335521562,-37.733143725602574],[144.7006425002681,-37.73315291261414],[144.70064204004802,-37.73316211742966],[144.70064197509015,-37.73317132935471],[144.7006489134778,-37.733362202868065],[144.70066421847966,-37.73355276863619],[144.70068787158777,-37.73374279540921],[144.70071984416325,-37.73393205258952],[144.70076009747078,-37.73412031051166],[144.70080858272544,-37.73430734072097],[144.70084291539953,-37.734429007893844],[144.70108532128629,-37.73438586302132],[144.7010509882277,-37.734264195905865],[144.70100422166914,-37.734083788218],[144.70096540036224,-37.73390219569393],[144.70093457141533,-37.73371963896514],[144.70091177222528,-37.73353633983289],[144.70089703043257,-37.73335252099888],[144.70089036388782,-37.73316840579448],[144.70089178063031,-37.73298421790957],[144.70090018042367,-37.732700843631406],[144.70090072301988,-37.732684973533495],[144.7008923814716,-37.73268415356459]]]},"properties":{"LAYER":"POLY_NATURESTRIP_N1","LAYER_TYPE":"fill-extrusion"}},{"type":"Feature","geometry":{"type":"Polygon","coordinates":[[[144.70444114752524,-37.7176517774529],[144.70423396632805,-37.717681392443],[144.70421591295974,-37.71768373199009],[144.70419777306515,-37.717685602104844],[144.7041795659829,-37.717687000793546],[144.7041613111233,-37.717687926565105],[144.70414302794748,-37.7176883784326],[144.70412473594692,-37.71768835591426],[144.70410645462226,-37.71768785903413],[144.70408820346307,-37.71768688832198],[144.7040700019265,-37.71768544481263],[144.70405186941693,-37.717683530044994],[144.70347221649442,-37.71761465033674],[144.70319961209785,-37.717614137544174],[144.7031064875416,-37.71760307112851],[144.70287413579229,-37.71758608683846],[144.70264121269554,-37.71757510056396],[144.702407963538,-37.717570123872605],[144.70217463394914,-37.71757116200341],[144.70219346818277,-37.71747734940638],[144.7022287468519,-37.71748145426759],[144.7032012402632,-37.71759702387078],[144.7034738445971,-37.717597536657536],[144.7039669166368,-37.71765612821761],[144.7044003877868,-37.71759215041105],[144.70444114752524,-37.7176517774529]]]},"properties":{"LAYER":"POLY_NATURESTRIP_N1","LAYER_TYPE":"fill-extrusion"}},{"type":"Feature","geometry":{"type":"Polygon","coordinates":[[[144.7046009671206,-37.71756254549508],[144.70463436354507,-37.71738373607671],[144.70465998387238,-37.71720411870482],[144.70467779773008,-37.7170239067071],[144.70468778401775,-37.71684331411601],[144.70468993093206,-37.71666255541451],[144.70468423598038,-37.71648184528121],[144.7046707059835,-37.71630139833555],[144.70464935706727,-37.71612142888287],[144.70488180804446,-37.71609273836483],[144.70488306623847,-37.716239793812],[144.70487821355394,-37.71638680211867],[144.70486725524304,-37.71653360308084],[144.70485020321166,-37.71668003671951],[144.70482707600692,-37.71682594345507],[144.70480619116302,-37.71696095186163],[144.7047801051366,-37.71709538811055],[144.70474884242893,-37.717229125788506],[144.7047124324096,-37.71736203913849],[144.70470362697293,-37.717389937326026],[144.7046936982062,-37.71741759648483],[144.70468265635108,-37.717444988080615],[144.70467051279766,-37.71747208385503],[144.70465728007255,-37.71749885585491],[144.70464297182605,-37.71752527646106],[144.7046276028181,-37.71755131841684],[144.70461118890302,-37.717576954856106],[144.7046084538225,-37.717580895208016],[144.7046055483602,-37.7175847578404],[144.7046024760117,-37.717588538106014],[144.70459924047333,-37.717592231456884],[144.70459584563764,-37.71759583344955],[144.70459229558912,-37.71759933975044],[144.70458859459865,-37.71760274614113],[144.70458474711887,-37.7176060485234],[144.7045807577788,-37.717609242924134],[144.70457663137785,-37.71761232550016],[144.7045723728806,-37.71761529254286],[144.70456798741031,-37.717618140482536],[144.70456348024322,-37.71762086589288],[144.70455885680187,-37.71762346549489],[144.70455412264872,-37.717625936161035],[144.7045492834794,-37.71762827491884],[144.7045443451159,-37.717630478954554],[144.7045393134996,-37.717632545616475],[144.70453419468402,-37.71763447241821],[144.70452899482757,-37.71763625704166],[144.70452372018627,-37.71763789733967],[144.70451837710598,-37.71763939133889],[144.70451297201504,-37.717640737241815],[144.70450751141627,-37.717641933429206],[144.70451790154502,-37.7175748057715],[144.70460096712108,-37.717562545492754],[144.7046009671206,-37.71756254549508]]]},"properties":{"LAYER":"POLY_NATURESTRIP_N1","LAYER_TYPE":"fill-extrusion"}},{"type":"Feature","geometry":{"type":"Polygon","coordinates":[[[144.70502639741096,-37.716076219865904],[144.70504768700522,-37.716073452442856],[144.70507143971315,-37.71626999341668],[144.7050864010919,-37.71646708002313],[144.70509255223908,-37.7166644641848],[144.70508988534172,-37.716861897447735],[144.70511578466463,-37.717087814452185],[144.70509625529496,-37.717269794608825],[144.70506926131145,-37.717451171654055],[144.70515340113067,-37.717663627120814],[144.7050882216266,-37.71771433741727],[144.70505573618615,-37.7175874207324],[144.70505232423207,-37.717572852552436],[144.70504952472558,-37.717558202214065],[144.70504734077014,-37.71754348595995],[144.7050457747867,-37.717528720105754],[144.70504482851103,-37.71751392102213],[144.70504450299194,-37.717499105116566],[144.70504479858994,-37.717484288815214],[144.70504571497688,-37.717469488544616],[144.70504725113645,-37.71745472071358],[144.70504940536514,-37.71744000169489],[144.70507530063784,-37.717264284305124],[144.7050941697918,-37.71708800306924],[144.70506827317507,-37.71686210909239],[144.70507099375715,-37.7166653175465],[144.7050649143143,-37.71646857339182],[144.70505004258752,-37.71627212487453],[144.70502639741096,-37.716076219865904]]]},"properties":{"LAYER":"POLY_NATURESTRIP_N1","LAYER_TYPE":"fill-extrusion"}},{"type":"Feature","geometry":{"type":"Polygon","coordinates":[[[144.70510426908967,-37.71777077280723],[144.7052007454755,-37.71778317242988],[144.70522212501697,-37.71783715602665],[144.70692821536178,-37.718039854588895],[144.70710170510682,-37.718062505601104],[144.70709871120167,-37.71807946886128],[144.70510426908967,-37.71777077280723]]]},"properties":{"LAYER":"POLY_NATURESTRIP_N1","LAYER_TYPE":"fill-extrusion"}},{"type":"Feature","geometry":{"type":"Polygon","coordinates":[[[144.70292285291373,-37.72362686624364],[144.70290242790284,-37.72362007311606],[144.70275739152697,-37.72431455832177],[144.70274733646858,-37.72455537983388],[144.70222341364948,-37.72706398512397],[144.70212127874046,-37.72754241269599],[144.70199744475534,-37.728017596560576],[144.7020188239288,-37.72802010781484],[144.7021426122306,-37.72754492443185],[144.70224472957503,-37.72706650243116],[144.70276777881884,-37.72456209110473],[144.70277891673788,-37.72431542149752],[144.70292285291373,-37.72362686624364]]]},"properties":{"LAYER":"POLY_NATURESTRIP_N1","LAYER_TYPE":"fill-extrusion"}},{"type":"Feature","geometry":{"type":"Polygon","coordinates":[[[144.70555856825018,-37.72430971821626],[144.7043485081559,-37.72390742586518],[144.7042621044659,-37.723877313568636],[144.70417704458893,-37.723844877182856],[144.7040934275739,-37.72381015447979],[144.7040113507891,-37.72377318589364],[144.7039309098089,-37.723734014473806],[144.70385219830231,-37.72369268583479],[144.70377530792393,-37.723649248103065],[144.70373296897765,-37.723625320966384],[144.70368963660547,-37.723602543555465],[144.7036453602718,-37.72358094187038],[144.70360019051827,-37.7235605405691],[144.70355417890633,-37.723541362939365],[144.70350737795812,-37.72352343087209],[144.70347491801226,-37.723511716237645],[144.70347005534586,-37.7235099129081],[144.70346526989536,-37.723507983652404],[144.70346056682754,-37.72350593055362],[144.70345595122055,-37.72350375582857],[144.70345142805792,-37.72350146182533],[144.70344700222344,-37.72349905102078],[144.70344267849563,-37.723496526017925],[144.7034384615431,-37.72349388954307],[144.7034343559189,-37.723491144442896],[144.70343036605587,-37.72348829368133],[144.70343338578078,-37.72347377149349],[144.70351878840648,-37.7235038011721],[144.70356641768086,-37.72352205061604],[144.70361324364941,-37.723541567667596],[144.70365921286023,-37.72356233004838],[144.7037042728394,-37.72358431405857],[144.70374837215067,-37.72360749460375],[144.70379146045434,-37.72363184522369],[144.70386759390576,-37.723674855338245],[144.70394553055618,-37.72371577712244],[144.7040251796533,-37.723754562923666],[144.70410644845032,-37.723791167576515],[144.70418924231373,-37.723825548455366],[144.70427346483382,-37.72385766552411],[144.70435901793678,-37.72388748138271],[144.70556907777325,-37.72428977361798],[144.70555856825018,-37.72430971821626]]]},"properties":{"LAYER":"POLY_NATURESTRIP_N1","LAYER_TYPE":"fill-extrusion"}},{"type":"Feature","geometry":{"type":"Polygon","coordinates":[[[144.70302414111657,-37.72322804143226],[144.70303966972438,-37.723233206077516],[144.70303966972438,-37.723233206077516],[144.70304161160755,-37.723229564157286],[144.70304341281678,-37.72322587690866],[144.70304507167774,-37.72322214775902],[144.70304658664855,-37.72321838017466],[144.70304795632106,-37.72321457765763],[144.70304917942215,-37.723210743742435],[144.7030545584292,-37.723191824085866],[144.70305942027895,-37.723172816327185],[144.70309543916278,-37.723035270340155],[144.703136796987,-37.72289867512753],[144.70329201757306,-37.72241878852817],[144.7036129038433,-37.72155341293845],[144.70400286199128,-37.72034773716006],[144.70404740937073,-37.720199563348295],[144.7040855706699,-37.720050269173825],[144.70411730155035,-37.71990002824689],[144.70414256515207,-37.71974901527773],[144.70416133213632,-37.71959740587326],[144.70416345770516,-37.71941688249789],[144.70417354249238,-37.71923652904567],[144.70419157406258,-37.71905656687598],[144.70420527692397,-37.71882488111344],[144.70423241956172,-37.718728089011655],[144.7042621798976,-37.71863178367085],[144.7043305165981,-37.71842048699516],[144.70433503512422,-37.71840543447315],[144.704338892123,-37.71839026626206],[144.70434208293148,-37.718375000701315],[144.70434460369208,-37.71835965624807],[144.7043464513575,-37.718344251454766],[144.7043476236942,-37.71832880494689],[144.70434811928516,-37.7183133354003],[144.70434793753162,-37.71829786151875],[144.70434707865374,-37.71828240201113],[144.70434554369035,-37.71826697556899],[144.70434333449774,-37.71825160084394],[144.70434045374748,-37.71823629642497],[144.70433690492288,-37.718221080816086],[144.70432181564635,-37.71816212678541],[144.70425484851802,-37.71820641215794],[144.70431273516004,-37.718406678095185],[144.70418827376247,-37.71879151077476],[144.70415960802126,-37.71900686001894],[144.70386338925428,-37.719922741456095],[144.70382303101553,-37.720055650788616],[144.70378763966397,-37.720189450242216],[144.70375404191066,-37.72031646837114],[144.7037157287164,-37.72044264145342],[144.70347955074558,-37.721172853225234],[144.7034320240735,-37.72132915538336],[144.70339021810426,-37.72148648566683],[144.70335416797127,-37.721644711992084],[144.70302414099731,-37.723228042006426],[144.70302414111657,-37.72322804143226]]]},"properties":{"LAYER":"POLY_NATURESTRIP_N1","LAYER_TYPE":"fill-extrusion"}},{"type":"Feature","geometry":{"type":"Polygon","coordinates":[[[144.70213936815236,-37.7177646057945],[144.70213936957944,-37.71776459884711],[144.7021400407736,-37.71776103499791],[144.70218735340865,-37.71776665777128],[144.70234919815613,-37.71778784055996],[144.7025101834006,-37.71781281685271],[144.7026784788063,-37.71783892700253],[144.70284767296326,-37.71786107092329],[144.7041754940727,-37.71801885731425],[144.70418105002645,-37.71801959553655],[144.7041865706239,-37.718020485534616],[144.70419204929632,-37.71802152624957],[144.70419747952522,-37.71802271644311],[144.70420285484943,-37.71802405469911],[144.70420816887332,-37.71802553942529],[144.70421341527407,-37.71802716885505],[144.70421858780938,-37.718028941049695],[144.70422368032487,-37.718030853900615],[144.70422868676124,-37.71803290513186],[144.70423360116177,-37.71803509230276],[144.70423841767914,-37.71803741281103],[144.70424313058248,-37.71803986389563],[144.70424773426427,-37.718042442640204],[144.70425222324684,-37.718045145976504],[144.7042565921892,-37.718047970687984],[144.704260835893,-37.71805091341378],[144.70426494930885,-37.7180539706525],[144.70426892754259,-37.718057138766596],[144.7042727658607,-37.718060413986564],[144.70427645969627,-37.718063792415414],[144.7042800046543,-37.71806727003342],[144.70428339651676,-37.71807084270282],[144.70428663124795,-37.718074506172755],[144.70428970499907,-37.71807825608428],[144.70429261411283,-37.718082087975695],[144.70429535512795,-37.71808599728767],[144.7042979247829,-37.7180899793688],[144.7043003200204,-37.71809402948106],[144.70430253799034,-37.71809814280555],[144.7043045760537,-37.71810231444808],[144.7043064317855,-37.71810653944513],[144.7043081029778,-37.718110812769645],[144.70422357085792,-37.7180982028357],[144.70420262114834,-37.71802572429859],[144.70284700180176,-37.717864634777555],[144.70267767522066,-37.71784247352497],[144.70250924809437,-37.71781634293907],[144.70234839454875,-37.71779138711429],[144.70218668220446,-37.717770221690145],[144.70213936957944,-37.71776459884711],[144.70213936826823,-37.71776460580952],[144.70213936815236,-37.7177646057945]]]},"properties":{"LAYER":"POLY_NATURESTRIP_N1","LAYER_TYPE":"fill-extrusion"}},{"type":"Feature","geometry":{"type":"Polygon","coordinates":[[[144.70509666098403,-37.71776979497232],[144.70509859110845,-37.71777420040275],[144.70510071149067,-37.71777855029081],[144.70510301960408,-37.71778283945327],[144.70510551269848,-37.71778706277932],[144.70510818780326,-37.71779121523665],[144.70511104173085,-37.71779529187733],[144.7051140710807,-37.717799287843775],[144.7051172722431,-37.717803198374575],[144.70512064140374,-37.71780701881005],[144.7051241745481,-37.71781074459793],[144.70512786746625,-37.71781437129871],[144.70513171575777,-37.71781789459091],[144.70513571483733,-37.717821310276335],[144.70513985993966,-37.717824614284936],[144.70514414612578,-37.717827802679864],[144.70514856828828,-37.717830871661846],[144.70515312115793,-37.71783381757406],[144.70515779930983,-37.71783663690622],[144.70516259716956,-37.717839326298915],[144.70516750902016,-37.71784188254758],[144.7051725290089,-37.717844302606245],[144.70517765115423,-37.71784658359129],[144.70518286935257,-37.71784872278475],[144.70518817738636,-37.71785071763763],[144.70519356893053,-37.71785256577296],[144.70519903756082,-37.71785426498851],[144.70520457676096,-37.71785581325961],[144.70521017993073,-37.7178572087414],[144.70521584039344,-37.717858449771],[144.70522155140438,-37.71785953486971],[144.70522730615846,-37.717860462744504],[144.7052330977985,-37.71786123228982],[144.70692402180364,-37.718062128862144],[144.7070975098291,-37.718084789227746],[144.70509666098403,-37.71776979497232]]]},"properties":{"LAYER":"POLY_NATURESTRIP_N1","LAYER_TYPE":"fill-extrusion"}},{"type":"Feature","geometry":{"type":"Polygon","coordinates":[[[144.70221207531182,-37.72846696653001],[144.7020469758843,-37.72894185603422],[144.70186048167236,-37.72941172296812],[144.7016054266478,-37.73005356698705],[144.7013693331865,-37.730699971614406],[144.70132933311896,-37.73082118241216],[144.70129371755993,-37.7309432528542],[144.70126251571395,-37.73106608291666],[144.70123575316958,-37.731189571952804],[144.701213451878,-37.731313618775445],[144.7012070607967,-37.7313322869564],[144.70114742013746,-37.73171500643681],[144.7010021556237,-37.73267628380581],[144.7010036674947,-37.73269483661455],[144.70098993993395,-37.73286814422346],[144.7009834914101,-37.733041718879704],[144.70098432913636,-37.733215367796205],[144.7009924522333,-37.73338889810212],[144.70100785172974,-37.733562117056934],[144.70103051057222,-37.73373483226471],[144.70106040364405,-37.73390685188762],[144.70109749779246,-37.734077984859105],[144.70114175186583,-37.734248041096166],[144.70117608506814,-37.73436970818936],[144.70116944381707,-37.734370890252656],[144.70113511062527,-37.73424922315787],[144.70109143207358,-37.73408159321942],[144.70105470344606,-37.733912915223584],[144.70102496425676,-37.73374337086044],[144.70100224649056,-37.733573142752014],[144.70098657456884,-37.733402414255586],[144.7009779653234,-37.733231369266136],[144.70097642797842,-37.733060192018286],[144.7009819641409,-37.73288906688784],[144.70099456779909,-37.732718178193224],[144.70101422532903,-37.73254770999692],[144.70120368370715,-37.731331954995575],[144.70122606027152,-37.73120388813667],[144.70125318339046,-37.73107640122174],[144.7012850294358,-37.730949605196905],[144.7013215706696,-37.730823610406404],[144.70136277526836,-37.73069852649668],[144.70159891595748,-37.730051993043375],[144.701854022206,-37.72941002116535],[144.70204035772963,-37.72894057050872],[144.70220532791583,-37.72846610384678],[144.70221207531182,-37.72846696653001]]]},"properties":{"LAYER":"POLY_KERB_1","LAYER_TYPE":"fill-extrusion"}},{"type":"Feature","geometry":{"type":"Polygon","coordinates":[[[144.7018619636592,-37.72842220276896],[144.70174978592658,-37.72875021834011],[144.70162685721223,-37.72907579437642],[144.70157756977594,-37.72929958828682],[144.7015633580484,-37.729333411879445],[144.70152635121985,-37.72946017819101],[144.70149457490578,-37.72958783652768],[144.7014543009133,-37.72971958434457],[144.70141902213254,-37.72985223260564],[144.70138877035765,-37.729985661864895],[144.7013635728566,-37.730119751972346],[144.70134345234646,-37.73025438218236],[144.70133294142016,-37.73032894625626],[144.701315297308,-37.73048395893335],[144.70130656517375,-37.7305479181236],[144.70129496361847,-37.730611588942544],[144.70128050742647,-37.73067489021216],[144.701235501125,-37.73083794145725],[144.7012003050253,-37.73096298647943],[144.70116966054158,-37.73108878511456],[144.70114359315008,-37.73121523287477],[144.70112212452557,-37.731342224732636],[144.70110918116137,-37.731416925488794],[144.701092917606,-37.73149121568895],[144.7010788336752,-37.73154942611906],[144.70106296162106,-37.73162149182949],[144.70105012414015,-37.73169393781939],[144.7009271351118,-37.73248314833617],[144.70091738351613,-37.73255556534307],[144.70091066413238,-37.73262819953365],[144.70090698437588,-37.732700970845315],[144.70089858460844,-37.73298434512475],[144.700897169332,-37.7331683446078],[144.70090382907452,-37.73335227148414],[144.70091855580492,-37.73353590229286],[144.70094133169064,-37.733719013930894],[144.70097212911966,-37.73390138392443],[144.7010109107331,-37.73408279069904],[144.7010576294707,-37.73426301384898],[144.70109196253986,-37.73438468096286],[144.70108532128629,-37.73438586302132],[144.7010509882277,-37.734264195905865],[144.70100422166914,-37.734083788218],[144.70096540036224,-37.73390219569393],[144.70093457141533,-37.73371963896514],[144.70091177222528,-37.73353633983289],[144.70089703043257,-37.73335252099888],[144.70089036388782,-37.73316840579448],[144.70089178063031,-37.73298421790957],[144.70090018042367,-37.732700843631406],[144.70090072301988,-37.732684973533495],[144.7008923814716,-37.73268415356459],[144.7010636031392,-37.73158544010667],[144.70108623418304,-37.73149019556652],[144.70110245646734,-37.731416093899185],[144.7011153669892,-37.73134158271799],[144.7011368617267,-37.731214436462125],[144.7011629608223,-37.73108783496569],[144.70119364257488,-37.730961883383856],[144.7012288814772,-37.73083668633143],[144.7012738337847,-37.73067383075069],[144.7012882466136,-37.730610719385915],[144.7012998133697,-37.730547239580275],[144.70130851931327,-37.73048347226832],[144.7013261725394,-37.73032837964381],[144.7013366828993,-37.73025382566581],[144.70135682077355,-37.73011907423411],[144.70138203870835,-37.72998486319531],[144.70141231398154,-37.72985131333238],[144.70144761932008,-37.72971854483266],[144.7014879229247,-37.729586677179604],[144.70151975223482,-37.72945884038998],[144.70155681963573,-37.72933189714447],[144.70157095274268,-37.7292982632275],[144.70162023032972,-37.72907451412697],[144.70174309069986,-37.728749144098344],[144.70185524082342,-37.72842134320561],[144.7018619636592,-37.72842220276896]]]},"properties":{"LAYER":"POLY_KERB_1","LAYER_TYPE":"fill-extrusion"}},{"type":"Feature","geometry":{"type":"Polygon","coordinates":[[[144.7023744448834,-37.72806579787182],[144.70236771923172,-37.72806493797538],[144.7023683355354,-37.72806266410742],[144.7024567958138,-37.72773019375736],[144.70253486537362,-37.72739608581279],[144.70254204575573,-37.727166894350404],[144.7025539240244,-37.727105422516956],[144.70325090530108,-37.72376809776236],[144.70325186734584,-37.72376390222275],[144.70325299558388,-37.7237597328851],[144.70325428889151,-37.72375559390179],[144.7032557459806,-37.72375148939504],[144.70325736540008,-37.7237474234527],[144.70325914553692,-37.72374340012421],[144.70326108461828,-37.72373942341655],[144.7032673907371,-37.723741454915086],[144.70326552921924,-37.723745272554545],[144.70326382028816,-37.723749134950005],[144.7032622656458,-37.72375303825475],[144.70326086684057,-37.72375697858134],[144.70325962526553,-37.72376095200537],[144.70325854215739,-37.72376495456959],[144.7032576185947,-37.723768982287694],[144.70256064560948,-37.72710626877595],[144.70254883799404,-37.72716737964072],[144.70254165622407,-37.72739661606676],[144.70246351957113,-37.727731051594375],[144.70237497596614,-37.72806384709358],[144.7023744448834,-37.72806579787182]]]},"properties":{"LAYER":"POLY_KERB_1","LAYER_TYPE":"fill-extrusion"}},{"type":"Feature","geometry":{"type":"Polygon","coordinates":[[[144.70241459395467,-37.72818045526881],[144.70241855203713,-37.72818372809037],[144.70242265182384,-37.72818688895129],[144.70242688829782,-37.72818993398344],[144.7024312562746,-37.728192859460414],[144.70243575040877,-37.728195661802175],[144.70244036520072,-37.72819833757929],[144.70244509500301,-37.72820088351728],[144.70244993402753,-37.72820329650052],[144.70245487635253,-37.72820557357611],[144.70245991592972,-37.72820771195741],[144.70246504659195,-37.7282097090276],[144.70247026206044,-37.72821156234273],[144.70247555595284,-37.72821326963478],[144.70248092179062,-37.72821482881444],[144.70248635300726,-37.72821623797366],[144.70249184295633,-37.72821749538796],[144.70249738491938,-37.728218599518534],[144.70250297211444,-37.72821954901425],[144.7025085977041,-37.728220342713094],[144.7025836799575,-37.72822986301474],[144.70259843205685,-37.7282318906088],[144.702613112551,-37.72823422313253],[144.70298829514388,-37.72829788683078],[144.7030026275111,-37.728300163991115],[144.70301702978568,-37.728302143449525],[144.7043284590432,-37.72846841730863],[144.70432738630524,-37.72847375499818],[144.70301595695707,-37.72830748112428],[144.70300137975508,-37.72830547762368],[144.70298687330956,-37.72830317280533],[144.70261169069167,-37.728239509101776],[144.70259718427354,-37.72823720423624],[144.70258260709932,-37.72823520068462],[144.70250752484074,-37.72822568038212],[144.70250189537245,-37.728224889319186],[144.7024963025445,-37.72822394848134],[144.70249075267182,-37.72822285893083],[144.70248525202055,-37.72822162189788],[144.70247980680168,-37.72822023877924],[144.70247442316327,-37.728218711136556],[144.702469107184,-37.728217040694695],[144.7024638648661,-37.72821522933978],[144.7024587021286,-37.72821327911698],[144.70245362480082,-37.728211192228265],[144.70244863861546,-37.728208971029964],[144.7024437492025,-37.72820661803003],[144.70243896208243,-37.72820413588519],[144.70243428266042,-37.72820152739808],[144.70242971621997,-37.72819879551389],[144.70242526791696,-37.72819594331718],[144.702420942774,-37.72819297402837],[144.70241674567464,-37.72818989100005],[144.70241268135766,-37.72818669771331],[144.70241459395467,-37.72818045526881]]]},"properties":{"LAYER":"POLY_KERB_1","LAYER_TYPE":"fill-extrusion"}},{"type":"Feature","geometry":{"type":"Polygon","coordinates":[[[144.7006501268728,-37.72800683960037],[144.70121676891722,-37.72807921268504],[144.70123618234248,-37.72808141939144],[144.70125568022303,-37.72808309164867],[144.70127523924253,-37.728084227456996],[144.7012948360117,-37.728084825458126],[144.70133141280044,-37.72808543881186],[144.7013510097297,-37.72808603681073],[144.70137056891025,-37.728087172619034],[144.70139006695314,-37.7280888448786],[144.7014094805423,-37.72809105158973],[144.70182695486903,-37.72814437041341],[144.70183053846617,-37.72814479705188],[144.70183215615828,-37.72813951727466],[144.70182803529482,-37.728139033708466],[144.70141056099692,-37.72808571488951],[144.70139091444605,-37.72808348169807],[144.70137118242806,-37.728081789371565],[144.70135138853874,-37.72808063993369],[144.70133155644774,-37.72808003475892],[144.70129497966167,-37.72807942140531],[144.70127561805515,-37.72807883058028],[144.70125629374525,-37.72807770840177],[144.70123702984066,-37.7280760562118],[144.70121784937783,-37.72807387598608],[144.70065120737254,-37.72800150290784],[144.7006501268728,-37.72800683960037]]]},"properties":{"LAYER":"POLY_KERB_1","LAYER_TYPE":"fill-extrusion"}},{"type":"Feature","geometry":{"type":"Polygon","coordinates":[[[144.70278571807356,-37.72431560065943],[144.70277449217656,-37.72456297565979],[144.70225145122583,-37.72706734835505],[144.70214934311355,-37.72754574294795],[144.70202557521782,-37.72802090083829],[144.7020188239288,-37.72802010781484],[144.7021426122306,-37.72754492443185],[144.70224472957503,-37.72706650243116],[144.70276777881884,-37.72456209110473],[144.70277891673788,-37.72431542149752],[144.70292285291373,-37.72362686624364],[144.70292930291797,-37.72362901144109],[144.70278571807356,-37.72431560065943]]]},"properties":{"LAYER":"POLY_KERB_1","LAYER_TYPE":"fill-extrusion"}},{"type":"Feature","geometry":{"type":"Polygon","coordinates":[[[144.70286639778664,-37.723464471338986],[144.70286200547605,-37.723462085217605],[144.70285752136314,-37.72345980937753],[144.70285294983506,-37.72345764604534],[144.70284829536442,-37.723455597337576],[144.70284356250502,-37.72345366525864],[144.7028387558873,-37.7234518516988],[144.70283388021403,-37.7234501584324],[144.70268300658452,-37.72339997921756],[144.70266943727643,-37.72339530002631],[144.7026560262433,-37.723390341289814],[144.70231037896124,-37.723258153369656],[144.70229696797838,-37.723253194593774],[144.7022833987232,-37.72324851535957],[144.70105851070463,-37.722841113438754],[144.70105588234443,-37.72284609923503],[144.70228077042796,-37.723253501185106],[144.70229417685275,-37.7232581242688],[144.70230742690444,-37.72326302353975],[144.702653074203,-37.72339521146902],[144.7026666461692,-37.72340022971069],[144.7026803783097,-37.7234049650526],[144.7028312519472,-37.723455144271036],[144.70283636370752,-37.72345692655265],[144.70284139579567,-37.72345884656082],[144.70284634233235,-37.72346090205222],[144.702851197538,-37.72346309062528],[144.70285595573998,-37.72346540972291],[144.7028606113789,-37.72346785663553],[144.70286515901506,-37.72347042850419],[144.70286639778664,-37.723464471338986]]]},"properties":{"LAYER":"POLY_KERB_1","LAYER_TYPE":"fill-extrusion"}},{"type":"Feature","geometry":{"type":"Polygon","coordinates":[[[144.70339425605022,-37.723661950147076],[144.70339541961195,-37.723656354482095],[144.70340131477332,-37.72365578965121],[144.70340723115953,-37.723655388574855],[144.70341316156328,-37.723655151741646],[144.70341909875998,-37.72365507944006],[144.7034250355168,-37.72365517175824],[144.7034309646016,-37.723655428583655],[144.70343687879136,-37.723655849603496],[144.70344277088145,-37.72365643430486],[144.70344863369388,-37.723657181975405],[144.7034544600866,-37.72365809170437],[144.70346024296174,-37.72365916238349],[144.70346597527453,-37.72366039270843],[144.70347165004176,-37.72366178118039],[144.7034772603503,-37.723663326107975],[144.70348279936567,-37.723665025609044],[144.70348826034007,-37.72366687761326],[144.70349363662083,-37.72366887986452],[144.70358011845235,-37.72370407777663],[144.70366498445333,-37.723741675390805],[144.70374812912635,-37.72378162597066],[144.7038390462253,-37.72381348478837],[144.70391222837117,-37.72384995479726],[144.70398674625997,-37.723884676427545],[144.70406253370678,-37.723917618839295],[144.7041395233987,-37.723948752772756],[144.70421764695467,-37.72397805057449],[144.70429683498634,-37.72400548622183],[144.7055068963429,-37.724407779140684],[144.70550426895403,-37.72441276528861],[144.70429420753325,-37.72401047234089],[144.70421491632038,-37.723983002116384],[144.7041366897719,-37.723953669253035],[144.70405959722206,-37.72392249975],[144.7039837069997,-37.72388952123437],[144.70390908636762,-37.72385476293646],[144.70383580146324,-37.72381825566409],[144.70374492625228,-37.72378641152346],[144.7036618524544,-37.723746481392006],[144.70357705533556,-37.723708906295506],[144.7034906406687,-37.723673733102345],[144.70348566103735,-37.723671875631794],[144.70348060547173,-37.72367015243036],[144.70347547970792,-37.72366856545326],[144.703470289562,-37.72366711650114],[144.70346504092294,-37.72366580721806],[144.7034597397461,-37.72366463908959],[144.70345439204644,-37.723663613441154],[144.70344900389165,-37.72366273143648],[144.70344358139548,-37.72366199407634],[144.7034381307105,-37.72366140219738],[144.7034326580213,-37.72366095647115],[144.70342716953746,-37.72366065740343],[144.70342167148652,-37.72366050533352],[144.70341617010675,-37.723660500433986],[144.70341067164034,-37.72366064271037],[144.70340518232604,-37.72366093200126],[144.70339970839234,-37.723661367978366],[144.70339425605022,-37.723661950147076]]]},"properties":{"LAYER":"POLY_KERB_1","LAYER_TYPE":"fill-extrusion"}},{"type":"Feature","geometry":{"type":"Polygon","coordinates":[[[144.70343036605587,-37.72348829368133],[144.70342904716153,-37.72349463638642],[144.70343339599924,-37.72349758095215],[144.7034378668861,-37.72350040784379],[144.70344245477764,-37.72350311387175],[144.70344715449758,-37.72350569598296],[144.7034519607433,-37.723508151264106],[144.70345686809222,-37.72351047694493],[144.7034618710074,-37.72351267040149],[144.70346696384428,-37.723514729158914],[144.70347214085672,-37.723516650894425],[144.7035045253452,-37.72352833829693],[144.70355111921177,-37.72354619102],[144.70359692723457,-37.72356528379426],[144.7036418971237,-37.72358559482562],[144.70368597754597,-37.72360710092939],[144.7037291181833,-37.723629777556724],[144.7037712697902,-37.72365359882255],[144.7038483494004,-37.723697143458644],[144.70392725462108,-37.7237385738114],[144.7040078935721,-37.723777841635915],[144.7040901723539,-37.72381490120544],[144.70417399515694,-37.72384970936458],[144.70425926437318,-37.72388222557962],[144.70434588071,-37.72391241198568],[144.7055559408685,-37.72431470436566],[144.70555856825018,-37.72430971821626],[144.7043485081559,-37.72390742586518],[144.7042621044659,-37.723877313568636],[144.70417704458893,-37.723844877182856],[144.7040934275739,-37.72381015447979],[144.7040113507891,-37.72377318589364],[144.7039309098089,-37.723734014473806],[144.70385219830231,-37.72369268583479],[144.70377530792393,-37.723649248103065],[144.70373296897765,-37.723625320966384],[144.70368963660547,-37.723602543555465],[144.7036453602718,-37.72358094187038],[144.70360019051827,-37.7235605405691],[144.70355417890633,-37.723541362939365],[144.70350737795812,-37.72352343087209],[144.70347491801226,-37.723511716237645],[144.70347005534586,-37.7235099129081],[144.70346526989536,-37.723507983652404],[144.70346056682754,-37.72350593055362],[144.70345595122055,-37.72350375582857],[144.70345142805792,-37.72350146182533],[144.70344700222344,-37.72349905102078],[144.70344267849563,-37.723496526017925],[144.7034384615431,-37.72349388954307],[144.7034343559189,-37.723491144442896],[144.70343036605587,-37.72348829368133]]]},"properties":{"LAYER":"POLY_KERB_1","LAYER_TYPE":"fill-extrusion"}},{"type":"Feature","geometry":{"type":"Polygon","coordinates":[[[144.70352449617488,-37.72264742004887],[144.70353562445618,-37.72240000744321],[144.7036842196838,-37.72168824549583],[144.70371854271994,-37.721537596587964],[144.7037583459592,-37.72138780079591],[144.70380359595276,-37.72123898387814],[144.70427877648052,-37.719769791345676],[144.70432199077223,-37.71964393065155],[144.70436987285652,-37.71951914042033],[144.70441980894333,-37.71938899654702],[144.70446487665143,-37.719257736237985],[144.7047547862162,-37.718361329148586],[144.70475636888045,-37.71835676827668],[144.70475815155567,-37.718352254208185],[144.7047601320567,-37.718347792475974],[144.704762307956,-37.71834338854885],[144.70476467658656,-37.71833904782467],[144.70476723504513,-37.718334775623894],[144.70476998019578,-37.718330577182975],[144.70477290867365,-37.71832645764795],[144.70477601688935,-37.718322422068134],[144.70477930103306,-37.71831847538992],[144.70478275707944,-37.7183146224508],[144.70478638079234,-37.7183108679733],[144.70479016773015,-37.7183072165593],[144.7047941132512,-37.71830367268433],[144.70479821251948,-37.71830024069213],[144.70480246051034,-37.718296924789286],[144.7048068520172,-37.7182937290401],[144.70481138165724,-37.718290657361635],[144.70481604387854,-37.718287713518805],[144.70482083296656,-37.718284901119894],[144.70482574305132,-37.71828222361208],[144.70483076811448,-37.718279684277185],[144.7048359019969,-37.71827728622762],[144.70484113840584,-37.71827503240273],[144.70484647092312,-37.71827292556499],[144.7048518930127,-37.71827096829677],[144.70485739802862,-37.7182691629971],[144.7048629792235,-37.71826751187872],[144.7048686297564,-37.7182660169654],[144.70488346867202,-37.718262319092766],[144.70488227215813,-37.718268282278025],[144.70487066653916,-37.7182711744097],[144.70486524202727,-37.71827260952656],[144.70485988407984,-37.718274194600305],[144.70485459926422,-37.718275927688104],[144.704849394058,-37.718277806665704],[144.70484427484115,-37.71827982923005],[144.70483924788826,-37.718281992902085],[144.70483431936097,-37.71828429502979],[144.70482949530015,-37.71828673279144],[144.7048247816186,-37.718289303199086],[144.704820184094,-37.71829200310219],[144.70481570836142,-37.718294829191464],[144.7048113599069,-37.71829777800295],[144.70480714406028,-37.718300845922315],[144.70480306598895,-37.71830402918921],[144.70479913069147,-37.71830732390188],[144.70479534299128,-37.71831072602202],[144.7047917075311,-37.71831423137964],[144.7047882287668,-37.7183178356782],[144.70478491096236,-37.71832153449991],[144.7047817581845,-37.718325323311134],[144.7047787742976,-37.71832919746793],[144.70477596295908,-37.718333152221696],[144.7047733276147,-37.71833718272513],[144.70477087149473,-37.71834128403798],[144.70476859760964,-37.718345451133324],[144.7047665087466,-37.7183496789035],[144.70476460746593,-37.71835396216654],[144.7047628960981,-37.718358295672395],[144.70476137674066,-37.71836267410949],[144.7044714672485,-37.71925908121739],[144.70442634658198,-37.71939049580189],[144.7043763518144,-37.71952079263874],[144.7043285284308,-37.719645429912454],[144.70428536711864,-37.719771136336746],[144.7038101867099,-37.72124032889916],[144.70376498302008,-37.72138899357759],[144.7037252205128,-37.7215386361286],[144.70369093260265,-37.7216891309224],[144.70354233791429,-37.722400890592404],[144.7035312974322,-37.72264759747603],[144.70338540871398,-37.72334819452661],[144.70337895749182,-37.72334604880092],[144.70352430399865,-37.72264739479122],[144.70352449617488,-37.72264742004887]]]},"properties":{"LAYER":"POLY_KERB_1","LAYER_TYPE":"fill-extrusion"}},{"type":"Feature","geometry":{"type":"Polygon","coordinates":[[[144.70289731039705,-37.723315814417006],[144.70289158144772,-37.723315926144345],[144.70288585101116,-37.72331588454336],[144.70288012558981,-37.72331568966126],[144.70287441168017,-37.72331534171915],[144.7028687157659,-37.72331484111186],[144.70286304431008,-37.72331418840744],[144.70285740374803,-37.723313384346504],[144.70285180048018,-37.72331242984142],[144.7028462408645,-37.723311325975274],[144.70284073120945,-37.723310074000594],[144.7028352777668,-37.72330867533802],[144.70282988672463,-37.72330713157459],[144.70282456420006,-37.72330544446199],[144.70253670662123,-37.7232097048969],[144.70251848995326,-37.72320393810094],[144.7025000331569,-37.723198675049005],[144.70248135830292,-37.723193922034724],[144.70246248772304,-37.723189684741776],[144.702427117956,-37.72318226474341],[144.70240824753486,-37.72317802747843],[144.70238957284155,-37.72317327449474],[144.70237111620787,-37.723168011476076],[144.7023528997047,-37.72316224471618],[144.70110757336107,-37.7227480452278],[144.70111020171404,-37.722743059430044],[144.70235552799167,-37.72315725888871],[144.70237352589575,-37.72316295644709],[144.7023917610488,-37.72316815630913],[144.70241021164472,-37.72317285225667],[144.70242885561962,-37.72317703867412],[144.70246422538438,-37.72318445867191],[144.70248332241005,-37.72318874681203],[144.70250222136116,-37.723193556862114],[144.70252089963802,-37.72319888307026],[144.70253933490494,-37.72320471906736],[144.7028271924685,-37.723300458625594],[144.70283240399357,-37.723302108953014],[144.7028376838068,-37.723303616123495],[144.70284302567748,-37.72330497835835],[144.70284842330187,-37.72330619405005],[144.70285387031018,-37.72330726176401],[144.70285936027443,-37.72330818024019],[144.70286488671596,-37.72330894839469],[144.70287044311314,-37.72330956532104],[144.7028760229088,-37.72331003029119],[144.7028816195183,-37.723310342756434],[144.7028872263372,-37.723310502348056],[144.7028928367488,-37.723310508877724],[144.70289844413242,-37.72331036233769],[144.70289731039705,-37.723315814417006]]]},"properties":{"LAYER":"POLY_KERB_1","LAYER_TYPE":"fill-extrusion"}},{"type":"Feature","geometry":{"type":"Polygon","coordinates":[[[144.70494328373223,-37.7182474130968],[144.70512011801387,-37.718203345533226],[144.70513904803,-37.71819891401419],[144.70515816070656,-37.71819500844424],[144.70517743289346,-37.71819163355398],[144.70519684124739,-37.71818879343122],[144.70521636226027,-37.718186491516086],[144.7052359722873,-37.71818473059672],[144.70525564757614,-37.718183512806064],[144.70527536429523,-37.71818283961917],[144.70529509856286,-37.71818271185144],[144.70531482647613,-37.71818312965761],[144.70533452413977,-37.718184092531665],[144.7053541676952,-37.718185599307354],[144.7053737333492,-37.718187648159606],[144.70584718510526,-37.71824390015543],[144.70611979214672,-37.718244406896],[144.70704672619402,-37.71835453034727],[144.7070457197434,-37.71835987617375],[144.70611927819402,-37.71824981123288],[144.7058466711328,-37.71824930449048],[144.7053727267819,-37.718192993968074],[144.70535339591433,-37.718190969701865],[144.7053339880802,-37.71818948100733],[144.70531452678716,-37.71818852968765],[144.70529503560743,-37.71818811689506],[144.7052755381496,-37.71818824312955],[144.7052560580297,-37.71818890823821],[144.70523661884292,-37.71819011141544],[144.7052172441348,-37.71819185120383],[144.70519795737272,-37.71819412549611],[144.70517878191768,-37.718196931537534],[144.70515974099573,-37.718200265929305],[144.70514085767002,-37.71820412463266],[144.70512215481287,-37.71820850297374],[144.70494867529223,-37.718251734524955],[144.70494328373223,-37.7182474130968]]]},"properties":{"LAYER":"POLY_KERB_1","LAYER_TYPE":"fill-extrusion"}},{"type":"Feature","geometry":{"type":"Polygon","coordinates":[[[144.70400945267434,-37.72034908216786],[144.70361946502348,-37.721554849488456],[144.70329857882174,-37.72242022509814],[144.70314338787568,-37.72290002019013],[144.7031020792885,-37.72303645282431],[144.70306610328734,-37.72317383510099],[144.703061212092,-37.72319295759498],[144.70305580061765,-37.72321199145507],[144.70305453226348,-37.723215968297616],[144.7030531125137,-37.72321991272518],[144.70305154267683,-37.72322382110232],[144.70304982419972,-37.7232276898268],[144.70304795866625,-37.723231515332905],[144.70304594779574,-37.72323529409469],[144.70303966972438,-37.723233206077516],[144.70304161160755,-37.723229564157286],[144.70304341281678,-37.72322587690866],[144.70304507167774,-37.72322214775902],[144.70304658664855,-37.72321838017466],[144.70304795632106,-37.72321457765763],[144.70304917942215,-37.723210743742435],[144.7030545584292,-37.723191824085866],[144.70305942027895,-37.723172816327185],[144.70309543916278,-37.723035270340155],[144.703136796987,-37.72289867512753],[144.70329201757306,-37.72241878852817],[144.7036129038433,-37.72155341293845],[144.70400286199128,-37.72034773716006],[144.70404740937073,-37.720199563348295],[144.7040855706699,-37.720050269173825],[144.70411730155035,-37.71990002824689],[144.70414256515207,-37.71974901527773],[144.70416133213632,-37.71959740587326],[144.70416345770516,-37.71941688249789],[144.70417354249238,-37.71923652904567],[144.70419157406258,-37.71905656687598],[144.70420527692397,-37.71882488111344],[144.70423241956172,-37.718728089011655],[144.7042621798976,-37.71863178367085],[144.7043305165981,-37.71842048699516],[144.70433503512422,-37.71840543447315],[144.704338892123,-37.71839026626206],[144.70434208293148,-37.718375000701315],[144.70434460369208,-37.71835965624807],[144.7043464513575,-37.718344251454766],[144.7043476236942,-37.71832880494689],[144.70434811928516,-37.7183133354003],[144.70434793753162,-37.71829786151875],[144.70434707865374,-37.71828240201113],[144.70434554369035,-37.71826697556899],[144.70434333449774,-37.71825160084394],[144.70434045374748,-37.71823629642497],[144.70433690492288,-37.718221080816086],[144.70432181564635,-37.71816212678541],[144.70432775421918,-37.71815819960177],[144.70434357301676,-37.718220003862314],[144.70434716494583,-37.718235404276015],[144.70435008068634,-37.718250894578496],[144.70435231671266,-37.71826645604103],[144.70435387032072,-37.71828206984879],[144.70435473963178,-37.71829771712372],[144.70435492359428,-37.718313378947194],[144.70435442198547,-37.718329036383096],[144.70435323541125,-37.71834467050048],[144.70435136530594,-37.718360262396686],[144.70434881393015,-37.718375793220005],[144.7043455843683,-37.71839124419265],[144.70434168052464,-37.71840659663328],[144.70433710711896,-37.718421831979725],[144.7042687704166,-37.718633128718274],[144.70423910775335,-37.71872910816292],[144.7042120481589,-37.71882557175171],[144.7041983631763,-37.71905695557709],[144.7041803348327,-37.719236853698746],[144.70417025597203,-37.719417143247476],[144.70416813903975,-37.719597602634664],[144.70414935273766,-37.719749444202876],[144.70412405779047,-37.71990068845878],[144.70409228359213,-37.72005115941412],[144.7040540670764,-37.72020068197944],[144.70400945267434,-37.72034908216786]]]},"properties":{"LAYER":"POLY_KERB_1","LAYER_TYPE":"fill-extrusion"}},{"type":"Feature","geometry":{"type":"Polygon","coordinates":[[[144.7043155641176,-37.71811192576929],[144.70431395781927,-37.7181075017011],[144.70431216271575,-37.718103123672066],[144.70431018089133,-37.71809879676505],[144.70430801464678,-37.71809452600356],[144.7043056664972,-37.71809031634595],[144.70430313916887,-37.718086172679584],[144.70430043559597,-37.71808209981527],[144.70429755891735,-37.71807810248159],[144.7042945124729,-37.71807418531939],[144.70429129979948,-37.718070352876495],[144.70428792462707,-37.71806660960235],[144.70428439087425,-37.71806295984288],[144.70428070264376,-37.718059407835426],[144.70427686421746,-37.71805595770385],[144.70427288005195,-37.718052613453736],[144.70426875477276,-37.71804937896773],[144.70426449316935,-37.71804625800104],[144.7042601001894,-37.7180432541771],[144.7042555809332,-37.71804037098337],[144.70425094064748,-37.71803761176712],[144.70424618471972,-37.718034979731875],[144.70424131867148,-37.71803247793335],[144.7042363481522,-37.71803010927615],[144.70423127893267,-37.71802787651023],[144.70422611689816,-37.71802578222787],[144.70422086804183,-37.71802382886043],[144.70421553845753,-37.71802201867584],[144.70421013433287,-37.71802035377566],[144.70420466194201,-37.71801883609284],[144.7041991276384,-37.71801746738937],[144.7041935378472,-37.718016249254376],[144.7041878990583,-37.718015183102004],[144.7041822178181,-37.71801427017012],[144.7041765007226,-37.71801351151859],[144.70284867970537,-37.71785572514191],[144.70267968418355,-37.71783360721871],[144.70251158635764,-37.71780752772282],[144.7023504035567,-37.71778252078035],[144.70218836019816,-37.71776131199718],[144.70214104756442,-37.71775568922411],[144.7021400407736,-37.71776103499791],[144.70218735340865,-37.71776665777128],[144.70234919815613,-37.71778784055996],[144.7025101834006,-37.71781281685271],[144.7026784788063,-37.71783892700253],[144.70284767296326,-37.71786107092329],[144.7041754940727,-37.71801885731425],[144.70418105002645,-37.71801959553655],[144.7041865706239,-37.718020485534616],[144.70419204929632,-37.71802152624957],[144.70419747952522,-37.71802271644311],[144.70420285484943,-37.71802405469911],[144.70420816887332,-37.71802553942529],[144.70421341527407,-37.71802716885505],[144.70421858780938,-37.718028941049695],[144.70422368032487,-37.718030853900615],[144.70422868676124,-37.71803290513186],[144.70423360116177,-37.71803509230276],[144.70423841767914,-37.71803741281103],[144.70424313058248,-37.71803986389563],[144.70424773426427,-37.718042442640204],[144.70425222324684,-37.718045145976504],[144.7042565921892,-37.718047970687984],[144.704260835893,-37.71805091341378],[144.70426494930885,-37.7180539706525],[144.70426892754259,-37.718057138766596],[144.7042727658607,-37.718060413986564],[144.70427645969627,-37.718063792415414],[144.7042800046543,-37.71806727003342],[144.70428339651676,-37.71807084270282],[144.70428663124795,-37.718074506172755],[144.70428970499907,-37.71807825608428],[144.70429261411283,-37.718082087975695],[144.70429535512795,-37.71808599728767],[144.7042979247829,-37.7180899793688],[144.7043003200204,-37.71809402948106],[144.70430253799034,-37.71809814280555],[144.7043045760537,-37.71810231444808],[144.7043064317855,-37.71810653944513],[144.7043081029778,-37.718110812769645],[144.7043155641176,-37.71811192576929]]]},"properties":{"LAYER":"POLY_KERB_1","LAYER_TYPE":"fill-extrusion"}},{"type":"Feature","geometry":{"type":"Polygon","coordinates":[[[144.70450662207475,-37.71764767920419],[144.70451220925443,-37.71764653153959],[144.70451774421372,-37.71764523398999],[144.7045232205825,-37.7176437880488],[144.7045286320582,-37.71764219538002],[144.70453397241286,-37.717640457816664],[144.70453923550045,-37.717638577358436],[144.7045444152637,-37.7176365561695],[144.7045495057415,-37.71763439657602],[144.7045545010753,-37.71763210106339],[144.70455939551607,-37.71762967227346],[144.7045641834309,-37.717627113001484],[144.70456885930957,-37.717624426192835],[144.7045734177708,-37.71762161493973],[144.70457785356825,-37.71761868247749],[144.70458216159693,-37.71761563218112],[144.7045863368989,-37.717612467561054],[144.70459037466898,-37.717609192259374],[144.70459427026006,-37.71760581004558],[144.70459801918895,-37.71760232481215],[144.704601617141,-37.717598740570146],[144.70460505997565,-37.71759506144456],[144.70460834373043,-37.71759129166965],[144.70461146462634,-37.71758743558388],[144.70461441907156,-37.71758349762517],[144.70461720366598,-37.71757948232558],[144.70463371665755,-37.717553691138306],[144.70464917843455,-37.71752749198681],[144.704663573047,-37.71750091189929],[144.70467688564585,-37.717473978297036],[144.7046891024984,-37.71744671896592],[144.7047002110025,-37.71741916202783],[144.70471019969924,-37.7173913359117],[144.70471905828515,-37.717363269324075],[144.70475550680558,-37.7172302170808],[144.70478680352792,-37.717096339768744],[144.70481291906086,-37.71696176323285],[144.70483382888386,-37.71682661397464],[144.70485697768493,-37.71668054852527],[144.70487404548487,-37.716533955750236],[144.70488501372427,-37.71638699536174],[144.7048898704894,-37.71623982747154],[144.7048886105253,-37.71609261241658],[144.70488180804446,-37.71609273836483],[144.70488306623847,-37.716239793812],[144.70487821355394,-37.71638680211867],[144.70486725524304,-37.71653360308084],[144.70485020321166,-37.71668003671951],[144.70482707600692,-37.71682594345507],[144.70480619116302,-37.71696095186163],[144.7047801051366,-37.71709538811055],[144.70474884242893,-37.717229125788506],[144.7047124324096,-37.71736203913849],[144.70470362697293,-37.717389937326026],[144.7046936982062,-37.71741759648483],[144.70468265635108,-37.717444988080615],[144.70467051279766,-37.71747208385503],[144.70465728007255,-37.71749885585491],[144.70464297182605,-37.71752527646106],[144.7046276028181,-37.71755131841684],[144.70461118890302,-37.717576954856106],[144.7046084538225,-37.717580895208016],[144.7046055483602,-37.7175847578404],[144.7046024760117,-37.717588538106014],[144.70459924047333,-37.717592231456884],[144.70459584563764,-37.71759583344955],[144.70459229558912,-37.71759933975044],[144.70458859459865,-37.71760274614113],[144.70458474711887,-37.7176060485234],[144.7045807577788,-37.717609242924134],[144.70457663137785,-37.71761232550016],[144.7045723728806,-37.71761529254286],[144.70456798741031,-37.717618140482536],[144.70456348024322,-37.71762086589288],[144.70455885680187,-37.71762346549489],[144.70455412264872,-37.717625936161035],[144.7045492834794,-37.71762827491884],[144.7045443451159,-37.717630478954554],[144.7045393134996,-37.717632545616475],[144.70453419468402,-37.71763447241821],[144.70452899482757,-37.71763625704166],[144.70452372018627,-37.71763789733967],[144.70451837710598,-37.71763939133889],[144.70451297201504,-37.717640737241815],[144.70450751141627,-37.717641933429206],[144.70450662207475,-37.71764767920419]]]},"properties":{"LAYER":"POLY_KERB_1","LAYER_TYPE":"fill-extrusion"}},{"type":"Feature","geometry":{"type":"Polygon","coordinates":[[[144.70444114752524,-37.7176517774529],[144.70444456761294,-37.717656780662466],[144.7042351713916,-37.71768671227522],[144.70421689875027,-37.71768908023798],[144.70419853853173,-37.71769097306677],[144.70418011030952,-37.71769238874366],[144.70416163372963,-37.71769332575943],[144.7041431284896,-37.717693783115166],[144.70412461431764,-37.71769376032328],[144.7041061109513,-37.717693257408115],[144.7040876381168,-37.7176922749058],[144.7040692155076,-37.7176908138638],[144.7040508627638,-37.71768887583973],[144.70347170235652,-37.71762005465647],[144.70319909794023,-37.717619541862064],[144.70310561717227,-37.71760843311617],[144.7028735192579,-37.71759147050127],[144.7026408508139,-37.71758049846128],[144.70240785678624,-37.71757552854537],[144.70217478246335,-37.71757656598388],[144.70217463394914,-37.71757116200341],[144.702407963538,-37.717570123872605],[144.70264121269554,-37.71757510056396],[144.70287413579229,-37.71758608683846],[144.7031064875416,-37.71760307112851],[144.70319961209785,-37.717614137544174],[144.70347221649442,-37.71761465033674],[144.70405186941693,-37.717683530044994],[144.7040700019265,-37.71768544481263],[144.70408820346307,-37.71768688832198],[144.70410645462226,-37.71768785903413],[144.70412473594692,-37.71768835591426],[144.70414302794748,-37.7176883784326],[144.7041613111233,-37.717687926565105],[144.7041795659829,-37.717687000793546],[144.70419777306515,-37.717685602104844],[144.70421591295974,-37.71768373199009],[144.70423396632805,-37.717681392443],[144.70444114752524,-37.7176517774529]]]},"properties":{"LAYER":"POLY_KERB_1","LAYER_TYPE":"fill-extrusion"}},{"type":"Feature","geometry":{"type":"Polygon","coordinates":[[[144.70509666098403,-37.71776979497232],[144.70509859110845,-37.71777420040275],[144.70510071149067,-37.71777855029081],[144.70510301960408,-37.71778283945327],[144.70510551269848,-37.71778706277932],[144.70510818780326,-37.71779121523665],[144.70511104173085,-37.71779529187733],[144.7051140710807,-37.717799287843775],[144.7051172722431,-37.717803198374575],[144.70512064140374,-37.71780701881005],[144.7051241745481,-37.71781074459793],[144.70512786746625,-37.71781437129871],[144.70513171575777,-37.71781789459091],[144.70513571483733,-37.717821310276335],[144.70513985993966,-37.717824614284936],[144.70514414612578,-37.717827802679864],[144.70514856828828,-37.717830871661846],[144.70515312115793,-37.71783381757406],[144.70515779930983,-37.71783663690622],[144.70516259716956,-37.717839326298915],[144.70516750902016,-37.71784188254758],[144.7051725290089,-37.717844302606245],[144.70517765115423,-37.71784658359129],[144.70518286935257,-37.71784872278475],[144.70518817738636,-37.71785071763763],[144.70519356893053,-37.71785256577296],[144.70519903756082,-37.71785426498851],[144.70520457676096,-37.71785581325961],[144.70521017993073,-37.7178572087414],[144.70521584039344,-37.717858449771],[144.70522155140438,-37.71785953486968],[144.70522730615846,-37.717860462744504],[144.7052330977985,-37.71786123228982],[144.70692402180364,-37.718062128862144],[144.7070975098291,-37.718084789227746],[144.70709871120167,-37.71807946886128],[144.70692502825784,-37.71805678303663],[144.70523410437013,-37.717855886482425],[144.70522847805765,-37.71785513795544],[144.70522288808917,-37.71785423378457],[144.70521734128596,-37.71785317507314],[144.70521184441643,-37.717851963113056],[144.7052064041882,-37.71785059938322],[144.70520102723972,-37.71784908554773],[144.70519572013222,-37.71784742345385],[144.7051904893417,-37.717845615129754],[144.70518534125108,-37.71784366278205],[144.7051802821423,-37.7178415687931],[144.70517531818874,-37.717839335718125],[144.70517045544767,-37.717836966282],[144.70516569985284,-37.71783446337606],[144.70516105720728,-37.717831830054486],[144.70515653317622,-37.71782906953059],[144.70515213328002,-37.717826185172896],[144.7051478628877,-37.71782318050109],[144.70514372721024,-37.717820059181584],[144.7051397312941,-37.71781682502319],[144.70513588001535,-37.71781348197243],[144.7051321780735,-37.71781003410861],[144.70512862998578,-37.71780648563904],[144.7051252400817,-37.717802840893675],[144.70512201249787,-37.7177991043201],[144.70511895117266,-37.717795280477844],[144.70511605984163,-37.71779137403294],[144.705113342033,-37.71778738975223],[144.70511080106297,-37.717783332497575],[144.70510844003226,-37.71777920721979],[144.70510626182187,-37.71777501895276],[144.70510426908967,-37.71777077280723],[144.70509666098403,-37.71776979497232]]]},"properties":{"LAYER":"POLY_KERB_1","LAYER_TYPE":"fill-extrusion"}},{"type":"Feature","geometry":{"type":"Polygon","coordinates":[[[144.7017859649761,-37.72828898919267],[144.7017814093454,-37.72828664495523],[144.70177675815376,-37.72828442224852],[144.70177201653863,-37.72828232352751],[144.70176718973698,-37.728280351110314],[144.7017622830802,-37.72827850717547],[144.70175730198778,-37.72827679375964],[144.70175225196135,-37.72827521275531],[144.70174713857875,-37.728273765908675],[144.70174196748778,-37.72827245481788],[144.70173674440002,-37.72827128093098],[144.70173147508436,-37.72827024554457],[144.70172616536092,-37.728269349802204],[144.7017208210943,-37.72826859469331],[144.70160688633678,-37.728254043388795],[144.70159213712827,-37.72825200258153],[144.7015774599599,-37.72824965690546],[144.70120236884603,-37.72818565586299],[144.70118803978013,-37.72818336576903],[144.7011736403829,-37.72818137330997],[144.70062887700942,-37.72811179454943],[144.7006299575126,-37.728106457857315],[144.70117472084843,-37.72817603661165],[144.70118929513617,-37.728178053270426],[144.70120379823834,-37.7281803711791],[144.7015788893272,-37.72824437221625],[144.70159339245706,-37.72824669007778],[144.70160796677274,-37.72824870668557],[144.70172190152243,-37.728263257988786],[144.70172770668864,-37.72826408161349],[144.7017334724308,-37.72826506453319],[144.70173919182207,-37.72826620556699],[144.7017448579915,-37.7282675033441],[144.70175046413178,-37.7282689563054],[144.70175600350794,-37.72827056270538],[144.70176146946508,-37.72827232061414],[144.7017668554366,-37.72827422791976],[144.701772154952,-37.728276282330924],[144.70177736164445,-37.72827848137946],[144.70178246925886,-37.72828082242353],[144.7017874716591,-37.72828330265066],[144.7017859649761,-37.72828898919267]]]},"properties":{"LAYER":"POLY_KERB_1","LAYER_TYPE":"fill-extrusion"}},{"type":"Feature","geometry":{"type":"Polygon","coordinates":[[[144.70236464377982,-37.72834348514118],[144.70237025408045,-37.728343233646505],[144.7023758717777,-37.72834312944118],[144.7023814907436,-37.72834317263881],[144.70238710484875,-37.72834336319235],[144.70239270796912,-37.72834370089391],[144.7023982939927,-37.728344185375114],[144.70240385682598,-37.72834481610751],[144.70278131793677,-37.728392677655464],[144.70280073474987,-37.728394866911984],[144.70282023525755,-37.72839652163466],[144.70283979613998,-37.72839763984467],[144.70285939400532,-37.72839822020477],[144.7028959718254,-37.72839880061926],[144.702915569533,-37.728399380963175],[144.70293513026027,-37.7284004991418],[144.7029546306167,-37.72840215381805],[144.70297404728393,-37.728404343013324],[144.70430736183053,-37.728573391866306],[144.70430628908912,-37.72857872955545],[144.70297297445046,-37.72840968068746],[144.70295379078183,-37.72840751776234],[144.70293452442831,-37.72840588294201],[144.70291519842834,-37.7284047781814],[144.7028958358919,-37.72840420480153],[144.70285925806914,-37.72840362438695],[144.702839425028,-37.728403037062414],[144.70281962941354,-37.72840190543375],[144.70279989489842,-37.728400230854234],[144.70278024508215,-37.728398015326455],[144.7024027839453,-37.72835015377421],[144.70239713221292,-37.72834951736209],[144.70239145593305,-37.7283490381978],[144.70238576203866,-37.72834871686665],[144.7023800574846,-37.72834855376105],[144.70237434923845,-37.728348549080295],[144.7023686442725,-37.72834870283005],[144.70236294955495,-37.728349014822534],[144.70236464377982,-37.72834348514118]]]},"properties":{"LAYER":"POLY_KERB_1","LAYER_TYPE":"fill-extrusion"}},{"type":"Feature","geometry":{"type":"Polygon","coordinates":[[[144.7050614968172,-37.71686259931077],[144.70508734399243,-37.717088062194364],[144.7050685032821,-37.71726395625463],[144.7050426604577,-37.71743928817666],[144.70504048006293,-37.717454185969295],[144.70503892524428,-37.71746913316716],[144.70503799772587,-37.717484113198616],[144.70503769853636,-37.71749910945558],[144.70503802800792,-37.717514105311956],[144.7050389857756,-37.717529084142136],[144.70504057077784,-37.71754402933934],[144.70504278125796,-37.71755892433403],[144.70504561476542,-37.71757375261238],[144.7050490681593,-37.71758849773454],[144.70508243104695,-37.71771884254007],[144.7050882216266,-37.71771433741727],[144.70505573618615,-37.7175874207324],[144.70505232423207,-37.717572852552436],[144.70504952472558,-37.717558202214065],[144.70504734077014,-37.71754348595995],[144.7050457747867,-37.717528720105754],[144.70504482851103,-37.71751392102213],[144.70504450299194,-37.717499105116566],[144.70504479858994,-37.717484288815214],[144.70504571497688,-37.717469488544616],[144.70504725113645,-37.71745472071358],[144.70504940536514,-37.71744000169489],[144.70507530063784,-37.717264284305124],[144.7050941697918,-37.71708800306924],[144.70506827317507,-37.71686210909239],[144.70507099375715,-37.7166653175465],[144.7050649143143,-37.71646857339182],[144.70505004258752,-37.71627212487453],[144.70502639741096,-37.716076219865904],[144.7050196367108,-37.716076830977784],[144.70504326859074,-37.71627270633396],[144.70505813325926,-37.71646912460817],[144.70506421191178,-37.71666583824398],[144.7050614968172,-37.71686259931077]]]},"properties":{"LAYER":"POLY_KERB_1","LAYER_TYPE":"fill-extrusion"}},{"type":"Feature","geometry":{"type":"Polygon","coordinates":[[[144.7010021556237,-37.73267628380581],[144.70101426614477,-37.73282489695227],[144.7010058453595,-37.73300336230176],[144.70100515575356,-37.73318195207269],[144.70101219819819,-37.73336045507406],[144.7010269644211,-37.733538660216105],[144.70104943701583,-37.73371635675967],[144.70107958946244,-37.73389333456559],[144.70111738615813,-37.73406938434319],[144.70116278245956,-37.734244297897675],[144.7011971156954,-37.7343659649864],[144.70123032194496,-37.73436005465819],[144.70119598865622,-37.734238387576355],[144.70115053618773,-37.734064216111705],[144.7011127296578,-37.73388889577252],[144.70108261464992,-37.73371263819648],[144.70106022746182,-37.73353565615114],[144.70104559506234,-37.73335816327706],[144.70103873505872,-37.73318037382995],[144.701039655676,-37.733002502421925],[144.701048355747,-37.73282476376253],[144.701048355747,-37.73282476376254],[144.70103627651287,-37.73267653557371],[144.70124053371154,-37.73133751875614],[144.70129322345716,-37.73118361287071],[144.7013194156957,-37.73106462205659],[144.70134977373021,-37.730946257313505],[144.70138427395045,-37.73082861061989],[144.70142288952783,-37.73071177339583],[144.7016585964514,-37.730066423062894],[144.701913232174,-37.729425625409775],[144.70204348730067,-37.729103831674315],[144.70216373783254,-37.72877959081862],[144.70227391114528,-37.72845309901453],[144.70237413076967,-37.72838209964459],[144.70281555953372,-37.728438072170825],[144.70293069662526,-37.728439899164144],[144.70429931626563,-37.72861342453466],[144.70430199812168,-37.72860008031199],[144.7029322148365,-37.728426407406175],[144.7028170777753,-37.728424580415144],[144.70235764590706,-37.72836632508298],[144.70236464377982,-37.72834348514118],[144.70235876983395,-37.728343907238546],[144.70235291783757,-37.72834449078895],[144.70234709482307,-37.728345235091055],[144.7023413077882,-37.7283461392505],[144.70233556368734,-37.72834720218067],[144.70232986942338,-37.728348422604256],[144.70232423183916,-37.728349799054605],[144.7023186577096,-37.72835132987762],[144.70231315373331,-37.72835301323365],[144.70230772652445,-37.728354847099816],[144.70230238260513,-37.728356829272236],[144.70229712839725,-37.72835895736896],[144.7022919702149,-37.728361228832554],[144.70228691425686,-37.72836364093332],[144.702281966599,-37.72836619077261],[144.70227713318707,-37.72836887528621],[144.7022724198295,-37.72837169124806],[144.7022678321905,-37.72837463527413],[144.70226337578313,-37.728377703826524],[144.70225905596283,-37.728380893217675],[144.70225487792084,-37.72838419961481],[144.70225084667806,-37.72838761904451],[144.70224696707896,-37.7283911473976],[144.70224324378574,-37.72839478043394],[144.70223968127289,-37.72839851378764],[144.70223628382146,-37.728402342972146],[144.70223305551448,-37.72840626338587],[144.7022300002314,-37.72841027031756],[144.7022271216439,-37.72841435895196],[144.70222442321125,-37.728418524375606],[144.70222190817628,-37.728422761582834],[144.70221957956147,-37.72842706548165],[144.70221744016516,-37.72843143089992],[144.70221549255834,-37.72843585259164],[144.7022137390816,-37.72844032524304],[144.70221218184216,-37.728444843479316],[144.70220532791583,-37.72846610384678],[144.70223344191294,-37.72846969833812],[144.70206793297004,-37.72894592786269],[144.70188093583033,-37.729417113993016],[144.70162604345435,-37.73005855213953],[144.701390099929,-37.73070454781807],[144.7013513524896,-37.73082176414215],[144.70131672148685,-37.73093979043608],[144.70128623369177,-37.73105853552751],[144.7012599126753,-37.731177907688426],[144.7012070607967,-37.7313322869564],[144.70114742013746,-37.73171500643681],[144.7010021556237,-37.73267628380581]]]},"properties":{"LAYER":"POLY_FOOTPATH","LAYER_TYPE":"fill-extrusion"}},{"type":"Feature","geometry":{"type":"Polygon","coordinates":[[[144.70104009382118,-37.731516271167166],[144.70085092381544,-37.73273015423246],[144.70084929587267,-37.732739312043236],[144.70084727434784,-37.73274842025314],[144.700844861608,-37.73275746819581],[144.7008420604787,-37.73276644527542],[144.70083887424005,-37.7327753409792],[144.70083530662322,-37.73278414488959],[144.70083136180602,-37.73279284669656],[144.700827044408,-37.73280143620963],[144.70082235948504,-37.732809903369876],[144.70081731252338,-37.732818238261565],[144.70081190943333,-37.73282643112395],[144.70080615654226,-37.73283447236251],[144.700800060587,-37.73284235256039],[144.70066670827666,-37.73300830090274],[144.7006600284643,-37.73301693448772],[144.70065372301255,-37.733025743859656],[144.7006477992474,-37.73303471878365],[144.70064226405137,-37.73304384883239],[144.7006371238555,-37.7330531233984],[144.70063238463186,-37.73306253170623],[144.70062805188684,-37.73307206282513],[144.70062413065443,-37.73308170568155],[144.70062062549064,-37.73309144907223],[144.70061754046796,-37.73310128167699],[144.70061487917081,-37.73311119207209],[144.7006126446914,-37.73312116874335],[144.7006108396259,-37.73313120009962],[144.70060946607174,-37.733141274486194],[144.70060852562486,-37.73315138019835],[144.70060801937808,-37.73316150549495],[144.7006079479198,-37.73317163861221],[144.70061492042592,-37.733363453195885],[144.7006303007977,-37.7335549585195],[144.70065407043626,-37.73374592219295],[144.700686200562,-37.733936112481665],[144.700726652249,-37.73412529858771],[144.7007753764722,-37.73431325093007],[144.70080970909368,-37.734434918110736],[144.70084291539953,-37.734429007893844],[144.70080858272544,-37.73430734072097],[144.70076009747078,-37.73412031051166],[144.70071984416325,-37.73393205258952],[144.70068787158777,-37.73374279540921],[144.70066421847966,-37.73355276863619],[144.70064891347775,-37.73336220286805],[144.70064197509015,-37.73317132935471],[144.70064204004802,-37.73316211742966],[144.7006425002681,-37.73315291261414],[144.70064335521562,-37.733143725602574],[144.70064460389716,-37.73313456706873],[144.70064624486173,-37.733125447653194],[144.70064827620274,-37.73311637795122],[144.70065069555997,-37.733107368500185],[144.7006535001224,-37.73309842976754],[144.70065668663145,-37.73308957213856],[144.70066025138487,-37.73308080590421],[144.70066419024084,-37.73307214124938],[144.70066849862306,-37.73306358824087],[144.7006731715257,-37.73305515681578],[144.70067820351966,-37.73304685676994],[144.70068358875847,-37.73303869774657],[144.70068932098533,-37.733030689225],[144.7006953935403,-37.73302284050971],[144.70082874581607,-37.73285689213404],[144.7008354513649,-37.732848223914644],[144.7008417795429,-37.73283937855059],[144.70084772293941,-37.732830366400385],[144.7008532745945,-37.732821198018],[144.70085842800668,-37.7328118841403],[144.7008631771413,-37.73280243567456],[144.70086751643672,-37.732792863685624],[144.70087144081157,-37.732783179383],[144.70087494567022,-37.732773394107774],[144.70087802690847,-37.73276351931921],[144.70088068091798,-37.732753566581394],[144.70088290459103,-37.73274354754974],[144.70088469532365,-37.73273347395725],[144.7010738647916,-37.73151959082055],[144.70107521410785,-37.73150953072325],[144.70107613164805,-37.731499439987125],[144.7010766163499,-37.731489330298274],[144.7010766676522,-37.731479213364764],[144.70107628549565,-37.731469100903084],[144.70107547032305,-37.73145900462448],[144.70107422307868,-37.73144893622149],[144.70107254520707,-37.73143890735438],[144.70107043865158,-37.731428929637566],[144.701067905852,-37.73141901462626],[144.7010649497417,-37.731409173803094],[144.7010615737444,-37.731399418564656],[144.7010577817699,-37.731389760208565],[144.70105357820992,-37.73138020992012],[144.70104896793273,-37.7313707787595],[144.70104395627772,-37.73136147764894],[144.7010385490489,-37.731352317360006],[144.70103275250864,-37.73134330850126],[144.70102657336997,-37.73133446150579],[144.7010200187891,-37.73132578661929],[144.70096263129483,-37.731252683797926],[144.70095653148437,-37.73124460317236],[144.7009507900115,-37.731236358594394],[144.70094541385365,-37.73122796008363],[144.70094040954427,-37.731219417846724],[144.7009357831649,-37.731210742264906],[144.70093154033785,-37.73120194388162],[144.70092768621925,-37.7311930333894],[144.70092422549274,-37.731184021617096],[144.7009211623641,-37.731174919516604],[144.70091850055567,-37.73116573814962],[144.70091624330217,-37.73115648867413],[144.7009143933467,-37.73114718233093],[144.7009129529373,-37.7311378304299],[144.70091192382435,-37.73112844433628],[144.7009113072583,-37.73111903545685],[144.70091110398837,-37.7311096152261],[144.70091131426142,-37.73110019509231],[144.70091193782167,-37.73109078650361],[144.7009129739113,-37.73108140089411],[144.7009144212709,-37.731072049670026],[144.70091627814145,-37.73106274419572],[144.70095177738142,-37.73091662737982],[144.7009931470207,-37.73077148788155],[144.701040344631,-37.73062747443565],[144.70127882557853,-37.72997455932562],[144.70153647184762,-37.72932625415418],[144.70154999891534,-37.729294066706544],[144.70159924531612,-37.72907045950974],[144.70172190863815,-37.72874573610164],[144.70183418581644,-37.7284186511676],[144.7018619636592,-37.72842220276896],[144.70186298248507,-37.7284175614667],[144.7018637969874,-37.72841289477681],[144.70186440617616,-37.7284082083719],[144.70186480931093,-37.72840350794848],[144.70186500590168,-37.72839879922015],[144.70186499570954,-37.728394087910615],[144.70186477874682,-37.728389379746716],[144.7018643552774,-37.72838468045137],[144.70186372581603,-37.72837999573684],[144.70186289112792,-37.7283753312976],[144.7018618522276,-37.72837069280347],[144.7018606103781,-37.72836608589279],[144.70185916708886,-37.72836151616547],[144.70185752411436,-37.728356989176206],[144.70185568345173,-37.72835251042771],[144.7018536473384,-37.728348085364196],[144.7018514182494,-37.72834371936447],[144.70184899889432,-37.72833941773561],[144.70184639221404,-37.72833518570642],[144.70184360137716,-37.72833102842115],[144.701840629776,-37.72832695093313],[144.70183748102278,-37.72832295819875],[144.70183415894493,-37.7283190550713],[144.70183066758065,-37.728315246295296],[144.70182701117386,-37.72831153650037],[144.70182319416907,-37.728307930196],[144.70181922120605,-37.728304431765785],[144.70181509711415,-37.72830104546222],[144.7018108269064,-37.72829777540147],[144.70180641577343,-37.72829462555846],[144.70180186907714,-37.72829159976196],[144.70179719234423,-37.72828870168991],[144.70179239125957,-37.728285934865106],[144.7017874716591,-37.72828330265066],[144.70178344721006,-37.728298491774844],[144.70158707807047,-37.72827341231423],[144.7011830518234,-37.72820447412674],[144.70062455499504,-37.728133141317784],[144.70062185373465,-37.72814648304789],[144.7011799123623,-37.72821775989319],[144.70158393867752,-37.72828669809358],[144.7017343760452,-37.728305911369],[144.70180077124346,-37.72841332841858],[144.70168862782066,-37.72873987209415],[144.70156611137395,-37.72906405613164],[144.70151691430263,-37.72928743891712],[144.7015042084377,-37.72931766480019],[144.70124636587838,-37.7299666678373],[144.70100755511098,-37.73062024875568],[144.7009600273981,-37.73076508897017],[144.70091841690638,-37.73091107323845],[144.7008827671235,-37.7310580491114],[144.7008807245615,-37.73106828513242],[144.70087913246135,-37.73107857147832],[144.70087799275814,-37.731088895648256],[144.70087730683707,-37.731099245095486],[144.700877075532,-37.731109607242445],[144.70087729912422,-37.73111996949617],[144.7008779773421,-37.73113031926358],[144.70087910936164,-37.73114064396673],[144.70088069380733,-37.73115093105819],[144.70088272875375,-37.731161168036124],[144.70088521172815,-37.73117134245972],[144.70088813971307,-37.73118144196407],[144.70089150915038,-37.731191454275404],[144.70089531594544,-37.73120136722585],[144.70089955547206,-37.73121116876832],[144.70090422257812,-37.73122084699107],[144.700909311592,-37.73123039013228],[144.70091481632912,-37.73123978659423],[144.70092073009985,-37.73124902495747],[144.70092704571732,-37.731258093994725],[144.7009337555064,-37.73126698268444],[144.70099114298176,-37.7313400855191],[144.70099710168955,-37.73134797178095],[144.70100271908595,-37.731356014505444],[144.70100798866545,-37.73136420437829],[144.70101290432515,-37.73137253191487],[144.70101746037216,-37.73138098747103],[144.70102165153,-37.73138956125441],[144.7010254729448,-37.731398243335754],[144.70102892019068,-37.73140702366031],[144.7010319892755,-37.73141589205958],[144.70103467664464,-37.731424838263116],[144.70103697918577,-37.73143385191025],[144.70103889423214,-37.731442922562294],[144.70104041956586,-37.731452039714526],[144.70104155342023,-37.73146119280835],[144.70104229448205,-37.731470371243525],[144.70104264189285,-37.731479564390476],[144.70104259525021,-37.7314887616026],[144.70104215460802,-37.731497952228565],[144.70104132047638,-37.73150712562467],[144.70104009382118,-37.731516271167166]]]},"properties":{"LAYER":"POLY_FOOTPATH","LAYER_TYPE":"fill-extrusion"}},{"type":"Feature","geometry":{"type":"Polygon","coordinates":[[[144.70185157840606,-37.728076127432594],[144.70184344326887,-37.72810267870284],[144.70137561134635,-37.7280429282648],[144.7012604776286,-37.728040997600964],[144.7006587708657,-37.72796414605963],[144.70065336837146,-37.72799082952276],[144.7012574026681,-37.728067978344136],[144.7013725364082,-37.728069909012014],[144.70183537204818,-37.72812902134269],[144.70183053846617,-37.72814479705188],[144.70183637232216,-37.728145359826584],[144.7018422271689,-37.72814576223847],[144.70184809602083,-37.72814600380741],[144.7018539718757,-37.7281460842452],[144.70185984772294,-37.72814600345588],[144.70186571655194,-37.72814576153581],[144.70187157136056,-37.728145358773645],[144.70187740516334,-37.728144795649925],[144.70188321099977,-37.728144072836514],[144.7018889819429,-37.72814319119581],[144.70189471110726,-37.72814215177971],[144.7019003916573,-37.72814095582838],[144.70190601681543,-37.728139604768714],[144.70191157987026,-37.7281381002127],[144.70191707418437,-37.72813644395542],[144.70192249320235,-37.72813463797299],[144.7019278304588,-37.72813268442018],[144.70193307958564,-37.728130585627774],[144.70193823432012,-37.72812834409989],[144.70194328851204,-37.728125962510944],[144.70194823613116,-37.728123443702444],[144.7019530712744,-37.7281207906796],[144.70195778817285,-37.72811800660779],[144.7019623811988,-37.72811509480874],[144.70196684487215,-37.72811205875657],[144.70197117386738,-37.72810890207363],[144.70197536301933,-37.7281056285262],[144.70197940732996,-37.72810224201999],[144.701983301974,-37.72809874659555],[144.70198704230467,-37.72809514642326],[144.70199062385933,-37.72809144579858],[144.70199404236482,-37.72808764913677],[144.70199729374247,-37.72808376096769],[144.70200037411306,-37.728079785930355],[144.7020032798014,-37.72807572876745],[144.70200600734066,-37.72807159431963],[144.70200855347662,-37.728067387519765],[144.70201091517148,-37.72806311338706],[144.70201308960753,-37.72805877702102],[144.7020150741904,-37.728054383595435],[144.7020168665523,-37.72804993835216],[144.7020184645548,-37.72804544659486],[144.70201986629132,-37.72804091368273],[144.70202557521782,-37.72802090083829],[144.70199744475534,-37.728017596560576],[144.70212127874046,-37.72754241269599],[144.70222341364948,-37.72706398512397],[144.70274733646858,-37.72455537983388],[144.70275739152697,-37.72431455832177],[144.70290242790284,-37.72362007311606],[144.70292930291797,-37.72362901144109],[144.70293600521558,-37.723596918069454],[144.70293687641612,-37.72359224095729],[144.70293754109332,-37.72358754249971],[144.70293799843347,-37.72358282844845],[144.70293824787692,-37.72357810457444],[144.70293828911818,-37.723573376660525],[144.7029381221069,-37.72356865049456],[144.7029377470475,-37.723563931862195],[144.7029371643993,-37.72355922653991],[144.7029363748754,-37.723554540287864],[144.7029353794425,-37.72354987884291],[144.7029341793192,-37.72354524791148],[144.70293277597472,-37.72354065316268],[144.70293117112695,-37.72353610022132],[144.70292936674068,-37.72353159466099],[144.70292736502475,-37.72352714199734],[144.70292516842977,-37.7235227476812],[144.7029227796447,-37.72351841709205],[144.70292020159386,-37.723514155531255],[144.70291743743334,-37.72350996821579],[144.702914490547,-37.723505860271636],[144.70291136454236,-37.72350183672765],[144.7029080632462,-37.72349790250938],[144.7029045907001,-37.72349406243302],[144.70290095115485,-37.723490321199485],[144.70289714906608,-37.723486683388764],[144.70289318908826,-37.7234831534541],[144.70288907606903,-37.72347973571683],[144.70288481504357,-37.723476434360855],[144.70288041122808,-37.72347325342761],[144.7028758700137,-37.7234701968111],[144.70287119695962,-37.723467268253216],[144.70286639778664,-37.723464471338986],[144.70286365890078,-37.72347764244664],[144.70267512175926,-37.72341493672249],[144.70266106395385,-37.7234100890793],[144.70264717012142,-37.7234049518272],[144.7023015227899,-37.72327276387969],[144.70228859460053,-37.72326798361872],[144.7022755138365,-37.723263472835974],[144.7010506256229,-37.72285607082738],[144.7010374838127,-37.72288099980696],[144.70226237235104,-37.72328840196173],[144.70227463896268,-37.72329263199182],[144.70228676249585,-37.7232971147277],[144.70263240991008,-37.723429302720945],[144.70264710840812,-37.72343473749915],[144.70266198037586,-37.723439865895685],[144.70285796021784,-37.72350504699157],[144.70285226153015,-37.723532451535945],[144.70264883898378,-37.72346479506716],[144.70263315285305,-37.72345938591704],[144.70261764968876,-37.723453653612445],[144.70227200219205,-37.723321465573534],[144.70226068331533,-37.72331728036291],[144.70224923085638,-37.723313331085635],[144.70102434199333,-37.72290592878469],[144.70101777108016,-37.722918393272884],[144.70224266010558,-37.723325795646886],[144.7022537054881,-37.723329604547686],[144.70226462203632,-37.72333364099561],[144.7026102695744,-37.723465829057346],[144.70262617507174,-37.72347171012515],[144.70264226828397,-37.723477259652086],[144.7028284735196,-37.72353918982268],[144.70287577486212,-37.72358254661739],[144.70272345896112,-37.72431188753779],[144.7027134037937,-37.72455270904353],[144.70218976856162,-37.72705994923796],[144.70212237033675,-37.72738697070186],[144.70204481169833,-37.72771256847183],[144.70195713994408,-37.72803654343403],[144.70187453241394,-37.728065589079314],[144.70138022374846,-37.7280024571435],[144.70126509006428,-37.72800052648573],[144.70066687459888,-37.72792412086404],[144.70066417335565,-37.72793746259604],[144.7012635525864,-37.72801401685753],[144.70137868628177,-37.72801594751735],[144.70185157840606,-37.728076127432594]]]},"properties":{"LAYER":"POLY_FOOTPATH","LAYER_TYPE":"fill-extrusion"}},{"type":"Feature","geometry":{"type":"Polygon","coordinates":[[[144.70302414111657,-37.72322804143226],[144.70304594779574,-37.72323529409469],[144.7030434648506,-37.723239566154824],[144.70304079616335,-37.72324376696162],[144.70303794496976,-37.72324789142177],[144.70303491472674,-37.72325193453451],[144.70303170910827,-37.723255891397784],[144.7030283320011,-37.723259757213945],[144.7030247874997,-37.7232635272959],[144.7030210799018,-37.72326719707253],[144.7030172137025,-37.72327076209437],[144.7030131935896,-37.72327421803898],[144.70300902443722,-37.72327756071612],[144.70300471130028,-37.72328078607295],[144.70300025940833,-37.7232838901988],[144.7029956741591,-37.723286869330046],[144.702990961112,-37.72328971985459],[144.70298612598145,-37.7232924383163],[144.7029811746299,-37.723295021419105],[144.7029761130606,-37.72329746603113],[144.7029709474106,-37.72329976918829],[144.702965683943,-37.72330192809815],[144.70296032903957,-37.7233039401431],[144.70295488919297,-37.723305802883594],[144.70294937099888,-37.72330751406111],[144.70294378114772,-37.72330907160094],[144.7029381264172,-37.72331047361458],[144.70293241366335,-37.72331171840221],[144.70292664981275,-37.723312804454494],[144.7029208418539,-37.723313730454635],[144.70291499682872,-37.72331449527993],[144.70290912182404,-37.72331509800305],[144.70290322396315,-37.72331553789321],[144.70289731039705,-37.72331581441703],[144.70290032020623,-37.72330134038577],[144.7025114374316,-37.72317200056064],[144.70240010306824,-37.72314864443723],[144.70112071512236,-37.72272311623832],[144.70112728599952,-37.7227106517429],[144.70240558669292,-37.72313581830633],[144.70251692104853,-37.72315917442601],[144.70286282691978,-37.72327422050179],[144.70299541296956,-37.72320034044037],[144.70332060351467,-37.72164028432633],[144.70335682925594,-37.72148128757593],[144.70339883885805,-37.7213231912319],[144.7034465970163,-37.72116612802095],[144.70368277529636,-37.720435916328555],[144.7037208525253,-37.7203105205044],[144.70375424336277,-37.7201842848381],[144.70378984173757,-37.72004970294452],[144.70383043604394,-37.7199160163787],[144.70412603553663,-37.71900205094571],[144.7041547013721,-37.718786701712624],[144.704277723537,-37.71840631968202],[144.70417465145366,-37.71804972785237],[144.7028419680884,-37.71789136368415],[144.70267164833146,-37.71786907244382],[144.70250223330623,-37.717842788588264],[144.7023423675556,-37.71781798597825],[144.7021816482777,-37.717796950492186],[144.7021343356218,-37.71779132771568],[144.70213936957944,-37.71776459884711],[144.70218668220446,-37.717770221690145],[144.70234839454875,-37.71779138711429],[144.70250924809437,-37.71781634293907],[144.70267767522066,-37.71784247352497],[144.70284700180176,-37.717864634777555],[144.70420262114834,-37.71802572429859],[144.70422357085792,-37.7180982028357],[144.7043155641176,-37.71811192576929],[144.70431688295267,-37.71811606372472],[144.70431803660557,-37.71812023270423],[144.70432775421918,-37.71815819960177],[144.70425484851802,-37.71820641215794],[144.70431273516004,-37.718406678095185],[144.70418827376247,-37.71879151077476],[144.70415960802126,-37.71900686001894],[144.70386338925428,-37.719922741456095],[144.70382303101553,-37.720055650788616],[144.70378763966397,-37.720189450242216],[144.70375404191066,-37.72031646837114],[144.7037157287164,-37.72044264145342],[144.70347955074558,-37.721172853225234],[144.7034320240735,-37.72132915538336],[144.70339021810426,-37.72148648566683],[144.70335416797127,-37.721644711992084],[144.70302414099731,-37.723228042006426],[144.70302414111657,-37.72322804143226]]]},"properties":{"LAYER":"POLY_FOOTPATH","LAYER_TYPE":"fill-extrusion"}},{"type":"Feature","geometry":{"type":"Polygon","coordinates":[[[144.70261547167573,-37.7271135312214],[144.70331406642845,-37.72376843606304],[144.7034259094868,-37.72373590660931],[144.7034956715867,-37.72376347507588],[144.70356438339917,-37.72379266038546],[144.70363198554676,-37.72382343731822],[144.7036984196106,-37.72385577927885],[144.70378881725654,-37.72388745608898],[144.70387869636386,-37.72393169847797],[144.7039704799223,-37.723973401217826],[144.70406405423884,-37.72401251264934],[144.70415930340158,-37.72404898432305],[144.70425610942337,-37.72408277105943],[144.70546617177368,-37.72448506442537],[144.70547274025856,-37.72447259905808],[144.7042626780687,-37.72407030576429],[144.70416617760728,-37.724036621586016],[144.70407123336483,-37.72400025420423],[144.703977963549,-37.723961248898426],[144.70388648428212,-37.723919654232304],[144.70379690945674,-37.72387552199334],[144.70370644681287,-37.72384382240956],[144.7036283955265,-37.72380607234229],[144.70354876227256,-37.723770467857904],[144.70346764049788,-37.723737050735814],[144.70338512539578,-37.72370586018864],[144.70338540500737,-37.723704515515244],[144.70342845246967,-37.72369199516543],[144.70350380140388,-37.723721237725],[144.7035779714298,-37.723752323772324],[144.7036508910822,-37.723785223355726],[144.7037224901001,-37.723819904776185],[144.70381310442664,-37.723851657506394],[144.7039020685508,-37.72389556866295],[144.70399293711347,-37.723936946423315],[144.70408559581816,-37.72397573873989],[144.704179928116,-37.724011896817075],[144.70427581535253,-37.72404537517264],[144.70548587722146,-37.7244476683221],[144.70549901417513,-37.72442273758428],[144.7042889526271,-37.724020444579175],[144.70420945534286,-37.72399290529793],[144.70413102310042,-37.723963502410555],[144.70405372512624,-37.72393226186951],[144.7039776296453,-37.72389921124927],[144.70390280382094,-37.72386437972186],[144.70382931369565,-37.72382779803117],[144.70373851879793,-37.72379598203154],[144.70366345510143,-37.723759741469436],[144.70358696530735,-37.72372543383574],[144.70350912827925,-37.723693094501684],[144.7034300242694,-37.72366275680915],[144.70339177502407,-37.72367388160463],[144.70339541961195,-37.723656354482095],[144.7033895505803,-37.723657082694366],[144.70338371713262,-37.72365797321218],[144.70337792638077,-37.72365902494991],[144.70337218538467,-37.72366023662526],[144.70336650114348,-37.723661606761],[144.70336088058716,-37.72366313368676],[144.70335533056831,-37.72366481554093],[144.70334985785314,-37.72366665027305],[144.7033444691139,-37.723668635646284],[144.70333917092023,-37.72367076924014],[144.70333396973166,-37.72367304845338],[144.70332887188923,-37.72367547050734],[144.703323883608,-37.723678032449065],[144.70331901096966,-37.723680731155135],[144.70331425991466,-37.723683563335435],[144.70330963623533,-37.723686525537],[144.7033051455688,-37.72368961414844],[144.7033007933899,-37.723692825404235],[144.70329658500464,-37.723696155389334],[144.70329252554384,-37.723699600043915],[144.70328861995662,-37.723703155168394],[144.70328487300458,-37.72370681642847],[144.70328128925587,-37.72371057936045],[144.70327787307974,-37.7237144393767],[144.7032746286411,-37.723718391771214],[144.70327155989548,-37.72372243172538],[144.7032686705842,-37.723726554313785],[144.70326596422987,-37.72373075451032],[144.70326344413206,-37.723735027194266],[144.70326111336306,-37.723739367156476],[144.70328405361153,-37.72374699673019],[144.70258196108733,-37.72710878855132],[144.70257034676442,-37.72716891591024],[144.70256316059402,-37.72739829471651],[144.70248469505958,-37.72773423405946],[144.70239574202097,-37.728068520777455],[144.70236771923172,-37.72806493797538],[144.7023666210793,-37.72806957369482],[144.70236572730192,-37.72807423703189],[144.70236503898866,-37.72807892230426],[144.70236455697835,-37.72808362380288],[144.70236428185822,-37.728088335798965],[144.7023642139637,-37.72809305255087],[144.70236435337745,-37.72809776831115],[144.70236469992966,-37.72810247733364],[144.70236525319814,-37.728107173880296],[144.70236601250875,-37.72811185222837],[144.70236697693616,-37.72811650667721],[144.70236814530548,-37.72812113155532],[144.70236951619287,-37.728125721227194],[144.70237108792804,-37.72813027010032],[144.70237285859585,-37.72813477263177],[144.7023748260387,-37.72813922333521],[144.70237698785922,-37.72814361678736],[144.70237934142338,-37.72814794763474],[144.70238188386324,-37.72815221060014],[144.70238461208092,-37.728156400489134],[144.70238752275202,-37.728160512196226],[144.70239061232994,-37.728164540711255],[144.70239387704993,-37.72816848112541],[144.70239731293395,-37.72817232863724],[144.7024009157953,-37.728176078558505],[144.70240468124396,-37.72817972631987],[144.7024086046917,-37.72818326747644],[144.70241268135766,-37.72818669771331],[144.702416011204,-37.728175829567974],[144.70248489836487,-37.72820639025331],[144.70258582567325,-37.72821918767489],[144.70260092762277,-37.728221263353845],[144.70261595626897,-37.72822365119394],[144.70299113881188,-37.72828731488159],[144.70300512302245,-37.72828953672592],[144.7030191754422,-37.72829146809997],[144.70433060451873,-37.72845774192945],[144.70433596820445,-37.728431053481216],[144.70302453958084,-37.72826477972575],[144.70301136179754,-37.728262968562476],[144.7029982479779,-37.728260885008105],[144.70262306556006,-37.72819722134702],[144.7026071665344,-37.72819469521609],[144.70259118996017,-37.72819249932502],[144.7024962223967,-37.72818045759331],[144.70242436088452,-37.72814857738208],[144.7024257176408,-37.7281441491177],[144.70259655424235,-37.72816581097465],[144.70261340544084,-37.7281681270777],[144.70263017484564,-37.72817079149937],[144.70300535713855,-37.72823445513392],[144.70301760056776,-37.728236400398465],[144.70302990371513,-37.72823809135104],[144.70434133188581,-37.72840436503247],[144.7043440137249,-37.72839102080794],[144.7030325857805,-37.728224747163495],[144.70302071995084,-37.7282231163162],[144.7030089117166,-37.72822124019655],[144.70263372948634,-37.72815757657528],[144.70261652489242,-37.72815484300833],[144.70259923638213,-37.72815246679931],[144.70249675337197,-37.72813947211979],[144.70242723216222,-37.728080489816655],[144.70251755376248,-37.72774156515866],[144.70259711493247,-37.727400943509316],[144.7026043080239,-37.72717134024105],[144.70261560556665,-37.72711282778384],[144.70261547167573,-37.7271135312214]]]},"properties":{"LAYER":"POLY_FOOTPATH","LAYER_TYPE":"fill-extrusion"}},{"type":"Feature","geometry":{"type":"Polygon","coordinates":[[[144.70506926131145,-37.717451171654055],[144.70515340113067,-37.717663627120814],[144.70508243104695,-37.71771884254007],[144.70509156101875,-37.717754512172704],[144.70509262426822,-37.71775837570848],[144.70509382938718,-37.717762212873815],[144.70509517534336,-37.717766020382136],[144.70509666098403,-37.71776979497232],[144.7052007454755,-37.71778317242988],[144.70522212501697,-37.71783715602665],[144.70692821536178,-37.718039854588895],[144.70710170510682,-37.718062505601104],[144.70710673941758,-37.71803576536359],[144.70693324762746,-37.718013125460644],[144.7052481956277,-37.71781292661643],[144.70510398924057,-37.717448802527294],[144.70513062302,-37.717268451974114],[144.7051499129225,-37.7170875123617],[144.70512395115912,-37.71686105161386],[144.7051265601648,-37.71666281262408],[144.70512032203987,-37.71646462473771],[144.705105244695,-37.71626673703405],[144.70508134714967,-37.71606939821317],[144.70504768700522,-37.716073452442856],[144.70507143971315,-37.71626999341668],[144.7050864010919,-37.71646708002313],[144.70509255223908,-37.7166644641848],[144.70508988534172,-37.716861897447735],[144.70511578466463,-37.717087814452185],[144.705096255295,-37.71726979460799],[144.70506926131154,-37.71745117165238],[144.70506926131145,-37.717451171654055]]]},"properties":{"LAYER":"POLY_FOOTPATH","LAYER_TYPE":"fill-extrusion"}},{"type":"Feature","geometry":{"type":"Polygon","coordinates":[[[144.7046009671206,-37.71756254549508],[144.70463436354507,-37.71738373607671],[144.70465998387238,-37.71720411870482],[144.70467779773008,-37.7170239067071],[144.70468778401775,-37.71684331411601],[144.70468993093206,-37.71666255541451],[144.70468423598038,-37.71648184528121],[144.7046707059835,-37.71630139833555],[144.70464935706727,-37.71612142888287],[144.7046156937336,-37.71612548336513],[144.70463664547117,-37.71630203750296],[144.70465003337247,-37.716479055217974],[144.70465584192206,-37.716656332078486],[144.7046540643574,-37.71683366335211],[144.70464470267723,-37.717010844242196],[144.70462776763918,-37.7171876701243],[144.70460327874758,-37.71736393678254],[144.70457126423153,-37.7175394406455],[144.70396630922585,-37.71762872897829],[144.70347641528363,-37.717570515058604],[144.70320381104855,-37.717570002281036],[144.7022337807475,-37.71745472539156],[144.7021985021849,-37.717450620033276],[144.70219346818277,-37.71747734940638],[144.7022287468519,-37.71748145426759],[144.7032012402632,-37.71759702387078],[144.7034738445971,-37.717597536657536],[144.7039669166368,-37.71765612821761],[144.7044003877868,-37.71759215041105],[144.70444456761294,-37.717656780662466],[144.70449696171926,-37.7176492912571],[144.70450180661996,-37.71764854090493],[144.70450662207475,-37.71764767920419],[144.70451790154502,-37.7175748057715],[144.70460096712108,-37.717562545492754],[144.7046009671206,-37.71756254549508]]]},"properties":{"LAYER":"POLY_FOOTPATH","LAYER_TYPE":"fill-extrusion"}},{"type":"Feature","geometry":{"type":"Polygon","coordinates":[[[144.70704085615463,-37.718362941975],[144.70704001652015,-37.71839016919013],[144.70611636579355,-37.71828043580845],[144.7058437586204,-37.71827992905564],[144.7053988664377,-37.71822707035618],[144.70481758516732,-37.71836628087506],[144.70445619931394,-37.7194836935935],[144.70441064588178,-37.71961636805568],[144.70436017160355,-37.71974791405277],[144.70431282734015,-37.71987130213238],[144.70427009843783,-37.71999574864825],[144.70386401126723,-37.72125131323441],[144.70381918567767,-37.72139873476534],[144.7037797557733,-37.72154712598946],[144.70374575468878,-37.72169636232747],[144.7035967136602,-37.72241026530442],[144.70358675533353,-37.7226511165634],[144.703432957454,-37.72339044159504],[144.70347123041756,-37.72347200466218],[144.70352591993253,-37.723491532608556],[144.70357406691093,-37.72350998041293],[144.70362140185236,-37.72352970960308],[144.70366787072408,-37.72355069765859],[144.70371342048173,-37.72357292062194],[144.70375799913012,-37.723596353126],[144.7038015557823,-37.723620968422985],[144.70387721615427,-37.7236637112768],[144.70395466851957,-37.72370437877677],[144.70403382268978,-37.723742923566384],[144.7041145864944,-37.72377930076094],[144.704196865888,-37.72381346799968],[144.70428056506012,-37.72384538549536],[144.7043655865462,-37.72387501608032],[144.70557564622223,-37.72427730824346],[144.70556907777325,-37.72428977361798],[144.70435901793678,-37.72388748138271],[144.70427346483382,-37.72385766552411],[144.70418924231373,-37.723825548455366],[144.70410644845032,-37.723791167576515],[144.7040251796533,-37.723754562923666],[144.70394553055618,-37.72371577712244],[144.70386759390576,-37.723674855338245],[144.70379146045434,-37.72363184522369],[144.70374837215067,-37.72360749460375],[144.7037042728394,-37.72358431405857],[144.70365921286023,-37.72356233004838],[144.70361324364941,-37.723541567667596],[144.70356641768086,-37.72352205061604],[144.70351878840648,-37.7235038011721],[144.70343338578078,-37.72347377149349],[144.70342904716153,-37.72349463638643],[144.70342466538418,-37.72349145749397],[144.7034204258542,-37.72348815914648],[144.70341633373016,-37.72348474535734],[144.70341239399121,-37.7234812202804],[144.70340861143117,-37.723477588204894],[144.70340499065253,-37.72347385355029],[144.70340153606105,-37.72347002086087],[144.70339825186016,-37.72346609480012],[144.70339514204593,-37.72346208014529],[144.7033922104023,-37.72345798178123],[144.70338946049648,-37.72345380469486],[144.70338689567447,-37.723449553968706],[144.70338451905695,-37.72344523477501],[144.7033823335359,-37.72344085236931],[144.70338034177044,-37.72343641208398],[144.7033785461841,-37.723431919321904],[144.70337694896168,-37.72342737954979],[144.70337555204665,-37.72342279829154],[144.70337435713864,-37.72341818112152],[144.7033733656917,-37.723413533657805],[144.703372578912,-37.72340886155538],[144.70337199775693,-37.72340417049913],[144.70337162293353,-37.723399466197044],[144.70337145489785,-37.72339475437321],[144.7033714938544,-37.723390040760876],[144.7033717397556,-37.72338533109547],[144.7033721923023,-37.72338063110762],[144.7033728509438,-37.723375946516136],[144.70337371487864,-37.72337128302115],[144.70337895749182,-37.72334604880092],[144.7034058375943,-37.7233549893249],[144.70355282252385,-37.722648454960726],[144.7035627809993,-37.72240760197303],[144.70371219018014,-37.72169193477068],[144.70374636685816,-37.72154192800526],[144.70378600038094,-37.721392770717976],[144.70383105744244,-37.72124458813131],[144.70423714515246,-37.71998902368329],[144.70428013895358,-37.71986380581746],[144.70432777672136,-37.71973965294957],[144.7043779575949,-37.719608871770546],[144.70442324623397,-37.719476968686145],[144.70478940414458,-37.71834480194665],[144.70487083128165,-37.718325301257636],[144.70488346867202,-37.718262319092766],[144.70494328373223,-37.7182474130968],[144.70500143596723,-37.71829402307563],[144.70539635200714,-37.71819944458966],[144.70584632848443,-37.718252907380496],[144.70611893555883,-37.718253414124135],[144.70704504877622,-37.71836344005807],[144.70704085615463,-37.718362941975]]]},"properties":{"LAYER":"POLY_FOOTPATH","LAYER_TYPE":"fill-extrusion"}},{"type":"Feature","geometry":{"type":"Polygon","coordinates":[[[144.70283784212685,-37.7233782269918],[144.70269587907558,-37.72334373650495],[144.7026956529911,-37.72334368495333],[144.70269542479872,-37.7233436396388],[144.70269519477105,-37.72334360061554],[144.70269496318286,-37.72334356793017],[144.70269473031092,-37.72334354162172],[144.70269449643345,-37.72334352172162],[144.7026942618298,-37.7233435082537],[144.70269402678036,-37.72334350123399],[144.70269379156593,-37.72334350067088],[144.70269355646744,-37.72334350656508],[144.7026933217659,-37.723343518909516],[144.70269308774164,-37.72334353768946],[144.7026928546743,-37.723343562882455],[144.70269262284225,-37.723343594458434],[144.70269239252266,-37.72334363237964],[144.70269216399055,-37.723343676600784],[144.70269193751898,-37.72334372706902],[144.7026917133785,-37.723343783724026],[144.70269149183707,-37.72334384649819],[144.70269127315916,-37.72334391531643],[144.70269105760616,-37.72334399009659],[144.7026908454356,-37.72334407074929],[144.70269063690085,-37.72334415717816],[144.70269043225122,-37.72334424927998],[144.70269023173117,-37.7233443469447],[144.70269003558022,-37.723344450055585],[144.7026898440328,-37.723344558489494],[144.70268965731762,-37.72334467211687],[144.70268947565793,-37.72334479080197],[144.70268929927065,-37.72334491440296],[144.7026891283666,-37.72334504277214],[144.70268896314985,-37.72334517575622],[144.7026888038179,-37.723345313196276],[144.70268865056107,-37.72334545492811],[144.70268850356248,-37.723345600782366],[144.7026883629978,-37.723345750584826],[144.70268822903483,-37.723345904156474],[144.7026881018338,-37.72334606131383],[144.70268798154657,-37.72334622186918],[144.70268786831684,-37.723346385630634],[144.70268776227996,-37.72334655240257],[144.70268766356264,-37.723346721985756],[144.70268757228268,-37.72334689417757],[144.70268748854926,-37.72334706877223],[144.7026874124624,-37.72334724556121],[144.70268734411303,-37.72334742433328],[144.70268728358275,-37.72334760487482],[144.70268723094387,-37.72334778697016],[144.70268718625934,-37.72334797040171],[144.70268714958252,-37.723348154950365],[144.70268712095725,-37.723348340395574],[144.70268710041768,-37.72334852651583],[144.70268708798838,-37.72334871308874],[144.70268708368425,-37.72334889989136],[144.7026870875103,-37.723349086700566],[144.7026870994621,-37.72334927329316],[144.7026871195253,-37.72334945944618],[144.70268714767596,-37.72334964493724],[144.70268718388044,-37.72334982954471],[144.70268722809544,-37.72335001304804],[144.70268728026815,-37.72335019522799],[144.7026873403363,-37.72335037586689],[144.70268740822803,-37.72335055474897],[144.70268748386232,-37.72335073166043],[144.70268756714876,-37.72335090638995],[144.7026876579878,-37.72335107872878],[144.702687756271,-37.723351248471],[144.7026878618809,-37.72335141541381],[144.70268797469123,-37.723351579357754],[144.70268809456738,-37.72335174010697],[144.702688221366,-37.72335189746939],[144.70268835493562,-37.72335205125704],[144.70268849511672,-37.72335220128612],[144.7026886417417,-37.72335234737744],[144.70268879463555,-37.72335248935643],[144.70268895361545,-37.72335262705347],[144.70268911849152,-37.72335276030403],[144.70268928906674,-37.72335288894891],[144.70268946513738,-37.72335301283444],[144.702689646493,-37.723353131812594],[144.702689832917,-37.72335324574119],[144.7026900241866,-37.72335335448416],[144.7026902200733,-37.72335345791155],[144.70269042034306,-37.72335355589983],[144.7026906247566,-37.72335364833186],[144.70269083306968,-37.72335373509727],[144.70269104503348,-37.72335381609237],[144.70269126039472,-37.72335389122041],[144.70290850588142,-37.723426145059776],[144.7029089653134,-37.72342629110969],[144.70290943088258,-37.723426424334704],[144.7029099020216,-37.72342654457255],[144.70291037815653,-37.72342665167669],[144.70291085870724,-37.72342674551667],[144.70291134308826,-37.723426825978166],[144.7029118307094,-37.723426892963126],[144.70291232097662,-37.72342694638995],[144.7029128132926,-37.72342698619355],[144.70291330705757,-37.723427012325416],[144.70291380166987,-37.723427024753725],[144.7029142965269,-37.7234270234633],[144.70291479102585,-37.72342700845579],[144.70291528456414,-37.723426979749405],[144.7029157765405,-37.72342693737914],[144.70291626635554,-37.72342688139662],[144.70291675341247,-37.72342681187007],[144.70291723711796,-37.72342672888417],[144.70291771688264,-37.72342663254004],[144.70291819212198,-37.72342652295505],[144.702918662257,-37.72342640026274],[144.70291912671487,-37.72342626461255],[144.70291958492976,-37.72342611616976],[144.7029200363434,-37.72342595511526],[144.7029204804058,-37.72342578164523],[144.70292091657592,-37.723425595971044],[144.7029213443224,-37.723425398318895],[144.70292176312407,-37.7234251889296],[144.7029221724707,-37.72342496805828],[144.70292257186352,-37.723424735974014],[144.70292296081595,-37.72342449295957],[144.70292333885422,-37.723424239311015],[144.70292370551755,-37.7234239753374],[144.70292406035938,-37.72342370136033],[144.70292440294727,-37.72342341771358],[144.70292473286398,-37.723423124742766],[144.7029250497074,-37.723422822804814],[144.70292535309162,-37.723422512267575],[144.70292564264693,-37.72342219350941],[144.70292591802055,-37.72342186691866],[144.7029261788771,-37.723421532893234],[144.70292642489866,-37.72342119184008],[144.7029266557855,-37.72342084417476],[144.70292687125632,-37.72342049032081],[144.70292707104863,-37.72342013070936],[144.70292725491896,-37.72341976577853],[144.7029274226434,-37.72341939597294],[144.70292757401754,-37.72341902174313],[144.7029277088569,-37.723418643545074],[144.7029278269972,-37.723418261839484],[144.70292792829466,-37.72341787709151],[144.7029280126257,-37.723417489769815],[144.70292807988767,-37.72341710034634],[144.7029281299986,-37.72341670929554],[144.7029281628974,-37.72341631709382],[144.702928178544,-37.723415924219026],[144.7029281769194,-37.723415531149826],[144.70292815802546,-37.72341513836509],[144.7029281218853,-37.723414746343416],[144.70292806854295,-37.72341435556239],[144.7029279980633,-37.72341396649811],[144.70292791053234,-37.7234135796246],[144.70292780605666,-37.723413195413194],[144.70292768476355,-37.72341281433202],[144.70292754680082,-37.723412436845365],[144.70292739233645,-37.723412063413136],[144.70292722155875,-37.723411694490245],[144.70292703467572,-37.723411330526254],[144.7029268319151,-37.723410971964555],[144.70292661352389,-37.72341061924199],[144.70292637976812,-37.72341027278833],[144.70292613093272,-37.72340993302565],[144.70292586732074,-37.72340960036789],[144.70292558925334,-37.723409275220355],[144.70292529706938,-37.7234089579792],[144.70292499112483,-37.72340864903094],[144.70292467179235,-37.72340834875195],[144.70292433946116,-37.72340805750809],[144.70292399453598,-37.72340777565419],[144.70292363743715,-37.723407503533636],[144.70292326859965,-37.72340724147801],[144.702922888473,-37.72340698980653],[144.70292249752018,-37.72340674882585],[144.70292209621758,-37.72340651882958],[144.70292168505418,-37.72340630009788],[144.70292126453077,-37.7234060928973],[144.70292083515986,-37.72340589748024],[144.70292039746437,-37.72340571408484],[144.70291995197778,-37.72340554293445],[144.70291949924268,-37.72340538423764],[144.70283784212685,-37.7233782269918]]]},"properties":{"LAYER":"POLY_SPLITTER_ISLAND","LAYER_TYPE":"fill-extrusion"}},{"type":"Feature","geometry":{"type":"Polygon","coordinates":[[[144.7035893232199,-37.72361268865348],[144.70354613622908,-37.72359436333385],[144.70350220703367,-37.723577187116135],[144.70344377831458,-37.7235559246525],[144.7033847636411,-37.72353570898884],[144.70338429297885,-37.72353558537331],[144.70338381717198,-37.723535474880286],[144.70338333680024,-37.723535377644374],[144.70338285244884,-37.72353529378404],[144.70338236470795,-37.72353522340145],[144.70338187417175,-37.72353516658239],[144.70338138143794,-37.72353512339606],[144.70338088710682,-37.72353509389505],[144.7033803917806,-37.72353507811534],[144.70337989606284,-37.72353507607614],[144.70337940055745,-37.72353508777993],[144.70337890586814,-37.723535113212456],[144.70337841259763,-37.723535152342755],[144.70337792134688,-37.723535205123106],[144.70337743271435,-37.72353527148923],[144.70337694729545,-37.7235353513603],[144.7033764656815,-37.723535444638955],[144.70337598845936,-37.723535551211555],[144.70337551621046,-37.72353567094831],[144.70337504951007,-37.72353580370328],[144.7033745889268,-37.72353594931472],[144.70337413502187,-37.723536107605284],[144.70337368834825,-37.723536278382085],[144.70337324945015,-37.72353646143707],[144.70337281886233,-37.72353665654717],[144.70337239710935,-37.72353686347471],[144.70337198470506,-37.72353708196759],[144.70337158215196,-37.72353731175961],[144.7033711899404,-37.72353755257077],[144.70337080854833,-37.72353780410773],[144.70337043844034,-37.723538066063966],[144.7033700800674,-37.72353833812037],[144.7033697338661,-37.72353861994549],[144.70336940025828,-37.723538911195945],[144.70336907965034,-37.72353921151688],[144.7033687724329,-37.723539520542424],[144.70336847898028,-37.723539837896084],[144.70336819965,-37.72354016319116],[144.70336793478234,-37.7235404960314],[144.7033676847001,-37.72354083601125],[144.70336744970786,-37.72354118271652],[144.70336723009194,-37.723541535724756],[144.70336702611996,-37.72354189460593],[144.70336683804038,-37.723542258922784],[144.70336666608242,-37.72354262823142],[144.70336651045554,-37.723543002081904],[144.7033663713493,-37.7235433800188],[144.70336624893318,-37.723543761581624],[144.70336614335642,-37.723544146305464],[144.70336605474756,-37.72354453372166],[144.70336598321464,-37.72354492335814],[144.70336592884473,-37.723545314740264],[144.7033658917041,-37.723545707391125],[144.70336587183803,-37.72354610083238],[144.7033658692707,-37.72354649458467],[144.70336588400517,-37.72354688816824],[144.7033659160236,-37.72354728110362],[144.70336596528696,-37.72354767291204],[144.70336603173521,-37.72354806311616],[144.70336611528737,-37.72354845124057],[144.70336621584164,-37.72354883681241],[144.70336633327557,-37.72354921936191],[144.70336646744602,-37.723549598422984],[144.70336661818953,-37.72354997353383],[144.70336678532254,-37.7235503442374],[144.70336696864135,-37.723550710082066],[144.70336716792255,-37.723551070622136],[144.7033673829235,-37.723551425418286],[144.7033676133821,-37.7235517740383],[144.70336785901765,-37.723552116057405],[144.70336811953086,-37.72355245105892],[144.70336839460435,-37.72355277863469],[144.70336868390302,-37.723553098385594],[144.70336898707433,-37.72355340992212],[144.70336930374899,-37.72355371286469],[144.70336963354106,-37.723554006844175],[144.70336997604886,-37.72355429150244],[144.70337033085505,-37.723554566492666],[144.7033706975273,-37.72355483147983],[144.70337107561903,-37.72355508614106],[144.7033714646695,-37.72355533016611],[144.70337186420466,-37.7235555632577],[144.70337227373778,-37.723555785131786],[144.70337269276996,-37.723555995518076],[144.7033731207906,-37.723556194160224],[144.70337355727824,-37.72355638081627],[144.70337400170106,-37.72355655525875],[144.7033744535177,-37.72355671727518],[144.7033749121776,-37.723556866668105],[144.70337537712203,-37.72355700325557],[144.70343091462695,-37.72357602972973],[144.70348592859764,-37.72359599279826],[144.70358381962478,-37.723622528912685],[144.70358404543333,-37.72362258665409],[144.70358427363846,-37.72362263810885],[144.70358450396273,-37.723622683214494],[144.7035847361263,-37.723622721916136],[144.70358496984704,-37.72362275416677],[144.703585204841,-37.723622779927254],[144.70358544082254,-37.72362279916623],[144.70358567750486,-37.723622811860324],[144.7035859146005,-37.72362281799413],[144.70358615182116,-37.72362281756018],[144.70358638887865,-37.72362281055901],[144.70358662548486,-37.72362279699912],[144.7035868613523,-37.723622776896995],[144.70358709619438,-37.723622750277045],[144.70358732972568,-37.72362271717164],[144.70358756166237,-37.72362267762101],[144.70358779172267,-37.7236226316732],[144.70358801962695,-37.723622579384056],[144.7035882450983,-37.72362252081711],[144.7035884678627,-37.72362245604357],[144.70358868764941,-37.72362238514212],[144.7035889041915,-37.72362230819889],[144.70358911722565,-37.72362222530743],[144.70358932649307,-37.723622136568466],[144.7035895317394,-37.7236220420898],[144.7035897327153,-37.723621941986295],[144.7035899291765,-37.723621836379536],[144.70359012088426,-37.72362172539792],[144.70359030760562,-37.723621609176256],[144.70359048911365,-37.723621487855794],[144.70359066518782,-37.72362136158398],[144.70359083561416,-37.72362123051425],[144.70359100018555,-37.72362109480586],[144.70359115870198,-37.723620954623776],[144.70359131097086,-37.7236208101383],[144.7035914568072,-37.72362066152503],[144.70359159603368,-37.723620508964565],[144.70359172848111,-37.723620352642286],[144.7035918539886,-37.723620192748164],[144.70359197240364,-37.72362002947651],[144.7035920835823,-37.72361986302569],[144.70359218738946,-37.72361969359804],[144.703592283699,-37.7236195213994],[144.70359237239387,-37.723619346639055],[144.7035924533663,-37.72361916952939],[144.7035925265179,-37.723618990285544],[144.70359259175973,-37.723618809125426],[144.70359264901256,-37.72361862626916],[144.7035926982068,-37.72361844193894],[144.70359273928264,-37.72361825635876],[144.70359277219023,-37.723618069754146],[144.70359279688952,-37.723617882351874],[144.7035928133505,-37.72361769437967],[144.7035928215532,-37.72361750606594],[144.70359282148766,-37.72361731763954],[144.7035928131539,-37.723617129329455],[144.7035927965621,-37.72361694136448],[144.70359277173233,-37.7236167539731],[144.70359273869497,-37.72361656738296],[144.70359269748997,-37.72361638182084],[144.70359264816747,-37.72361619751225],[144.70359259078737,-37.723616014681156],[144.70359252541945,-37.7236158335497],[144.70359245214317,-37.72361565433805],[144.70359237104748,-37.723615477263934],[144.703592282231,-37.723615302542555],[144.70359218580165,-37.723615130386214],[144.70359208187662,-37.72361496100418],[144.70359197058215,-37.72361479460222],[144.70359185205356,-37.723614631382574],[144.7035917264348,-37.72361447154357],[144.70359159387854,-37.723614315279455],[144.70359145454597,-37.72361416278013],[144.70359130860626,-37.723614014230925],[144.70359115623688,-37.72361386981232],[144.7035909976229,-37.723613729699856],[144.70359083295716,-37.723613594063764],[144.7035906624396,-37.72361346306887],[144.70359048627765,-37.72361333687438],[144.70359030468526,-37.723613215633634],[144.70359011788307,-37.72361309949395],[144.70358992609815,-37.72361298859651],[144.7035897295635,-37.72361288307605],[144.70358952851802,-37.72361278306077],[144.70358932320596,-37.72361268867221],[144.7035893232199,-37.72361268865348]]]},"properties":{"LAYER":"POLY_SPLITTER_ISLAND","LAYER_TYPE":"fill-extrusion"}},{"type":"Feature","geometry":{"type":"Polygon","coordinates":[[[144.7034614519144,-37.722369794977325],[144.70361049125088,-37.72184849964162],[144.70362622291532,-37.72177320974362],[144.70363404343152,-37.72167956150341],[144.70363405498713,-37.721679373738716],[144.70363405831588,-37.721679185768394],[144.70363405341382,-37.72167899781981],[144.7036340402868,-37.7216788101203],[144.70363401895068,-37.72167862289689],[144.70363398943138,-37.721678436376045],[144.70363395176452,-37.72167825078338],[144.7036339059957,-37.72167806634337],[144.70363385218025,-37.72167788327914],[144.70363379038326,-37.72167770181209],[144.70363372067948,-37.7216775221617],[144.70363364315327,-37.721677344545284],[144.70363355789834,-37.721677169177696],[144.70363346501784,-37.72167699627106],[144.70363336462412,-37.72167682603448],[144.70363325683863,-37.7216766586739],[144.70363314179167,-37.72167649439175],[144.70363301962246,-37.72167633338675],[144.7036328904788,-37.721676175853624],[144.70363275451683,-37.7216760219829],[144.703632611901,-37.721675871960734],[144.70363246280388,-37.721675725968595],[144.70363230740577,-37.721675584183046],[144.70363214589466,-37.721675446775585],[144.7036319784659,-37.721675313912414],[144.70363180532195,-37.721675185754265],[144.70363162667232,-37.72167506245614],[144.703631442733,-37.721674944167155],[144.70363125372666,-37.72167483103043],[144.70363105988173,-37.721674723182765],[144.70363086143277,-37.721674620754634],[144.70363065861977,-37.721674523869936],[144.7036304516881,-37.72167443264586],[144.70363024088803,-37.72167434719273],[144.7036300264745,-37.72167426761393],[144.70362980870692,-37.72167419400569],[144.7036295878486,-37.72167412645704],[144.70362936416686,-37.72167406504973],[144.7036291379321,-37.72167400985801],[144.703628909418,-37.721673960948635],[144.703628678901,-37.72167391838076],[144.7036284466599,-37.721673882205856],[144.70362821297562,-37.721673852467745],[144.70362797813073,-37.721673829202324],[144.7036277424095,-37.72167381243778],[144.70362750609684,-37.72167380219436],[144.7036272694787,-37.72167379848448],[144.70362703284127,-37.72167380131261],[144.70362679647073,-37.721673810675355],[144.703626560653,-37.72167382656135],[144.7036263256734,-37.721673848951404],[144.703626091816,-37.721673877818446],[144.70362585936383,-37.72167391312751],[144.70362562859796,-37.72167395483597],[144.70362539979752,-37.721674002893295],[144.7036251732393,-37.7216740572414],[144.70362494919732,-37.721674117814544],[144.70362472794255,-37.721674184539445],[144.70362450974267,-37.72167425733542],[144.70362429486153,-37.721674336114376],[144.7036240835591,-37.72167442078108],[144.70362387609097,-37.721674511233054],[144.703623672708,-37.72167460736094],[144.70362347365634,-37.72167470904847],[144.7036232791766,-37.721674816172616],[144.70362308950416,-37.721674928603825],[144.70362290486833,-37.72167504620611],[144.70362272549247,-37.72167516883716],[144.70362255159358,-37.72167529634873],[144.703622383382,-37.72167542858653],[144.70362222106115,-37.72167556539064],[144.7036220648274,-37.721675706595576],[144.70362191486967,-37.72167585203054],[144.7036217713695,-37.72167600151961],[144.7036216345003,-37.721676154881976],[144.70362150442767,-37.72167631193217],[144.70362138130898,-37.72167647248017],[144.70362126529307,-37.72167663633182],[144.7036211565203,-37.72167680328891],[144.70362105512234,-37.72167697314951],[144.70362096122176,-37.72167714570816],[144.70362087493203,-37.72167732075612],[144.70362079635774,-37.721677498081704],[144.70362072559377,-37.72167767747037],[144.70362066272574,-37.72167785870516],[144.70322028159663,-37.722915712560386],[144.70317447037328,-37.72306841317148],[144.70313543294694,-37.72322229658854],[144.7031341412538,-37.72322850293715],[144.70313312310395,-37.723234741319246],[144.70313237973863,-37.72324100413043],[144.703131912064,-37.72324728373663],[144.7031317206502,-37.723253572483195],[144.7031318057306,-37.72325986270447],[144.7031321672016,-37.72326614673282],[144.7031328046227,-37.72327241690828],[144.70313371721684,-37.72327866558775],[144.70313490387178,-37.72328488515431],[144.70313636314106,-37.72329106802652],[144.70313809324594,-37.72329720666771],[144.70314009207758,-37.72330329359505],[144.7031423571996,-37.723309321388854],[144.70314267288092,-37.72331006566145],[144.70314302104023,-37.72331080073881],[144.70314340125415,-37.72331152572708],[144.70314381306034,-37.72331223974463],[144.7031442559581,-37.72331294192324],[144.70314472940885,-37.72331363140896],[144.7031452328367,-37.723314307363445],[144.7031457656296,-37.723314968964665],[144.70314632713968,-37.72331561540808],[144.70314691668406,-37.72331624590761],[144.70314753354583,-37.723316859696574],[144.7031481769749,-37.72331745602857],[144.70314884618884,-37.723318034178384],[144.70314954037383,-37.72331859344305],[144.70315025868578,-37.723319133142446],[144.7031510002512,-37.72331965262029],[144.70315176416827,-37.72332015124485],[144.70315254950808,-37.72332062840982],[144.70315335531555,-37.723321083534934],[144.70315418061094,-37.723321516066775],[144.70315502439058,-37.723321925479326],[144.7031558856284,-37.72332231127474],[144.70315676327712,-37.7233226729839],[144.7031576562695,-37.723323010166965],[144.7031585635196,-37.72332332241387],[144.70315948392425,-37.72332360934492],[144.70316041636417,-37.723323870611225],[144.70316135970546,-37.72332410589505],[144.70316231280097,-37.7233243149103],[144.7031632744918,-37.723324497402814],[144.7031642436084,-37.72332465315062],[144.70316521897237,-37.72332478196438],[144.70316619939757,-37.72332488368746],[144.70316718369182,-37.72332495819613],[144.7031681706582,-37.72332500539978],[144.7031691590965,-37.723325025241024],[144.7031701478047,-37.72332501769575],[144.70317113558056,-37.7233249827731],[144.70317212122293,-37.723324920515566],[144.7031731035332,-37.72332483099883],[144.70317408131686,-37.72332471433175],[144.70317505338488,-37.723324570656246],[144.70317601855524,-37.72332440014697],[144.7031769756542,-37.72332420301131],[144.70317792351796,-37.72332397948897],[144.7031788609938,-37.72332372985175],[144.70317978694186,-37.72332345440324],[144.70318070023595,-37.72332315347837],[144.7031815997657,-37.72332282744309],[144.70318248443712,-37.72332247669388],[144.7031833531745,-37.72332210165722],[144.7031842049213,-37.723321702789214],[144.70318503864192,-37.723321280574865],[144.70318585332242,-37.72332083552762],[144.70318664797216,-37.72332036818867],[144.70318742162485,-37.72331987912629],[144.7031881733397,-37.72331936893525],[144.70318890220258,-37.723318838235876],[144.70318960732712,-37.72331828767357],[144.70319028785593,-37.72331771791783],[144.7031909429615,-37.72331712966149],[144.7031958433375,-37.72331241174532],[144.70320053928725,-37.723307564431806],[144.70320502539923,-37.72330259330685],[144.70320929650384,-37.723297504099094],[144.70321334767917,-37.7232923026733],[144.70321717425668,-37.72328699502341],[144.70322077182684,-37.72328158726594],[144.7032241362439,-37.72327608563264],[144.70322726363077,-37.72327049646349],[144.70323015038366,-37.723264826199355],[144.70323279317589,-37.723259081374515],[144.70323518896208,-37.723253268609234],[144.7032373349813,-37.72324739460197],[144.7032392287608,-37.72324146612184],[144.70324086811814,-37.7232354900007],[144.70324225116428,-37.723229473125286],[144.70337623353504,-37.7225856150708],[144.70336959778513,-37.722584358860026],[144.70323553707183,-37.72322859266796],[144.70323419551661,-37.723234429036715],[144.70323260533948,-37.723240225873845],[144.7032307683729,-37.72324597649917],[144.70322868673372,-37.7232516742858],[144.70322636282077,-37.723257312667705],[144.7032237993119,-37.72326288514737],[144.70322099916132,-37.72326838530313],[144.7032179655957,-37.72327380679675],[144.70321470211096,-37.72327914338061],[144.7032112124677,-37.723284388904894],[144.7032075006873,-37.7232895373248],[144.70320357104714,-37.723294582707354],[144.7031994280756,-37.72329951923841],[144.70319507654688,-37.72330434122914],[144.70319052147568,-37.723309043122796],[144.70318576811104,-37.723313619500956],[144.7031852702308,-37.72331406657578],[144.70318475302886,-37.72331449959011],[144.7031842171342,-37.72331491801745],[144.70318366319842,-37.72331532134894],[144.70318309189523,-37.72331570909414],[144.70318250391918,-37.72331608078151],[144.7031818999854,-37.7233164359591],[144.70318128082818,-37.72331677419499],[144.70318064720058,-37.72331709507787],[144.703179999873,-37.72331739821754],[144.70317933963264,-37.72331768324538],[144.7031786672824,-37.72331794981476],[144.70317798363988,-37.72331819760157],[144.7031772895363,-37.723318426304445],[144.70317658581587,-37.7233186356453],[144.70317587333426,-37.72331882536958],[144.7031751529579,-37.72331899524655],[144.70317442556274,-37.723319145069645],[144.70317369203332,-37.72331927465669],[144.70317295326166,-37.72331938385008],[144.70317221014614,-37.72331947251704],[144.70317146359037,-37.72331954054974],[144.70317071450228,-37.723319587865475],[144.70316996379262,-37.72331961440669],[144.70316921237443,-37.723319620141105],[144.7031684611614,-37.72331960506176],[144.70316771106704,-37.723319569187],[144.70316696300338,-37.723319512560415],[144.70316621788032,-37.72331943525088],[144.70316547660374,-37.723319337352436],[144.7031647400752,-37.7233192189841],[144.70316400919023,-37.7233190802898],[144.70316328483767,-37.723318921438235],[144.70316256789832,-37.72331874262252],[144.703161859244,-37.723318544060156],[144.70316115973654,-37.72331832599256],[144.70316047022652,-37.723318088684955],[144.7031597915523,-37.72331783242585],[144.70315912453933,-37.72331755752691],[144.70315846999858,-37.72331726432238],[144.7031578287261,-37.723316953168855],[144.70315720150165,-37.72331662444469],[144.7031565890879,-37.72331627854963],[144.7031559922297,-37.72331591590425],[144.70315541165277,-37.72331553694959],[144.70315484806306,-37.72331514214649],[144.703154302146,-37.723314731974966],[144.70315377456538,-37.72331430693385],[144.70315326596278,-37.72331386754001],[144.7031527769566,-37.72331341432772],[144.7031523081417,-37.72331294784814],[144.70315186008796,-37.72331246866848],[144.70315143334028,-37.72331197737152],[144.70315102841766,-37.72331147455461],[144.70315064581243,-37.72331096082923],[144.70315028598986,-37.72331043682009],[144.70314994938755,-37.72330990316436],[144.7031496364148,-37.723309360511024],[144.70314934745213,-37.72330880951996],[144.70314908285098,-37.723308250861194],[144.70314884293316,-37.72330768521404],[144.70314664576435,-37.72330183825416],[144.70314470689718,-37.7232959339347],[144.70314302869488,-37.72328997945282],[144.70314161320317,-37.72328398206685],[144.70314046214736,-37.72327794908732],[144.70313957693043,-37.72327188786827],[144.70313895863148,-37.723265805798086],[144.70313860800405,-37.72325971029058],[144.70313852547545,-37.723253608775984],[144.70313871114635,-37.723247508691756],[144.70313916479017,-37.72324141747369],[144.70313988585397,-37.72323534254678],[144.70314087345878,-37.72322929131609],[144.70314212640062,-37.72322327115785],[144.70318111663883,-37.72306957370001],[144.7032268724886,-37.722917057618425],[144.70362725351754,-37.7216792037377],[144.70361945513872,-37.72177258678777],[144.70360381113935,-37.721847457113576],[144.70345495889117,-37.72236817735188],[144.7034614519144,-37.722369794977325]]]},"properties":{"LAYER":"POLY_SPLITTER_ISLAND","LAYER_TYPE":"fill-extrusion"}},{"type":"Feature","geometry":{"type":"Polygon","coordinates":[[[144.7018462935509,-37.728233522296954],[144.70184678346334,-37.72823357791775],[144.70184727552132,-37.7282336199247],[144.70184776912532,-37.72823364826662],[144.70184826367398,-37.72823366290899],[144.70184875856478,-37.72823366383397],[144.70184925319467,-37.728233651040426],[144.70184974696116,-37.728233624543954],[144.70185023926263,-37.728233584376824],[144.70185072949923,-37.728233530587985],[144.7018512170737,-37.72823346324299],[144.7018517013921,-37.728233382423845],[144.70185218186424,-37.728233288229006],[144.70185265790474,-37.72823318077331],[144.70185312893375,-37.72823306018761],[144.70185359437727,-37.72823292661882],[144.70185405366823,-37.72823278022971],[144.7018545062471,-37.728232621198636],[144.7018549515625,-37.72823244971933],[144.7018553890718,-37.72823226600069],[144.70185581824208,-37.72823207026659],[144.70185623855033,-37.72823186275551],[144.70185664948463,-37.728231643720214],[144.70185705054416,-37.728231413427594],[144.70185744124035,-37.72823117215825],[144.7018578210972,-37.72823092020612],[144.70185818965192,-37.72823065787813],[144.70185854645553,-37.72823038549393],[144.70185889107321,-37.72823010338536],[144.70185922308517,-37.72822981189615],[144.7018595420869,-37.72822951138138],[144.70185984768972,-37.72822920220724],[144.70186013952136,-37.72822888475039],[144.70186041722616,-37.728228559397586],[144.70186068046587,-37.72822822654522],[144.70186092891976,-37.72822788659887],[144.7018611622851,-37.72822753997266],[144.70186138027756,-37.72822718708892],[144.70186158263158,-37.72822682837757],[144.70186176910062,-37.728226464275636],[144.70186193945753,-37.728226095226766],[144.70186209349467,-37.72822572168056],[144.70186223102442,-37.728225344092095],[144.70186235187927,-37.72822496292148],[144.7018624559119,-37.72822457863305],[144.70186254299557,-37.72822419169503],[144.70186261302422,-37.72822380257884],[144.70186266591256,-37.72822341175851],[144.701862701596,-37.7282230197103],[144.70186272003124,-37.72822262691175],[144.70186272119577,-37.72822223384151],[144.70186270508813,-37.72822184097839],[144.70186267172798,-37.72822144880112],[144.70186262115593,-37.728221057787465],[144.70186255343364,-37.72822066841381],[144.7018624686436,-37.72822028115456],[144.70186236688903,-37.728219896481534],[144.7018622482941,-37.72821951486339],[144.70186211300316,-37.728219136765055],[144.701861961181,-37.728218762647224],[144.7018617930127,-37.72821839296566],[144.70186160870315,-37.728218028170794],[144.70186140847676,-37.72821766870703],[144.70186119257764,-37.72821731501238],[144.70186096126878,-37.7282169675177],[144.70186071483192,-37.72821662664641],[144.70186045356738,-37.7282162928138],[144.70186017779344,-37.72821596642657],[144.70185988784613,-37.72821564788238],[144.7018595840787,-37.72821533756935],[144.70185926686116,-37.72821503586553],[144.70185893658007,-37.72821474313851],[144.70185859363787,-37.728214459744926],[144.7018582384523,-37.72821418603003],[144.70185787145607,-37.728213922327335],[144.7018574930964,-37.72821366895809],[144.7018571038342,-37.72821342623103],[144.70185670414375,-37.728213194441835],[144.70185629451203,-37.728212973872935],[144.70185587543807,-37.72821276479302],[144.70185544743245,-37.72821256745687],[144.70185501101668,-37.72821238210488],[144.7018545667224,-37.72821220896289],[144.70185411509104,-37.72821204824182],[144.70185365667265,-37.72821190013751],[144.70185319202585,-37.728211764830405],[144.7018527217168,-37.72821164248533],[144.7018522463184,-37.72821153325135],[144.70185176640985,-37.72821143726155],[144.7018512825759,-37.728211354632926],[144.70185079540602,-37.72821128546608],[144.70175204730882,-37.72819867493189],[144.70160384716837,-37.728191635907],[144.70160361214946,-37.72819162797897],[144.70160337692596,-37.72819162650681],[144.70160314177895,-37.72819163149233],[144.7016029069894,-37.72819164292952],[144.7016026728377,-37.728191660804754],[144.70160243960365,-37.72819168509667],[144.70160220756597,-37.72819171577622],[144.70160197700181,-37.72819175280679],[144.7016017481867,-37.72819179614411],[144.701601521394,-37.72819184573642],[144.70160129689464,-37.72819190152445],[144.70160107495684,-37.72819196344156],[144.7016008558458,-37.72819203141376],[144.7016006398233,-37.72819210535987],[144.70160042714738,-37.7281921851915],[144.7016002180722,-37.7281922708133],[144.70160001284754,-37.728192362122996],[144.70159981171852,-37.728192459011446],[144.70159961492556,-37.728192561362896],[144.7015994227037,-37.72819266905512],[144.70159923528257,-37.72819278195938],[144.7015990528862,-37.72819289994082],[144.7015988757324,-37.72819302285848],[144.70159870403288,-37.7281931505655],[144.70159853799274,-37.72819328290931],[144.70159837781037,-37.72819341973178],[144.7015982236772,-37.72819356086945],[144.70159807577735,-37.7281937061537],[144.7015979342875,-37.728193855410915],[144.70159779937669,-37.728194008462815],[144.70159767120612,-37.72819416512652],[144.70159754992898,-37.72819432521486],[144.70159743569005,-37.728194488536566],[144.70159732862595,-37.72819465489653],[144.70159722886447,-37.728194824095944],[144.7015971365249,-37.728194995932725],[144.70159705171747,-37.7281951702015],[144.70159697454355,-37.728195346694115],[144.70159690509539,-37.72819552519969],[144.70159684345592,-37.72819570550494],[144.70159678969873,-37.728195887394456],[144.70159674388813,-37.728196070650924],[144.70159670607882,-37.72819625505541],[144.70159667631594,-37.72819644038758],[144.70159665463513,-37.72819662642599],[144.70159664106225,-37.72819681294843],[144.7015966356135,-37.728196999732],[144.70159663829543,-37.72819718655353],[144.70159664910474,-37.728197373189865],[144.70159666802866,-37.72819755941799],[144.70159669504446,-37.72819774501543],[144.70159673011992,-37.72819792976042],[144.70159677321314,-37.728198113432235],[144.70159682427257,-37.72819829581144],[144.70159688323733,-37.72819847668013],[144.70159695003682,-37.72819865582223],[144.7015970245913,-37.728198833023704],[144.70159710681173,-37.728199008072856],[144.70159719659992,-37.7281991807605],[144.7015972938484,-37.728199350880345],[144.7015973984412,-37.72819951822914],[144.70159751025324,-37.72819968260693],[144.70159762915094,-37.72819984381736],[144.7015977549923,-37.72820000166776],[144.7015978876269,-37.72820015596961],[144.7015980268963,-37.728200306538525],[144.70159817263414,-37.72820045319459],[144.7015983246663,-37.72820059576265],[144.70159848281102,-37.72820073407232],[144.70159864687955,-37.728200867958336],[144.70159881667573,-37.7282009972608],[144.70159899199672,-37.72820112182518],[144.7015991726331,-37.728201241502674],[144.70159935836904,-37.72820135615028],[144.7015995489826,-37.72820146563105],[144.70159974424612,-37.72820156981416],[144.70159994392617,-37.728201668575146],[144.70160014778432,-37.72820176179601],[144.7016003555769,-37.728201849365355],[144.7016005670557,-37.728201931178596],[144.70160078196812,-37.72820200713799],[144.7016010000573,-37.72820207715273],[144.70160122106267,-37.72820214113921],[144.70160144472027,-37.72820219902096],[144.7016016707628,-37.728202250728856],[144.70160189892027,-37.72820229620109],[144.70160212892,-37.72820233538335],[144.7016023604873,-37.728202368228814],[144.7018462935509,-37.728233522296954]]]},"properties":{"LAYER":"POLY_SPLITTER_ISLAND","LAYER_TYPE":"fill-extrusion"}},{"type":"Feature","geometry":{"type":"Polygon","coordinates":[[[144.70448441800298,-37.71805873653036],[144.70448464587759,-37.7180587775246],[144.70448487184618,-37.71805882470926],[144.70448509564224,-37.71805887802874],[144.704485317002,-37.7180589374201],[144.70448553566445,-37.71805900281341],[144.70448575137166,-37.718059074131546],[144.70448596386953,-37.71805915129039],[144.70448617290734,-37.718059234198975],[144.7044863782387,-37.71805932275959],[144.7044865796215,-37.718059416867796],[144.7044867768183,-37.71805951641262],[144.70448696959664,-37.71805962127671],[144.70448715772923,-37.71805973133645],[144.70448734099423,-37.71805984646205],[144.70448751917553,-37.71805996651779],[144.70448769206314,-37.71806009136211],[144.7044878594532,-37.718060220847846],[144.7044880211483,-37.71806035482229],[144.70448817695782,-37.718060493127496],[144.7044883266981,-37.718060635600416],[144.70448847019256,-37.71806078207309],[144.70448860727203,-37.718060932372765],[144.70448873777488,-37.71806108632228],[144.70448886154725,-37.71806124374012],[144.7044889784432,-37.71806140444068],[144.70448908832495,-37.71806156823448],[144.70448919106283,-37.71806173492843],[144.70448928653585,-37.718061904325964],[144.70448937463138,-37.71806207622741],[144.70448945524555,-37.71806225043004],[144.70448952828337,-37.71806242672847],[144.70448959365868,-37.71806260491486],[144.70448965129438,-37.71806278477916],[144.70448970112253,-37.718062966109244],[144.7044897430844,-37.71806314869134],[144.7044897771305,-37.71806333231019],[144.70448980322075,-37.71806351674929],[144.70448982132433,-37.71806370179123],[144.70448983141986,-37.71806388721778],[144.70448983349553,-37.71806407281035],[144.7044898275488,-37.71806425835012],[144.70448981358675,-37.71806444361833],[144.7044897916258,-37.718064628396554],[144.70448976169183,-37.71806481246693],[144.70448972382022,-37.71806499561244],[144.70448967805558,-37.71806517761715],[144.70448962445178,-37.71806535826646],[144.70448956307214,-37.7180655373474],[144.70442849817965,-37.718232346495505],[144.7044284285475,-37.71823252512318],[144.7044283511789,-37.71823270173066],[144.70442826616642,-37.718232876106626],[144.7044281736117,-37.71823304804234],[144.70442807362556,-37.71823321733208],[144.70442796632776,-37.718233383773146],[144.70442785184665,-37.71823354716642],[144.7044277303192,-37.71823370731632],[144.70442760189087,-37.71823386403116],[144.7044274667154,-37.718234017123415],[144.7044273249546,-37.718234166409836],[144.70442717677804,-37.71823431171177],[144.70442702236318,-37.71823445285531],[144.70442686189466,-37.71823458967152],[144.7044266955647,-37.718234721996694],[144.70442652357227,-37.718234849672406],[144.70442634612323,-37.71823497254591],[144.70442616342999,-37.71823509047012],[144.70442597571113,-37.71823520330388],[144.7044257831914,-37.718235310912185],[144.70442558610117,-37.718235413166234],[144.70442538467628,-37.71823550994364],[144.70442517915788,-37.71823560112859],[144.70442496979192,-37.718235686611955],[144.7044247568289,-37.71823576629143],[144.70442454052375,-37.718235840071635],[144.70442432113535,-37.71823590786426],[144.70442409892627,-37.718235969588214],[144.70442387416247,-37.71823602516958],[144.70442364711295,-37.71823607454185],[144.70442341804937,-37.71823611764594],[144.704423187246,-37.71823615443024],[144.70442295497892,-37.718236184850774],[144.70442272152627,-37.718236208871105],[144.70442248716734,-37.71823622646251],[144.70442225218267,-37.718236237603875],[144.70442201685347,-37.71823624228191],[144.70442178146138,-37.718236240491],[144.70442154628813,-37.718236232233316],[144.70442131161522,-37.71823621751874],[144.70442107772345,-37.71823619636483],[144.7044208448928,-37.718236168796956],[144.70442061340182,-37.71823613484809],[144.7044203835277,-37.71823609455886],[144.7044201555455,-37.7182360479775],[144.70441992972803,-37.718235995159745],[144.70441970634562,-37.71823593616882],[144.7044194856656,-37.718235871075315],[144.70441926795206,-37.71823579995715],[144.70441905346559,-37.71823572289943],[144.70441884246281,-37.718235639994376],[144.70441863519642,-37.718235551341195],[144.70441843191435,-37.71823545704605],[144.7044182328599,-37.71823535722172],[144.70441803827134,-37.71823525198772],[144.70441784838152,-37.718235141470004],[144.70441766341776,-37.718235025800816],[144.70441748360136,-37.718234905118585],[144.7044173091476,-37.71823477956775],[144.70441714026524,-37.71823464929861],[144.70441697715634,-37.718234514467056],[144.70441682001615,-37.718234375234424],[144.7044166690328,-37.718234231767354],[144.70441652438697,-37.7182340842376],[144.7044163862517,-37.71823393282169],[144.70441625479236,-37.71823377770083],[144.7044161301663,-37.71823361906071],[144.7044160125226,-37.71823345709117],[144.70441590200215,-37.71823329198605],[144.70441579873722,-37.71823312394297],[144.70441570285132,-37.71823295316304],[144.70441561445932,-37.718232779850645],[144.7044155336669,-37.71823260421324],[144.70441546057077,-37.71823242646097],[144.70441539525848,-37.71823224680663],[144.70441533780814,-37.71823206546523],[144.70435949783248,-37.71804197153275],[144.70435947308454,-37.71804188017419],[144.7043594523274,-37.71804178819059],[144.704359435586,-37.71804169569194],[144.70435942288023,-37.71804160278879],[144.70435941422542,-37.71804150959227],[144.7043594096318,-37.71804141621376],[144.70435940910488,-37.71804132276491],[144.70435941264537,-37.718041229357475],[144.70435942024898,-37.71804113610308],[144.70435943190657,-37.71804104311327],[144.7043594476043,-37.7180409504992],[144.70435946732334,-37.718040858371594],[144.70435949104015,-37.71804076684061],[144.70435951872636,-37.718040676015654],[144.70435955034887,-37.71804058600535],[144.70435958586984,-37.71804049691731],[144.70435962524678,-37.71804040885804],[144.70435966843272,-37.7180403219328],[144.70435971537597,-37.71804023624555],[144.70435976602042,-37.718040151898705],[144.70435982030546,-37.71804006899315],[144.70435987816623,-37.718039987627954],[144.70435993953356,-37.71803990790044],[144.70436000433406,-37.718039829905905],[144.70436007249035,-37.718039753737635],[144.70436014392075,-37.71803967948662],[144.70436021854002,-37.718039607241714],[144.7043602962589,-37.718039537089254],[144.70436037698445,-37.718039469113094],[144.7043604606202,-37.71803940339456],[144.7043605470661,-37.71803934001219],[144.70436063621884,-37.71803927904177],[144.70436072797176,-37.71803922055618],[144.7043608222153,-37.71803916462537],[144.70436091883664,-37.71803911131618],[144.70436101772034,-37.718039060692384],[144.70436111874818,-37.71803901281447],[144.70436122179933,-37.71803896773969],[144.70436132675056,-37.71803892552196],[144.70436143347646,-37.71803888621174],[144.70436154184944,-37.718038849856015],[144.70436165173987,-37.71803881649825],[144.70436176301635,-37.71803878617835],[144.70436187554594,-37.718038758932565],[144.704361989194,-37.71803873479346],[144.70436210382474,-37.718038713789866],[144.704362219301,-37.71803869594695],[144.70436233548483,-37.71803868128601],[144.7043624522373,-37.71803866982457],[144.70436256941872,-37.71803866157635],[144.7043626868891,-37.7180386565512],[144.70436280450795,-37.718038654755155],[144.7043629221347,-37.71803865619031],[144.70436303962862,-37.718038660855015],[144.7043631568493,-37.718038668743645],[144.70436327365658,-37.71803867984679],[144.7043633899108,-37.71803869415116],[144.70436350547297,-37.71803871163966],[144.70448441800298,-37.71805873653036]]]},"properties":{"LAYER":"POLY_SPLITTER_ISLAND","LAYER_TYPE":"fill-extrusion"}},{"type":"Feature","geometry":{"type":"Polygon","coordinates":[[[144.70508376444738,-37.71814796357533],[144.7048094158395,-37.718228711314985],[144.70480930426,-37.7182287424147],[144.70480919138737,-37.71822877041548],[144.704809077358,-37.718228795283586],[144.7048089623096,-37.718228816988876],[144.70480884638118,-37.71822883550522],[144.70480872971277,-37.71822885081019],[144.70480861244522,-37.718228862885326],[144.70480849472034,-37.71822887171604],[144.70480837668018,-37.71822887729166],[144.70480825846738,-37.71822887960546],[144.70480814022483,-37.71822887865463],[144.70480802209528,-37.718228874440314],[144.7048079042214,-37.71822886696763],[144.70480778674565,-37.718228856245574],[144.7048076698099,-37.71822884228713],[144.70480755355538,-37.71822882510911],[144.7048074381226,-37.71822880473231],[144.70480732365095,-37.718228781181345],[144.7048072102787,-37.718228754484656],[144.7048070981428,-37.718228724674475],[144.70480698737867,-37.71822869178683],[144.70480687812022,-37.71822865586144],[144.7048067704994,-37.71822861694169],[144.70480666464613,-37.71822857507461],[144.70480656068835,-37.71822853031076],[144.70480645875162,-37.71822848270424],[144.70480635895908,-37.71822843231253],[144.70480626143123,-37.718228379196546],[144.70480616628598,-37.71822832342039],[144.7048060736382,-37.71822826505145],[144.70480598359973,-37.71822820416029],[144.70480589627948,-37.71822814082041],[144.70480581178288,-37.71822807510834],[144.70480573021197,-37.71822800710346],[144.7048056516653,-37.718227936887885],[144.70480557623773,-37.718227864546485],[144.7048055040204,-37.71822779016663],[144.70480543510055,-37.718227713838154],[144.70480536956146,-37.718227635653285],[144.70480530748225,-37.718227555706434],[144.7048052489379,-37.718227474094206],[144.7048051939992,-37.71822739091516],[144.70480514273243,-37.71822730626978],[144.70480509519956,-37.71822722026034],[144.704805051458,-37.71822713299071],[144.70480501156064,-37.71822704456633],[144.7048049755556,-37.718226955093975],[144.70480494348638,-37.71822686468177],[144.7048049153918,-37.71822677343892],[144.70480489130568,-37.71822668147564],[144.70480487125724,-37.718226588902986],[144.70480485527062,-37.718226495832845],[144.70480484336505,-37.71822640237759],[144.7048048355551,-37.71822630865014],[144.70480483185014,-37.71822621476371],[144.70480483225458,-37.7182261208317],[144.7048048367679,-37.71822602696759],[144.70480484538479,-37.7182259332848],[144.70480485809477,-37.71822583989641],[144.70480487488246,-37.718225746915316],[144.7048048957276,-37.71822565445378],[144.70480492060503,-37.7182255626235],[144.70480494948467,-37.71822547153543],[144.70480498233167,-37.71822538129961],[144.70485203477602,-37.71810406235879],[144.70485210753253,-37.718103885627166],[144.70485218789818,-37.71810371098797],[144.70485227577797,-37.71810353864786],[144.70485237106783,-37.7181033688108],[144.70485247365502,-37.71810320167778],[144.7048525834182,-37.71810303744654],[144.70485270022735,-37.71810287631143],[144.70485282394435,-37.71810271846317],[144.70485295442273,-37.718102564088504],[144.7048530915082,-37.71810241337016],[144.70485323503843,-37.71810226648646],[144.70485338484357,-37.718102123611246],[144.7048535407464,-37.718101984913545],[144.70485370256242,-37.71810185055753],[144.7048538701001,-37.7181017207022],[144.70485404316125,-37.718101595501196],[144.704854221541,-37.718101475102685],[144.70485440502833,-37.718101359649125],[144.70485459340605,-37.718101249277154],[144.70485478645128,-37.718101144117426],[144.7048549839356,-37.718101044294315],[144.70485518562523,-37.718100949925976],[144.70485539128154,-37.71810086112407],[144.7048556006612,-37.71810077799371],[144.7048558135164,-37.71810070063325],[144.70485602959525,-37.71810062913423],[144.70485624864207,-37.71810056358126],[144.70485647039763,-37.718100504051925],[144.70485669459956,-37.71810045061668],[144.70485692098242,-37.71810040333873],[144.7048571492785,-37.71810036227404],[144.7048573792175,-37.718100327471184],[144.70485761052737,-37.71810029897138],[144.70485784293436,-37.71810027680833],[144.70485807616348,-37.71810026100828],[144.70485830993871,-37.71810025158989],[144.7048585439835,-37.71810024856433],[144.70485877802076,-37.71810025193522],[144.70485901177355,-37.718100261698496],[144.70485924496538,-37.718100277842645],[144.70485947732016,-37.71810030034856],[144.70485970856296,-37.71810032918958],[144.7048599384202,-37.71810036433164],[144.7050828010536,-37.71813760552217],[144.70508303226106,-37.71813764751284],[144.70508326148587,-37.718137695878646],[144.70508348844956,-37.71813775056088],[144.7050837128764,-37.71813781149306],[144.70508393449373,-37.71813787860116],[144.70508415303232,-37.7181379518037],[144.70508436822664,-37.71813803101168],[144.7050845798153,-37.71813811612892],[144.70508478754118,-37.71813820705201],[144.70508499115195,-37.71813830367043],[144.7050851904003,-37.71813840586688],[144.7050853850441,-37.71813851351716],[144.70508557484686,-37.71813862649047],[144.70508575957803,-37.71813874464962],[144.70508593901317,-37.718138867851025],[144.7050861129343,-37.718138995944976],[144.70508628113012,-37.718139128775874],[144.7050864433963,-37.718139266182376],[144.70508659953572,-37.71813940799755],[144.7050867493586,-37.71813955404906],[144.705086892683,-37.718139704159476],[144.70508702933478,-37.718139858146486],[144.70508715914787,-37.71814001582294],[144.70508728196472,-37.718140176997316],[144.7050873976359,-37.71814034147383],[144.70508750602107,-37.718140509052596],[144.70508760698846,-37.718140679530045],[144.70508770041545,-37.718140852699115],[144.70508778618847,-37.71814102834941],[144.70508786420336,-37.71814120626748],[144.70508793436537,-37.71814138623723],[144.70508799658919,-37.718141568039975],[144.70508805079928,-37.71814175145488],[144.70508809692976,-37.71814193625911],[144.7050881349246,-37.71814212222813],[144.70508816473762,-37.71814230913603],[144.7050881863326,-37.718142496755725],[144.70508819968333,-37.71814268485925],[144.7050882047736,-37.71814287321812],[144.70508820159716,-37.71814306160351],[144.70508819015797,-37.71814324978653],[144.70508817046976,-37.71814343753853],[144.70508814255666,-37.71814362463149],[144.70508810645245,-37.71814381083802],[144.70508806220096,-37.71814399593197],[144.7050880098561,-37.71814417968844],[144.70508794948137,-37.71814436188417],[144.70508788115004,-37.71814454229787],[144.7050878049453,-37.71814472071031],[144.70508772095957,-37.71814489690474],[144.705087629295,-37.718145070667106],[144.70508753006285,-37.71814524178632],[144.70508742338376,-37.718145410054476],[144.7050873093873,-37.718145575267165],[144.70508718821196,-37.71814573722367],[144.705087060005,-37.71814589572724],[144.70508692492214,-37.718146050585254],[144.7050867831274,-37.71814620160961],[144.70508663479325,-37.718146348616884],[144.7050864800997,-37.71814649142841],[144.7050863192348,-37.7181466298707],[144.70508615239393,-37.71814676377557],[144.70508597977985,-37.718146892980336],[144.70508580160217,-37.718147017328064],[144.70508561807742,-37.71814713666764],[144.70508542942858,-37.718147250854095],[144.7050852358848,-37.71814735974869],[144.7050850376812,-37.71814746321917],[144.70508483505864,-37.718147561139766],[144.70508462826322,-37.71814765339158],[144.70508441754617,-37.71814773986251],[144.70508420316352,-37.718147820447506],[144.70508398537578,-37.71814789504865],[144.70508376444738,-37.71814796357533]]]},"properties":{"LAYER":"POLY_SPLITTER_ISLAND","LAYER_TYPE":"fill-extrusion"}},{"type":"Feature","geometry":{"type":"Polygon","coordinates":[[[144.70492850136492,-37.71781053302953],[144.70497726976708,-37.71762808117891],[144.7049773193605,-37.717627896736694],[144.70497737702405,-37.717627713781134],[144.70497744268746,-37.71762753253498],[144.70497751627082,-37.71762735321893],[144.70497759768458,-37.71762717605124],[144.70497768682952,-37.71762700124767],[144.70497778359726,-37.717626829020986],[144.7049778878699,-37.717626659580894],[144.70497799952042,-37.717626493133665],[144.70497811841304,-37.71762632988198],[144.70497824440287,-37.71762617002456],[144.7049783773367,-37.717626013756046],[144.7049785170525,-37.71762586126669],[144.7049786633802,-37.71762571274213],[144.7049788161418,-37.7176255683632],[144.70497897515108,-37.71762542830565],[144.70497914021465,-37.71762529274007],[144.70497931113147,-37.71762516183142],[144.7049794876935,-37.71762503573913],[144.70497966968568,-37.717624914616714],[144.70497985688655,-37.717624798611624],[144.7049800490681,-37.71762468786509],[144.7049802459964,-37.71762458251196],[144.70498044743175,-37.71762448268047],[144.70498065312884,-37.71762438849216],[144.70498086283723,-37.71762430006176],[144.70498107630166,-37.71762421749686],[144.70498129326222,-37.71762414089802],[144.7049815134547,-37.717624070358475],[144.7049817366111,-37.71762400596414],[144.70498196245975,-37.717623947793385],[144.70498219072564,-37.717623895917036],[144.7049824211308,-37.71762385039825],[144.70498265339486,-37.71762381129245],[144.70498288723496,-37.717623778647265],[144.7049831223664,-37.71762375250239],[144.70498335850291,-37.71762373288971],[144.70498359535708,-37.717623719833085],[144.70498383264047,-37.71762371334839],[144.70498407006417,-37.71762371344352],[144.70498430733917,-37.71762372011841],[144.70498454417663,-37.71762373336483],[144.70498478028816,-37.71762375316679],[144.70498501538626,-37.717623779500066],[144.70498524918474,-37.71762381233267],[144.70498548139904,-37.7176238516246],[144.70498571174628,-37.717623897328004],[144.70498593994617,-37.71762394938728],[144.70498616572078,-37.717624007739026],[144.7049863887953,-37.71762407231219],[144.70498660889808,-37.71762414302816],[144.70498682576127,-37.71762421980083],[144.7049870391207,-37.71762430253676],[144.70498724871666,-37.71762439113523],[144.70498745429398,-37.7176244854883],[144.70498765560245,-37.71762458548122],[144.70498785239687,-37.71762469099213],[144.70498804443767,-37.71762480189263],[144.70498823149114,-37.7176249180477],[144.70498841332937,-37.71762503931593],[144.70498858973116,-37.71762516554965],[144.7049887604816,-37.7176252965952],[144.7049889253729,-37.71762543229302],[144.70498908420427,-37.71762557247792],[144.70498923678238,-37.71762571697921],[144.70498938292138,-37.717625865620974],[144.70498952244347,-37.717626018222255],[144.70498965517868,-37.71762617459722],[144.70498978096543,-37.71762633455553],[144.70498989965066,-37.71762649790244],[144.70499001108973,-37.71762666443904],[144.70499011514713,-37.717626833962626],[144.704990211696,-37.71762700626676],[144.70499030061896,-37.71762718114172],[144.70499038180768,-37.71762735837455],[144.70499045516326,-37.71762753774951],[144.7049905205964,-37.717627719048174],[144.70499057802752,-37.71762790204986],[144.70505011190411,-37.7178327677932],[144.70505013639823,-37.717832859276236],[144.7050501568928,-37.71783295137776],[144.70505017336333,-37.71783304398743],[144.70505018579001,-37.71783313699439],[144.70505019415805,-37.717833230287205],[144.7050501984574,-37.71783332375416],[144.70505019868284,-37.71783341728332],[144.7050501948342,-37.71783351076267],[144.705050186916,-37.717833604080255],[144.70505017493784,-37.71783369712434],[144.70505015891396,-37.717833789783455],[144.70505013886353,-37.71783388194667],[144.7050501148107,-37.717833973503545],[144.70505008678415,-37.71783406434449],[144.70505005481746,-37.71783415436069],[144.705050018949,-37.71783424344432],[144.70504997922163,-37.71783433148874],[144.705049935683,-37.71783441838848],[144.70504988838528,-37.71783450403942],[144.70504983738493,-37.71783458833906],[144.7050497827432,-37.7178346711864],[144.7050497245255,-37.71783475248223],[144.7050496628016,-37.7178348321292],[144.70504959764529,-37.71783491003191],[144.70504952913467,-37.71783498609704],[144.7050494573518,-37.71783506023351],[144.7050493823826,-37.71783513235256],[144.70504930431696,-37.71783520236778],[144.70504922324832,-37.71783527019536],[144.7050491392737,-37.71783533575401],[144.7050490524938,-37.717835398965235],[144.70504896301242,-37.71783545975335],[144.7050488709368,-37.717835518045554],[144.70504877637717,-37.717835573772035],[144.70504867944686,-37.71783562686605],[144.7050485802618,-37.717835677264],[144.70504847894097,-37.71783572490552],[144.7050483756056,-37.71783576973359],[144.70504827037948,-37.7178358116945],[144.7050481633886,-37.717835850738005],[144.7050480547611,-37.717835886817326],[144.70504794462707,-37.71783591988927],[144.70504783311844,-37.717835949914225],[144.70504772036875,-37.717835976856236],[144.70504760651306,-37.71783600068303],[144.70504749168765,-37.71783602136609],[144.70504737603005,-37.71783603888063],[144.70504725967885,-37.71783605320565],[144.70504714277334,-37.71783606432403],[144.7050470254535,-37.71783607222247],[144.70504690785987,-37.71783607689146],[144.70504679013334,-37.717836078325426],[144.70504667241477,-37.71783607652269],[144.70504655484524,-37.717836071485344],[144.70504643756556,-37.71783606321947],[144.70504632071612,-37.717836051734984],[144.7050462044369,-37.71783603704555],[144.70504608886716,-37.71783601916886],[144.70493371767148,-37.717817028369026],[144.704933488996,-37.71781698643565],[144.704933262277,-37.717816938262864],[144.70493303778403,-37.717816883907986],[144.70493281578436,-37.7178168234357],[144.7049325965419,-37.71781675691786],[144.70493238031753,-37.717816684433686],[144.7049321673685,-37.71781660606937],[144.70493195794805,-37.71781652191814],[144.70493175230533,-37.71781643208007],[144.70493155068505,-37.71781633666207],[144.70493135332694,-37.71781623577763],[144.70493116046583,-37.717816129546776],[144.70493097233114,-37.71781601809583],[144.70493078914672,-37.717815901557444],[144.70493061113038,-37.71781578007019],[144.70493043849396,-37.71781565377863],[144.7049302714428,-37.71781552283298],[144.70493011017567,-37.717815387388995],[144.70492995488436,-37.71781524760784],[144.70492980575355,-37.71781510365576],[144.70492966296078,-37.717814955704014],[144.7049295266758,-37.7178148039286],[144.70492939706077,-37.71781464851005],[144.7049292742699,-37.71781448963328],[144.70492915844923,-37.71781432748726],[144.7049290497366,-37.7178141622649],[144.70492894826123,-37.717813994162746],[144.70492885414387,-37.717813823380745],[144.70492876749654,-37.71781365012209],[144.70492868842229,-37.71781347459286],[144.70492861701513,-37.71781329700185],[144.70492855336002,-37.71781311756037],[144.7049284975328,-37.717812936481806],[144.70492844959975,-37.717812753981676],[144.70492840961788,-37.717812570276976],[144.7049283776348,-37.717812385586285],[144.70492835368864,-37.7178122001293],[144.70492833780773,-37.71781201412665],[144.7049283300111,-37.7178118277996],[144.70492833030787,-37.71781164136977],[144.70492833869784,-37.71781145505898],[144.70492835517095,-37.71781126908881],[144.7049283797076,-37.71781108368056],[144.70492841227863,-37.71781089905472],[144.7049284528453,-37.71781071543096],[144.70492850135935,-37.71781053302769],[144.70492850136492,-37.71781053302953]]]},"properties":{"LAYER":"POLY_SPLITTER_ISLAND","LAYER_TYPE":"fill-extrusion"}},{"type":"Feature","geometry":{"type":"Polygon","coordinates":[[[144.70459791795813,-37.717687387874015],[144.70459794616454,-37.71768729751315],[144.7045979704364,-37.71768720643415],[144.70459799074493,-37.717687114745125],[144.70459800706607,-37.71768702255489],[144.70459801938037,-37.717686929972814],[144.70459802767323,-37.71768683710874],[144.7045980319349,-37.71768674407287],[144.7045980321602,-37.71768665097561],[144.7045980283489,-37.71768655792737],[144.70459802050556,-37.717686465038675],[144.7045980086395,-37.71768637241964],[144.70459799276475,-37.717686280180224],[144.70459797290013,-37.717686188429866],[144.70459794906932,-37.71768609727742],[144.70459792130046,-37.71768600683106],[144.70459788962654,-37.71768591719809],[144.70459785408525,-37.7176858284849],[144.70459781471862,-37.71768574079673],[144.70459777157345,-37.71768565423764],[144.7045977247009,-37.71768556891032],[144.7045976741566,-37.71768548491606],[144.70459762000053,-37.71768540235448],[144.70459756229693,-37.717685321323586],[144.7045975011143,-37.717685241919504],[144.70459743652515,-37.71768516423644],[144.70459736860624,-37.71768508836663],[144.70459729743814,-37.71768501440006],[144.70459722310525,-37.717684942424476],[144.70459714569577,-37.71768487252532],[144.7045970653016,-37.717684804785506],[144.7045969820181,-37.71768473928548],[144.70459689594412,-37.717684676102884],[144.7045968071818,-37.7176846153127],[144.70459671583637,-37.717684556987095],[144.70459662201637,-37.717684501195265],[144.704596525833,-37.7176844480034],[144.70459642740045,-37.71768439747463],[144.70459632683554,-37.71768434966892],[144.70459622425756,-37.71768430464297],[144.7045961197882,-37.71768426245021],[144.70459601355148,-37.71768422314073],[144.70459590567344,-37.717684186761176],[144.70459579628204,-37.71768415335467],[144.70459568550717,-37.71768412296089],[144.7045955734802,-37.717684095615894],[144.70459546033413,-37.717684071352124],[144.70459534620315,-37.71768405019839],[144.70459523122273,-37.71768403217978],[144.7045951155293,-37.717684017317644],[144.70459499926008,-37.717684005629664],[144.70459488255307,-37.717683997129676],[144.7045947655468,-37.717683991827805],[144.70459464838007,-37.7176839897303],[144.70459453119196,-37.71768399083968],[144.7045944141214,-37.7176839951546],[144.7045942973074,-37.717684002669955],[144.70459418088862,-37.71768401337684],[144.70459406500305,-37.71768402726253],[144.70459394978835,-37.71768404431056],[144.70430113949956,-37.7177315294344],[144.7043009098677,-37.71773156997012],[144.7043006821369,-37.71773161678673],[144.70430045657932,-37.717731669828325],[144.70430023346452,-37.71773172903146],[144.7043000130591,-37.71773179432543],[144.70429979562653,-37.71773186563216],[144.70429958142662,-37.717731942866465],[144.70429937071535,-37.717732025936044],[144.7042991637446,-37.717732114741544],[144.70429896076175,-37.71773220917694],[144.70429876200927,-37.71773230912933],[144.70429856772478,-37.71773241447923],[144.70429837814044,-37.71773252510077],[144.7042981934828,-37.717732640861726],[144.70429801397265,-37.717732761623736],[144.7042978398244,-37.71773288724254],[144.70429767124622,-37.71773301756796],[144.70429750843962,-37.71773315244422],[144.70429735159914,-37.71773329171019],[144.70429720091218,-37.71773343519937],[144.70429705655891,-37.71773358274032],[144.70429691871178,-37.71773373415671],[144.70429678753558,-37.71773388926754],[144.70429666318708,-37.71773404788748],[144.7042965458148,-37.717734209826936],[144.70429643555914,-37.71773437489239],[144.70429633255176,-37.71773454288653],[144.7042962369159,-37.717734713608664],[144.70429614876574,-37.7177348868547],[144.70429606820667,-37.71773506241756],[144.70429599533495,-37.7177352400875],[144.70429593023766,-37.71773541965215],[144.70429587299262,-37.71773560089692],[144.70429582366822,-37.717735783605185],[144.7042957823235,-37.71773596755861],[144.70429574900768,-37.71773615253733],[144.7042957237608,-37.71773633832027],[144.7042957066129,-37.717736524685435],[144.7042956975845,-37.71773671141008],[144.7042956966864,-37.71773689827102],[144.70429570391966,-37.71773708504498],[144.70429571927568,-37.717737271508724],[144.704295742736,-37.71773745743941],[144.70429577427268,-37.717737642614814],[144.70429581384803,-37.717737826813654],[144.70429586141472,-37.71773800981577],[144.70429591691587,-37.717738191402475],[144.70429598028525,-37.71773837135674],[144.70429605144705,-37.71773854946352],[144.70429613031618,-37.717738725509925],[144.7042962167985,-37.717738899285585],[144.70429631079057,-37.717739070582816],[144.7042964121801,-37.71773923919687],[144.7042965208459,-37.717739404926284],[144.70429663665809,-37.717739567572956],[144.70429675947832,-37.71773972694252],[144.7042968891597,-37.71773988284449],[144.70429702554733,-37.71774003509258],[144.70429716847823,-37.71774018350484],[144.70429731778154,-37.717740327903854],[144.70429747327879,-37.71774046811708],[144.70429763478418,-37.71774060397694],[144.70429780210472,-37.71774073532107],[144.70429797504045,-37.71774086199251],[144.70429815338457,-37.71774098383985],[144.70429833692413,-37.71774110071749],[144.70429852543964,-37.717741212485755],[144.70429871870581,-37.717741319011026],[144.70429891649172,-37.717741420166064],[144.70429911856104,-37.71774151582989],[144.70429932467215,-37.71774160588824],[144.70429953457875,-37.71774169023347],[144.70429974803002,-37.717741768764746],[144.7042999647709,-37.71774184138828],[144.7043001845423,-37.71774190801722],[144.7043004070816,-37.71774196857196],[144.7043006321228,-37.71774202298012],[144.70430085939697,-37.71774207117671],[144.70430108863246,-37.71774211310405],[144.70430131955538,-37.717742148712134],[144.7045610858048,-37.71777851471098],[144.70456131830178,-37.71777854397499],[144.70456155193386,-37.71777856683327],[144.7045617864215,-37.7177785832584],[144.70456202148398,-37.717778593230754],[144.70456225684006,-37.71777859673839],[144.70456249220803,-37.71777859377712],[144.70456272730615,-37.71777858435047],[144.7045629618532,-37.71777856846974],[144.70456319556837,-37.717778546153944],[144.704563428172,-37.71777851742977],[144.70456365938574,-37.717778482331596],[144.70456388893274,-37.71777844090141],[144.70456411653848,-37.71777839318884],[144.70456434193042,-37.71777833925096],[144.7045645648389,-37.71777827915231],[144.7045647849971,-37.717778212964845],[144.7045650021415,-37.71777814076774],[144.70456521601233,-37.71777806264744],[144.70456542635353,-37.71777797869741],[144.70456563291347,-37.71777788901813],[144.70456583544484,-37.71777779371694],[144.70456603370536,-37.71777769290786],[144.70456622745763,-37.71777758671154],[144.70456641646993,-37.717777475255104],[144.70456660051593,-37.71777735867194],[144.70456677937537,-37.717777237101544],[144.70456695283423,-37.71777711068941],[144.7045671206849,-37.71777697958686],[144.7045672827266,-37.71777684395078],[144.70456743876525,-37.717776703943464],[144.7045675886142,-37.71777655973251],[144.70456773209406,-37.7177764114905],[144.70456786903316,-37.71777625939484],[144.7045679992676,-37.71777610362753],[144.70456812264146,-37.717775944375035],[144.70456823900716,-37.71777578182793],[144.70456834822545,-37.71777561618072],[144.70456845016562,-37.7177754476317],[144.70456854470558,-37.71777527638253],[144.70456863173226,-37.71777510263821],[144.7045687111415,-37.71777492660664],[144.70456878283827,-37.71777474849848],[144.70456884673672,-37.71777456852692],[144.7045979179549,-37.71768738788722],[144.70459791795813,-37.717687387874015]]]},"properties":{"LAYER":"POLY_SPLITTER_ISLAND","LAYER_TYPE":"fill-extrusion"}},{"type":"Feature","geometry":{"type":"Polygon","coordinates":[[[144.7024385974687,-37.72828536129586],[144.70258680773676,-37.72829226776119],[144.70258704276722,-37.72829227547873],[144.70258727799305,-37.728292276740184],[144.70258751313327,-37.72829227154407],[144.70258774790688,-37.728292259896556],[144.70258798203346,-37.72829224181159],[144.70258821523325,-37.728292217310766],[144.70258844722764,-37.72829218642335],[144.7025886777395,-37.72829214918629],[144.70258890649336,-37.728292105644016],[144.7025891332159,-37.72829205584857],[144.70258935763633,-37.728291999859465],[144.70258957948639,-37.72829193774358],[144.7025897985012,-37.728291869575095],[144.70259001441894,-37.72829179543553],[144.7025902269817,-37.72829171541338],[144.70259043593558,-37.728291629604314],[144.70259064103084,-37.72829153811082],[144.7025908420225,-37.72829144104225],[144.70259103867036,-37.7282913385145],[144.7025912307395,-37.72829123065015],[144.70259141800054,-37.728291117578],[144.7025916002296,-37.72829099943317],[144.70259177720905,-37.72829087635686],[144.7025919487274,-37.728290748496065],[144.7025921145798,-37.728290616003534],[144.70259227456805,-37.728290479037604],[144.70259242850096,-37.72829033776192],[144.7025925761947,-37.728290192345206],[144.70259271747275,-37.72829004296127],[144.70259285216636,-37.72828988978855],[144.7025929801146,-37.72828973301006],[144.70259310116455,-37.72828957281311],[144.70259321517167,-37.728289409389085],[144.7025933219997,-37.72828924293327],[144.702593421521,-37.7282890736445],[144.70259351361665,-37.728288901725044],[144.7025935981767,-37.72828872738033],[144.70259367510005,-37.72828855081862],[144.7025937442948,-37.72828837225087],[144.70259380567833,-37.72828819189045],[144.70259385917726,-37.72828800995283],[144.70259390472765,-37.72828782665536],[144.70259394227514,-37.72828764221704],[144.70259397177483,-37.728287456858254],[144.7025939931915,-37.728287270800436],[144.70259400649957,-37.72828708426591],[144.7025940116831,-37.7282868974775],[144.70259400873584,-37.72828671065838],[144.70259399766147,-37.728286524031766],[144.7025939784731,-37.728286337820634],[144.7025939511937,-37.72828615224745],[144.70259391585583,-37.728285967533935],[144.70259387250178,-37.72828578390074],[144.70259382118329,-37.728285601567336],[144.7025937619617,-37.72828542075147],[144.7025936949077,-37.72828524166925],[144.70259362010148,-37.72828506453461],[144.70259353763237,-37.72828488955917],[144.70259344759893,-37.728284716952004],[144.7025933501087,-37.72828454691931],[144.7025932452782,-37.72828437966425],[144.70259313323265,-37.72828421538665],[144.70259301410593,-37.728284054282774],[144.70259288804033,-37.728283896545115],[144.7025927551865,-37.72828374236212],[144.7025926157031,-37.728283591917986],[144.70259246975692,-37.72828344539251],[144.70259231752217,-37.728283302960705],[144.70259215918085,-37.72828316479272],[144.70259199492207,-37.7282830310537],[144.70259182494212,-37.72828290190336],[144.70259164944406,-37.728282777496055],[144.7025914686376,-37.728282657980415],[144.7025912827387,-37.7282825434992],[144.7025910919695,-37.7282824341892],[144.70259089655792,-37.728282330181024],[144.70259069673745,-37.72828223159893],[144.70259049274674,-37.72828213856072],[144.70259028482963,-37.7282820511775],[144.70259007323446,-37.72828196955371],[144.702589858214,-37.728281893786864],[144.70258964002525,-37.7282818239675],[144.70258941892882,-37.728281760178994],[144.7025891951888,-37.7282817024976],[144.70258896907262,-37.72828165099219],[144.70258874085044,-37.728281605724334],[144.70258851079484,-37.7282815667481],[144.70258827918073,-37.728281534110074],[144.70235568810656,-37.72825204182089],[144.7023551982285,-37.728251986011685],[144.70235470619662,-37.72825194381549],[144.7023542126104,-37.72825191528369],[144.7023537180711,-37.728251900451056],[144.70235322318138,-37.72825189933567],[144.70235272854407,-37.728251911938884],[144.7023522347619,-37.72825193824532],[144.7023517424364,-37.72825197822297],[144.70235125216743,-37.728252031823104],[144.70235076455236,-37.72825209898044],[144.70235028018516,-37.72825217961312],[144.70234979965596,-37.72825227362293],[144.70234932355035,-37.72825238089531],[144.70234885244827,-37.728252501299615],[144.70234838692372,-37.728252634689106],[144.70234792754383,-37.72825278090127],[144.70234747486833,-37.72825293975799],[144.7023470294488,-37.728253111065726],[144.70234659182773,-37.72825329461574],[144.70234616253842,-37.72825349018443],[144.70234574210394,-37.72825369753351],[144.7023453310364,-37.728253916410374],[144.70234492983676,-37.72825414654832],[144.70234453899369,-37.728254387667],[144.70234415898344,-37.72825463947264],[144.7023437902689,-37.728254901658445],[144.7023434332995,-37.72825517390499],[144.70234308850993,-37.72825545588056],[144.70234275632038,-37.728255747241626],[144.70234243713554,-37.72825604763321],[144.70234213134435,-37.728256356689364],[144.70234183931922,-37.728256674033474],[144.70234156141612,-37.72825699927898],[144.70234129797348,-37.7282573320296],[144.70234104931237,-37.72825767187991],[144.7023408157357,-37.72825801841586],[144.70234059752804,-37.728258371215276],[144.70234039495523,-37.72825872984827],[144.7023402082641,-37.72825909387798],[144.7023400376822,-37.72825946286084],[144.70233988341715,-37.728259836347284],[144.70233974565704,-37.72826021388232],[144.7023396245697,-37.72826059500598],[144.70233952030262,-37.72826097925389],[144.70233943298285,-37.7282613661579],[144.7023393627168,-37.7282617552467],[144.70233930959003,-37.72826214604618],[144.70233927366726,-37.72826253808018],[144.7023392549923,-37.72826293087114],[144.7023392535879,-37.72826332394047],[144.70233926945573,-37.7282637168093],[144.7023393025766,-37.72826410899896],[144.70233935290992,-37.7282645000316],[144.70233942039454,-37.72826488943086],[144.7023395049482,-37.7282652767223],[144.70233960646792,-37.728265661434015],[144.70233972482987,-37.72826604309737],[144.70233985989006,-37.72826642124733],[144.7023400114837,-37.72826679542317],[144.70234017942633,-37.72826716516904],[144.70234036351323,-37.72826753003444],[144.70234056352004,-37.72826788957483],[144.7023407792032,-37.72826824335219],[144.70234101029996,-37.728268590935485],[144.70234125652865,-37.72826893190125],[144.70234151758933,-37.72826926583404],[144.70234179316392,-37.72826959232703],[144.70234208291672,-37.72826991098244],[144.7023423864947,-37.72827022141203],[144.7023427035279,-37.72827052323761],[144.70234303363026,-37.72827081609144],[144.70234337639937,-37.7282710996167],[144.70234373141784,-37.72827137346797],[144.70234409825295,-37.728271637311636],[144.70234447645788,-37.72827189082619],[144.70234486557183,-37.728272133702816],[144.70234526512067,-37.72827236564557],[144.70234567461765,-37.72827258637188],[144.7023460935639,-37.72827279561283],[144.70234652144893,-37.72827299311349],[144.70234695775147,-37.72827317863323],[144.70234740193987,-37.728273351946015],[144.7023478534731,-37.728273512840694],[144.70234831180096,-37.72827366112126],[144.70234877636503,-37.72827379660705],[144.70234924659928,-37.72827391913297],[144.70234972193091,-37.72827402854977],[144.70235020178072,-37.728274124724116],[144.7023506855641,-37.72827420753887],[144.70235117269166,-37.7282742768931],[144.7024385974687,-37.72828536129586]]]},"properties":{"LAYER":"POLY_SPLITTER_ISLAND","LAYER_TYPE":"fill-extrusion"}},{"type":"Feature","geometry":{"type":"Polygon","coordinates":[[[144.70294129333678,-37.724376896066175],[144.70285529770877,-37.724594436073666],[144.70284346522783,-37.72465109359945],[144.70275705576768,-37.72495474567886],[144.70238665744202,-37.72672825629537],[144.7023104483443,-37.72721103989061],[144.70230372980234,-37.72721017935463],[144.70237992347842,-37.726727469470205],[144.70275037462875,-37.724953706683195],[144.7028367841145,-37.724650054609505],[144.7028486623501,-37.72459317802049],[144.70293480078834,-37.724375276799755],[144.7030672455848,-37.723739196846914],[144.7030686453102,-37.72373313785247],[144.70307030498012,-37.7237271204062],[144.70307222265433,-37.723721151542165],[144.7030743960912,-37.723715238237574],[144.7030768227501,-37.723709387404696],[144.70307949979428,-37.72370360588283],[144.70308242409442,-37.72369790043012],[144.70308559223213,-37.723692277715955],[144.70308900050406,-37.7236867443129],[144.70309264492604,-37.723681306689144],[144.70309652123797,-37.72367597120094],[144.7031006249086,-37.7236707440851],[144.703104951141,-37.72366563145179],[144.70310949487808,-37.723660639277355],[144.70311009883332,-37.72366002169913],[144.70311072941712,-37.72365942114777],[144.70311138586925,-37.723658838347276],[144.70311206739814,-37.72365827400035],[144.70311277318228,-37.72365772878734],[144.70311350237068,-37.72365720336559],[144.7031142540842,-37.72365669836854],[144.7031150274166,-37.72365621440505],[144.70311582143552,-37.72365575205857],[144.70311663518362,-37.72365531188653],[144.70311746767987,-37.72365489441964],[144.70311831792063,-37.72365450016119],[144.70311918488073,-37.7236541295865],[144.70312006751502,-37.72365378314234],[144.7031209647593,-37.72365346124641],[144.70312187553193,-37.72365316428675],[144.70312279873477,-37.72365289262145],[144.7031237332548,-37.723652646578024],[144.70312467796538,-37.72365242645305],[144.70312563172754,-37.72365223251199],[144.70312659339135,-37.72365206498861],[144.70312756179743,-37.72365192408491],[144.70312853577823,-37.72365180997076],[144.70312951415957,-37.723651722783735],[144.7031304957618,-37.72365166262894],[144.7031314794015,-37.72365162957892],[144.70313246389276,-37.72365162367352],[144.70313344804867,-37.72365164491984],[144.7031344306827,-37.72365169329228],[144.70313541061014,-37.723651768732516],[144.70313638664967,-37.7236518711496],[144.7031373576244,-37.72365200042006],[144.70313832236374,-37.72365215638803],[144.7031392797047,-37.72365233886549],[144.7031402284929,-37.72365254763241],[144.70314116758462,-37.72365278243712],[144.7031420958475,-37.72365304299652],[144.70314301216257,-37.723653328996484],[144.70314391542502,-37.723653640092216],[144.70314480454584,-37.72365397590859],[144.70314567845304,-37.72365433604083],[144.70314653609316,-37.72365472005467],[144.7031473764321,-37.723655127487184],[144.70314819845672,-37.72365555784713],[144.703149001176,-37.7236560106157],[144.70314978362217,-37.723656485246956],[144.70315054485187,-37.72365698116872],[144.7031512839473,-37.723657497783094],[144.7031520000175,-37.72365803446721],[144.70315269219904,-37.72365859057406],[144.70315335965745,-37.72365916543314],[144.7031540015881,-37.723659758351445],[144.70315461721694,-37.72366036861407],[144.7031552058018,-37.72366099548533],[144.70315576663307,-37.72366163820941],[144.7031562990346,-37.723662296011454],[144.70315680236453,-37.723662968098374],[144.703157276016,-37.7236636536599],[144.70315771941796,-37.72366435186951],[144.70315813203584,-37.72366506188536],[144.7031585133722,-37.723665782851555],[144.70316125469935,-37.723671512576644],[144.70316374925753,-37.723677313002106],[144.70316599416398,-37.72368317742473],[144.7031679868243,-37.723689099067386],[144.70316972493563,-37.72369507108677],[144.70317120648926,-37.723701086581386],[144.70317242977305,-37.72370713859954],[144.70317339337316,-37.72371322014727],[144.70317409617607,-37.723719324196466],[144.70317453736945,-37.72372544369312],[144.70317471644339,-37.72373157156523],[144.70317463319086,-37.723737700731235],[144.70317428770807,-37.723743824107984],[144.7031736803942,-37.72374993461909],[144.7031728119509,-37.723756025202995],[144.70317168338187,-37.723762088821154],[144.70300492089922,-37.7245606174378],[144.70292116087745,-37.72507178907206],[144.7025677518576,-37.72676397029804],[144.70248257967967,-37.72706167859457],[144.70247550542803,-37.727095550023265],[144.70246236436137,-37.72716124515113],[144.70245586707628,-37.72715963729971],[144.70246879184745,-37.72709466544427],[144.70247589899398,-37.72706063652999],[144.70256107119698,-37.72676292823906],[144.70291442800365,-37.725070997743444],[144.70299818807038,-37.72455982611537],[144.70316497009014,-37.72376120429096],[144.70316606610282,-37.723755322762486],[144.70316690961948,-37.72374941502573],[144.70316749966398,-37.723743487917666],[144.70316783555347,-37.72373754829773],[144.70316791689936,-37.723731603039795],[144.70316774360757,-37.723725659024325],[144.7031673158787,-37.72371972313022],[144.70316663420772,-37.72371380222715],[144.7031656993837,-37.72370790316726],[144.7031645124885,-37.72370203277754],[144.70316307489588,-37.723696197851766],[144.70316138826948,-37.72369040514262],[144.70315945456133,-37.72368466135398],[144.70315727600934,-37.72367897313315],[144.70315485513487,-37.723673347062956],[144.70315219473952,-37.723667789654485],[144.70315190492397,-37.72366724172019],[144.70315159133435,-37.723666702108105],[144.7031512543489,-37.72366617146881],[144.7031508943738,-37.72366565044203],[144.70315051184315,-37.723665139655935],[144.70315010721797,-37.72366463972637],[144.70314968098623,-37.72366415125604],[144.70314923366172,-37.72366367483387],[144.70314876578385,-37.72366321103426],[144.70314827791657,-37.72366276041633],[144.70314777064817,-37.72366232352339],[144.70314724459016,-37.72366190088217],[144.70314670037686,-37.72366149300223],[144.70314613866427,-37.72366110037528],[144.70314556012974,-37.72366072347473],[144.70314496547067,-37.72366036275495],[144.703144355404,-37.72366001865084],[144.70314373066523,-37.72365969157724],[144.70314309200765,-37.72365938192851],[144.70314244020113,-37.72365909007796],[144.7031417760316,-37.723658816377444],[144.70314110029975,-37.72365856115696],[144.70314041382028,-37.723658324724205],[144.7031397174208,-37.723658107364194],[144.70313901194092,-37.723657909339046],[144.7031382982312,-37.723657730887474],[144.70313757715212,-37.72365757222459],[144.70313684957296,-37.7236574335417],[144.703136116371,-37.72365731500606],[144.70313537843012,-37.723657216760486],[144.70313463664007,-37.723657138923485],[144.70313389189516,-37.72365708158891],[144.70313314509323,-37.72365704482584],[144.70313239713468,-37.723657028678645],[144.70313164892127,-37.72365703316674],[144.70313090135505,-37.72365705828476],[144.7031301553373,-37.72365710400241],[144.70312941176746,-37.723657170264545],[144.703128671542,-37.723657256991316],[144.70312793555328,-37.72365736407812],[144.70312720468877,-37.72365749139587],[144.70312647982948,-37.723657638791124],[144.7031257618494,-37.72365780608608],[144.7031250516141,-37.72365799307913],[144.7031243499799,-37.72365819954478],[144.7031236577927,-37.72365842523409],[144.70312297588697,-37.72365866987503],[144.7031223050849,-37.723658933172594],[144.70312164619517,-37.723659214809395],[144.70312100001217,-37.72365951444583],[144.703120367315,-37.7236598317207],[144.70311974886638,-37.723660166251456],[144.70311914541205,-37.723660517634805],[144.70311855767937,-37.723660885447075],[144.7031179863771,-37.72366126924482],[144.70311743219392,-37.72366166856541],[144.70311689579796,-37.723662082927305],[144.70311637783598,-37.723662511831],[144.7031158789324,-37.723662954759384],[144.7031153996887,-37.72366341117844],[144.70311494068272,-37.7236638805379],[144.70311053325796,-37.72366872294734],[144.70310633681268,-37.723673682201856],[144.70310235625237,-37.723678752504426],[144.70309859623006,-37.72368392792818],[144.70309506114103,-37.72368920242341],[144.70309175511758,-37.72369456982454],[144.70308868202437,-37.723700023857454],[144.7030858454536,-37.72370555814672],[144.70308324872113,-37.72371116622311],[144.70308089486244,-37.72371684153116],[144.7030787866291,-37.72372257743673],[144.70307692648555,-37.72372836723495],[144.70307531660626,-37.723734204157935],[144.70307395887315,-37.72374008138265],[144.70294129333678,-37.724376896066175]]]},"properties":{"LAYER":"POLY_SPLITTER_ISLAND","LAYER_TYPE":"fill-extrusion"}}]}