{"type":"FeatureCollection","features":[{"type":"Feature","geometry":{"type":"LineString","coordinates":[[144.71373600912256,-37.71910901448332],[144.7137281470722,-37.71910806387657],[144.7136832994264,-37.71910264130156],[144.71363845178797,-37.7190972187097],[144.713593604157,-37.719091796100976],[144.7135487565334,-37.71908637347534],[144.7135039089172,-37.71908095083291],[144.71345906130847,-37.71907552817355],[144.71341421370707,-37.71907010549734],[144.71336936611308,-37.71906468280426],[144.71332451852652,-37.719059260094326],[144.71327967094734,-37.71905383736748],[144.71323482337556,-37.719048414623806],[144.7131899758112,-37.71904299186325],[144.7131451282543,-37.71903756908584],[144.71310028070474,-37.71903214629153],[144.7130554331626,-37.7190267234804],[144.7130105856278,-37.71902130065236],[144.7129657381005,-37.71901587780745],[144.71295729925845,-37.71901485740292],[144.71292123261819,-37.719010731576745],[144.71287622316422,-37.719006239116574],[144.71283110961934,-37.7190024625376],[144.71278591002542,-37.718999403350075],[144.71277984437518,-37.71899904767166],[144.71274066508482,-37.718996793075284],[144.7126954195394,-37.718994189376204],[144.71265017399801,-37.71899158565986],[144.7126049284607,-37.71898898192621],[144.71255968292746,-37.718986378175295],[144.7125144373983,-37.71898377440709],[144.71246919187317,-37.71898117062163],[144.71242394635212,-37.71897856681886],[144.71237870083513,-37.71897596299884],[144.71233345532218,-37.718973359161524],[144.7122882098133,-37.71897075530693],[144.7122541832732,-37.71896879708638],[144.71224273126705,-37.71896813139585],[144.71219750035564,-37.718965372838994],[144.71215229003343,-37.71896240897906],[144.71210710177414,-37.71895923994085],[144.7120619370536,-37.718955865827894],[144.71201679734676,-37.71895228675038],[144.71197168412775,-37.71894850282522],[144.71192659886987,-37.718944514176016],[144.7119103310229,-37.71894306869139]]},"properties":{"LAYER":"LINE_LINEMARKING_S1","LAYER_TYPE":"line"}},{"type":"Feature","geometry":{"type":"LineString","coordinates":[[144.71193644150642,-37.71907737291567],[144.71196287717058,-37.71907984528037],[144.7120079702868,-37.7190837760104],[144.71205312536895,-37.71908722883953],[144.7120983343913,-37.719090203154074],[144.7121435893186,-37.719092698425335],[144.71218888210728,-37.719094714209746],[144.71223420470722,-37.71909625014896],[144.71227954906286,-37.71909730596987],[144.71232490711637,-37.719097881360256],[144.71237027079752,-37.71909797583881],[144.71241563202918,-37.719097589891994],[144.7124281198178,-37.719097399908385],[144.71246098662652,-37.71909685045057],[144.71250634075594,-37.71909609221826],[144.7125516948853,-37.719095333968475],[144.71259704901465,-37.71909457570116],[144.712642403144,-37.7190938174164],[144.71268775727327,-37.7190930591141],[144.71273311140257,-37.7190923007943],[144.71277846553184,-37.719091542457036],[144.71282381966108,-37.71909078410226],[144.71286917379024,-37.71909002573],[144.71291452791942,-37.719089267340244],[144.71295988204858,-37.71908850893297],[144.71297753930648,-37.719088213665316],[144.7130060672696,-37.71908783186153],[144.7130514302983,-37.7190876161947],[144.7130967929114,-37.71908788083104],[144.71314214705265,-37.7190886257235],[144.7131874846674,-37.719089850739714],[144.71323279770382,-37.719091555662246],[144.71327807811457,-37.71909374018834],[144.7133233178564,-37.719096403945805],[144.7133685087732,-37.719099547478415],[144.71341364292664,-37.71910316919316],[144.71345871230122,-37.71910726844683],[144.71350370889272,-37.7191118445113],[144.7135467959952,-37.71911668053865],[144.7135486249398,-37.71911689534248],[144.71359350129933,-37.71912216592131],[144.71363837766606,-37.719127436483284],[144.71368325403998,-37.719132707028336],[144.71372813042112,-37.7191379775565],[144.71377300680953,-37.719143248067766],[144.71381788320514,-37.719148518562115],[144.71386275960802,-37.7191537890396],[144.71389273802546,-37.71915730982379]]},"properties":{"LAYER":"LINE_LINEMARKING_S1","LAYER_TYPE":"line"}},{"type":"Feature","geometry":{"type":"LineString","coordinates":[[144.71373600912256,-37.71910901448332],[144.71389441534072,-37.71914829798277]]},"properties":{"LAYER":"LINE_LINEMARKING_S1","LAYER_TYPE":"line"}},{"type":"Feature","geometry":{"type":"LineString","coordinates":[[144.71039058064102,-37.71909019963107],[144.71046488728834,-37.71909886024153]]},"properties":{"LAYER":"LINE_LINEMARKING_S2","LAYER_TYPE":"line"}},{"type":"Feature","geometry":{"type":"LineString","coordinates":[[144.7107057094564,-37.71890155277708],[144.71068115306062,-37.71903201903701]]},"properties":{"LAYER":"LINE_LINEMARKING_S2","LAYER_TYPE":"line"}},{"type":"Feature","geometry":{"type":"LineString","coordinates":[[144.71032107808637,-37.71867868195816],[144.71029813068043,-37.71880291620616]]},"properties":{"LAYER":"LINE_LINEMARKING_S2","LAYER_TYPE":"line"}},{"type":"Feature","geometry":{"type":"LineString","coordinates":[[144.7105662995871,-37.71862446411407],[144.7106432728594,-37.71863342526537]]},"properties":{"LAYER":"LINE_LINEMARKING_S2","LAYER_TYPE":"line"}},{"type":"Feature","geometry":{"type":"LineString","coordinates":[[144.71034619813162,-37.718821939719824],[144.7103742088344,-37.718670272684754]]},"properties":{"LAYER":"LINE_LINEMARKING_D2","LAYER_TYPE":"dashed-line"}},{"type":"Feature","geometry":{"type":"LineString","coordinates":[[144.71031430072418,-37.71880846162109],[144.71033855605785,-37.71867712843906]]},"properties":{"LAYER":"LINE_LINEMARKING_D2","LAYER_TYPE":"dashed-line"}},{"type":"Feature","geometry":{"type":"LineString","coordinates":[[144.71028834435694,-37.71894896169221],[144.71030159410606,-37.718877247309656]]},"properties":{"LAYER":"LINE_LINEMARKING_D2","LAYER_TYPE":"dashed-line"}},{"type":"Feature","geometry":{"type":"LineString","coordinates":[[144.7103205219929,-37.718960927611924],[144.71033698250835,-37.71887182963776]]},"properties":{"LAYER":"LINE_LINEMARKING_D2","LAYER_TYPE":"dashed-line"}},{"type":"Feature","geometry":{"type":"LineString","coordinates":[[144.7103926518414,-37.71907678309775],[144.71057674328026,-37.719098239450375]]},"properties":{"LAYER":"LINE_LINEMARKING_D2","LAYER_TYPE":"dashed-line"}},{"type":"Feature","geometry":{"type":"LineString","coordinates":[[144.71039177500242,-37.71904936655218],[144.71059768018029,-37.71907336404694]]},"properties":{"LAYER":"LINE_LINEMARKING_D2","LAYER_TYPE":"dashed-line"}},{"type":"Feature","geometry":{"type":"LineString","coordinates":[[144.71066327465283,-37.71903566706113],[144.71068946567186,-37.71889651573842]]},"properties":{"LAYER":"LINE_LINEMARKING_D2","LAYER_TYPE":"dashed-line"}},{"type":"Feature","geometry":{"type":"LineString","coordinates":[[144.71066450839464,-37.718846294534785],[144.71068884314147,-37.71871700562143]]},"properties":{"LAYER":"LINE_LINEMARKING_D2","LAYER_TYPE":"dashed-line"}},{"type":"Feature","geometry":{"type":"LineString","coordinates":[[144.71070095682808,-37.71883541754768],[144.71071843016296,-37.71874258265365]]},"properties":{"LAYER":"LINE_LINEMARKING_D2","LAYER_TYPE":"dashed-line"}},{"type":"Feature","geometry":{"type":"LineString","coordinates":[[144.71041217552755,-37.718652544857626],[144.71065918372,-37.718676498413345]]},"properties":{"LAYER":"LINE_LINEMARKING_D2","LAYER_TYPE":"dashed-line"}},{"type":"Feature","geometry":{"type":"LineString","coordinates":[[144.710443627947,-37.71862799533227],[144.71064932329745,-37.71864829136138]]},"properties":{"LAYER":"LINE_LINEMARKING_D2","LAYER_TYPE":"dashed-line"}},{"type":"Feature","geometry":{"type":"LineString","coordinates":[[144.71062593931202,-37.7190513006781],[144.7106575559074,-37.718883232547796]]},"properties":{"LAYER":"LINE_LINEMARKING_D2","LAYER_TYPE":"dashed-line"}},{"type":"Feature","geometry":{"type":"LineString","coordinates":[[144.71047365516685,-37.7190573729726],[144.7104749758706,-37.719048547817344],[144.71047668269816,-37.719039764553514],[144.71047877357847,-37.7190310338379],[144.71048124597448,-37.71902236626358],[144.71048409688635,-37.71901377234691],[144.71048732285487,-37.719005262515026],[144.71049091996585,-37.71899684709289],[144.7104948838548,-37.71898853629106],[144.71049920971217,-37.71898034019301],[144.71050389228924,-37.718972268743116],[144.7105089259045,-37.71896433173453],[144.71051430445056,-37.71895653879724],[144.71052002140152,-37.71894889938647],[144.71052606982087,-37.71894142277111],[144.71053244236992,-37.71893411802257],[144.71053913131675,-37.718926994003745],[144.71054612854562,-37.718920059358204],[144.71055342556667,-37.718913322499766],[144.7105610135263,-37.7189067916023],[144.71056888321797,-37.718900474589724],[144.71057702509333,-37.7188943791265],[144.71058542927375,-37.718888512608274],[144.71059408556235,-37.71888288215286],[144.71060298345645,-37.718877494591716],[144.71061211216022,-37.71887235646156],[144.7106214605977,-37.71886747399649],[144.71063101742635,-37.718862853120434]]},"properties":{"LAYER":"LINE_LINEMARKING_D3","LAYER_TYPE":"dashed-line"}},{"type":"Feature","geometry":{"type":"LineString","coordinates":[[144.71038485850158,-37.71884687403776],[144.71039316642566,-37.71885245421565],[144.71040122853512,-37.71885825745187],[144.71040903534384,-37.71886427691827],[144.71041657766617,-37.718870505532195],[144.71042384662746,-37.71887693596494],[144.71043083367485,-37.71888356065033],[144.71043753058726,-37.71889037179358],[144.71044392948474,-37.71889736138056],[144.71045002283822,-37.718904521187206],[144.7104558034779,-37.718911842789076],[144.71046126460217,-37.71891931757142],[144.71046639978522,-37.718926936739244],[144.7104712029847,-37.71893469132761],[144.710475668549,-37.71894257221235],[144.71047979122372,-37.718950570120576],[144.7104835661579,-37.718958675641744],[144.71048698890968,-37.71896687923871],[144.7104900554517,-37.718975171258926],[144.71049276217565,-37.718983541945754],[144.71049510589663,-37.71899198145],[144.71049708385678,-37.719000479841576],[144.7104986937287,-37.71900902712101],[144.71049993361802,-37.71901761323132],[144.71050080206575,-37.719026228069865],[144.71050129804985,-37.71903486150016],[144.71050142098665,-37.71904350336389],[144.7105011707314,-37.719052143492775],[144.7105005475783,-37.71906077172053]]},"properties":{"LAYER":"LINE_LINEMARKING_D3","LAYER_TYPE":"dashed-line"}},{"type":"Feature","geometry":{"type":"LineString","coordinates":[[144.7105336001876,-37.71866526753475],[144.71053237670867,-37.718672664195374],[144.71053147500356,-37.71868008996737],[144.71053089614463,-37.718687536020504],[144.71053064082028,-37.718694993500534],[144.71053070933422,-37.718702453539514],[144.71053110160514,-37.718709907266536],[144.71053181716658,-37.71871734581817],[144.7105328551678,-37.718724760348984],[144.7105342143746,-37.718732142042164],[144.71053589317074,-37.71873948211992],[144.71053788956007,-37.718746771853965],[144.7105402011687,-37.718754002575835],[144.71054282524787,-37.718761165687276],[144.71054575867734,-37.718768252670394],[144.710548997969,-37.718775255097846],[144.7105525392709,-37.71878216464284],[144.71055637837216,-37.71878897308898],[144.71056051070758,-37.718795672340164],[144.71056493136336,-37.71880225443006],[144.7105696350829,-37.718808711531715],[144.71057461627282,-37.71881503596677],[144.71057986901002,-37.718821220214636],[144.71058538704824,-37.718827256921394],[144.71059116382588,-37.718833138908565],[144.71059719247373,-37.718838859181766],[144.71060346582289,-37.718844410938736],[144.71060997641356,-37.718849787577724],[144.7106167165039,-37.71885498270517],[144.71062367807897,-37.71885999014334],[144.7106308528606,-37.71886480393775]]},"properties":{"LAYER":"LINE_LINEMARKING_D3","LAYER_TYPE":"dashed-line"}},{"type":"Feature","geometry":{"type":"LineString","coordinates":[[144.71038496246425,-37.71885194124694],[144.7103948297815,-37.718847879430136],[144.71040451277543,-37.71884354673755],[144.7104139996663,-37.718838948440215],[144.7104232789128,-37.718834090132084],[144.71043233922634,-37.718828977723575],[144.71044116958473,-37.71882361743415],[144.71044975924536,-37.718818015784855],[144.71045809775865,-37.71881217959034],[144.7104661749804,-37.71880611595064],[144.71047398108442,-37.71879983224242],[144.7104815065742,-37.718793336110124],[144.71048874229484,-37.71878663545658],[144.71049567944374,-37.71877973843342],[144.71050230958164,-37.71877265343121],[144.71050862464276,-37.71876538906914],[144.7105146169446,-37.71875795418469],[144.71052027919745,-37.71875035782265],[144.71052560451298,-37.71874260922436],[144.71053058641283,-37.718734717816346],[144.71053521883638,-37.718726693198796],[144.7105394961482,-37.718718545134024],[144.7105434131449,-37.71871028353451],[144.7105469650614,-37.71870191845083],[144.71055014757684,-37.71869346005942],[144.71055295681955,-37.718684918650304],[144.71055538937216,-37.71867630461445],[144.71055744227556,-37.71866762843114]]},"properties":{"LAYER":"LINE_LINEMARKING_D3","LAYER_TYPE":"dashed-line"}},{"type":"Feature","geometry":{"type":"LineString","coordinates":[[144.7103124829068,-37.71870659839437],[144.70994869757288,-37.71866419727083]]},"properties":{"LAYER":"LINE_LINEMARKING_S1","LAYER_TYPE":"line"}},{"type":"Feature","geometry":{"type":"LineString","coordinates":[[144.7103009581296,-37.71876899201752],[144.70993717250056,-37.71872659084905]]},"properties":{"LAYER":"LINE_LINEMARKING_S1","LAYER_TYPE":"line"}},{"type":"Feature","geometry":{"type":"LineString","coordinates":[[144.71030672052098,-37.71873779520625],[144.70994293503944,-37.718695394060255]]},"properties":{"LAYER":"LINE_LINEMARKING_S1","LAYER_TYPE":"line"}},{"type":"Feature","geometry":{"type":"LineString","coordinates":[[144.71041865228,-37.71943377975838],[144.71040813652385,-37.71946608791538],[144.71039596682135,-37.71950080165853],[144.7103904865059,-37.71951561239846],[144.71038327621727,-37.71953519941884],[144.71037122709362,-37.71956993968966],[144.71036005498613,-37.71960486442151],[144.71034976436465,-37.719639959645605],[144.71034035934628,-37.71967521132493],[144.7103318436941,-37.719710605359914],[144.7103248126147,-37.71974316483754]]},"properties":{"LAYER":"LINE_LINEMARKING_S1","LAYER_TYPE":"line"}},{"type":"Feature","geometry":{"type":"LineString","coordinates":[[144.71040726279114,-37.71938885235108],[144.71040208757827,-37.71941469066197],[144.7103997270655,-37.71942438289273],[144.7103911105546,-37.71945976213536],[144.71038249403472,-37.71949514137688],[144.71037387750573,-37.71953052061732],[144.71036526096768,-37.71956589985665],[144.7103566444207,-37.71960127909489],[144.7103480278646,-37.71963665833204],[144.71033941129946,-37.71967203756811],[144.71033742765246,-37.71968018232977],[144.71033194061556,-37.719707577216575],[144.7103248126147,-37.71974316483754],[144.71032422081532,-37.71974612759399],[144.71032384220436,-37.719748009754525],[144.71031768460603,-37.71977875245765],[144.7103169884702,-37.71978222801504],[144.71031055658975,-37.7198143400769],[144.71030986045315,-37.719817815634215],[144.71030342856577,-37.719849927695314],[144.7103027324284,-37.71985340325252],[144.7102963005341,-37.71988551531287]]},"properties":{"LAYER":"LINE_LINEMARKING_S1","LAYER_TYPE":"line"}},{"type":"Feature","geometry":{"type":"LineString","coordinates":[[144.70907075189638,-37.71862521458614],[144.7090319787579,-37.71861992921662],[144.70898736752392,-37.71861339420074],[144.70894287518482,-37.71860636632939],[144.70889851051984,-37.718598846395665],[144.70885428215158,-37.718590835877514],[144.70881019850623,-37.71858233688202],[144.70877918360864,-37.71857604636797],[144.70875404912778,-37.718570843714595],[144.70871015123103,-37.71856175715716],[144.70866625334577,-37.71855267058372],[144.70862235547204,-37.71854358399424],[144.70857845760983,-37.71853449738872],[144.70853455975922,-37.71852541076718],[144.70849066192005,-37.71851632412963],[144.7084467640924,-37.71850723747604],[144.70841578849132,-37.71850082565435],[144.70837355193729,-37.71849242610834],[144.7083293396566,-37.71848436138154],[144.70828493319064,-37.71847700062215],[144.70824035031816,-37.718470346698325],[144.7081956088262,-37.718464402466246],[144.70816395223542,-37.718460636027025],[144.70813347285724,-37.718457184391426],[144.70808856323274,-37.718452098588386],[144.70804365361522,-37.71844701276846],[144.7079987440047,-37.71844192693158],[144.7079538344012,-37.718436841077796],[144.70790892480474,-37.71843175520706],[144.70786401521525,-37.71842666931942],[144.7078191056328,-37.71842158341483],[144.7077741960574,-37.71841649749334],[144.70772928648893,-37.71841141155489],[144.70768444298122,-37.718406333080054],[144.70763946737313,-37.718401239627234],[144.70759455782573,-37.71839615363801],[144.7075496482854,-37.71839106763187],[144.70750473875202,-37.71838598160878],[144.70745982922566,-37.718380895568785],[144.70741491970634,-37.71837580951185],[144.707370010194,-37.718370723438],[144.70733279802627,-37.71836650908726]]},"properties":{"LAYER":"LINE_LINEMARKING_S1","LAYER_TYPE":"line"}},{"type":"Feature","geometry":{"type":"LineString","coordinates":[[144.70903040122687,-37.71873922173891],[144.70900708840412,-37.71873636470821],[144.708962309323,-37.71873059820578],[144.70891760496036,-37.71872447684184],[144.7088729797663,-37.71871800122575],[144.70882843831643,-37.71871117146774],[144.70878398549425,-37.718703986609285],[144.70873962520758,-37.718696449548645],[144.70869536187232,-37.7186885610362],[144.70865119989466,-37.718680321857235],[144.70860714400425,-37.718671731775046],[144.70856319881145,-37.7186627910842],[144.7085193681974,-37.71865350230486],[144.7084756565253,-37.718643866361795],[144.70843206814635,-37.718633884214164],[144.70838860799873,-37.718623555292226],[144.70834528027544,-37.71861288111694],[144.70830208888768,-37.718601863836795],[144.708259038135,-37.7185905045486],[144.70821613230277,-37.71857880438307],[144.70821576877918,-37.718578703910126],[144.70817418853892,-37.71856717613351],[144.70813135840663,-37.71855530181584],[144.7080885282887,-37.718543427483034],[144.70804569818523,-37.718531553135065],[144.70800286809612,-37.71851967877194],[144.7079600380214,-37.718507804393674],[144.70791720796106,-37.71849593000025],[144.70787437791515,-37.71848405559165],[144.70784448752153,-37.718475768623385],[144.7078315387125,-37.71847220212916],[144.70778855143604,-37.718460692688794],[144.7077453747718,-37.71844963966944],[144.7077020166028,-37.71843904450294],[144.70765848461554,-37.7184289090675],[144.707614786527,-37.71841923515995],[144.70757092955878,-37.71841002611901],[144.70752692193938,-37.718401282382615],[144.70748277161195,-37.718393005086476],[144.70743848640325,-37.71838519569786],[144.7073940741639,-37.71837785560124],[144.70734954234962,-37.71837098787227],[144.7073324141587,-37.718368534072674]]},"properties":{"LAYER":"LINE_LINEMARKING_S1","LAYER_TYPE":"line"}},{"type":"Feature","geometry":{"type":"LineString","coordinates":[[144.71061181119987,-37.718296556982],[144.71061778369597,-37.71827800487684],[144.7106296943521,-37.71824323451728],[144.7106424779811,-37.71820866032513],[144.7106437076193,-37.718205464232405],[144.71065533082003,-37.71817435541885],[144.71066740987123,-37.7181396217401],[144.7106786117673,-37.7181047030559],[144.71068893210818,-37.71806961336185],[144.7106914751273,-37.71806191210827]]},"properties":{"LAYER":"LINE_LINEMARKING_S1","LAYER_TYPE":"line"}},{"type":"Feature","geometry":{"type":"LineString","coordinates":[[144.71062132610524,-37.71834874722021],[144.71062210883673,-37.718344866637516],[144.71062978157335,-37.71830935118175],[144.71063680461177,-37.71828006373361],[144.71063833360762,-37.71827396260482],[144.7106471905507,-37.71823862085824],[144.71065604748455,-37.71820327911052],[144.71066490440913,-37.71816793736165],[144.71067376132447,-37.71813259561167],[144.71068261823046,-37.71809725386054],[144.7106914751273,-37.71806191210827],[144.71069836709353,-37.718034366756214],[144.71069971385285,-37.718029037016045],[144.71070027177282,-37.718026561309166],[144.7107069129522,-37.71799897733158],[144.71070826551832,-37.71799108994942],[144.71071456626862,-37.717963459237595],[144.71071519220556,-37.717960353511145],[144.7107161436393,-37.71795560306368],[144.7107218061522,-37.71792733048656],[144.7107232712385,-37.71792001539738],[144.71072893374523,-37.717891742819596],[144.7107303988299,-37.71788442773024],[144.7107360613306,-37.717856155151786],[144.71073752641368,-37.717848840062274]]},"properties":{"LAYER":"LINE_LINEMARKING_S1","LAYER_TYPE":"line"}},{"type":"Feature","geometry":{"type":"LineString","coordinates":[[144.71042552459,-37.71909700401475],[144.71038097519667,-37.719319426709475]]},"properties":{"LAYER":"LINE_LINEMARKING_S1","LAYER_TYPE":"line"}},{"type":"Feature","geometry":{"type":"LineString","coordinates":[[144.71105277412417,-37.71897498490426],[144.71070300107314,-37.718934219361394]]},"properties":{"LAYER":"LINE_LINEMARKING_S1","LAYER_TYPE":"line"}},{"type":"Feature","geometry":{"type":"LineString","coordinates":[[144.71104661315977,-37.71903800368668],[144.7106912620294,-37.71899658802457]]},"properties":{"LAYER":"LINE_LINEMARKING_S1","LAYER_TYPE":"line"}},{"type":"Feature","geometry":{"type":"LineString","coordinates":[[144.71104567120912,-37.71900602549287],[144.71069713155407,-37.71896540369329]]},"properties":{"LAYER":"LINE_LINEMARKING_S1","LAYER_TYPE":"line"}},{"type":"Feature","geometry":{"type":"LineString","coordinates":[[144.7106516407365,-37.71839806598045],[144.71060591960116,-37.71862634513481]]},"properties":{"LAYER":"LINE_LINEMARKING_S1","LAYER_TYPE":"line"}},{"type":"Feature","geometry":{"type":"LineString","coordinates":[[144.70840892748427,-37.718459779618044],[144.70899358348782,-37.718550121766235]]},"properties":{"LAYER":"LINE_LINEMARKING_S1","LAYER_TYPE":"line"}},{"type":"Feature","geometry":{"type":"LineString","coordinates":[[144.70783140768282,-37.71850553835485],[144.70773809211673,-37.71848087696928],[144.70764390864085,-37.718458393773886],[144.70754893780935,-37.7184381079978],[144.7074532608495,-37.718420036990814],[144.70735695959223,-37.71840419620839]]},"properties":{"LAYER":"LINE_LINEMARKING_S1","LAYER_TYPE":"line"}},{"type":"Feature","geometry":{"type":"LineString","coordinates":[[144.70847912488298,-37.71868511277175],[144.7078314076833,-37.718505538354975]]},"properties":{"LAYER":"LINE_LINEMARKING_S1","LAYER_TYPE":"line"}},{"type":"Feature","geometry":{"type":"LineString","coordinates":[[144.71074058073674,-37.718034267559545],[144.71072975434956,-37.71809495933156],[144.71072153314475,-37.718155908522085],[144.71071592664404,-37.71821704458686]]},"properties":{"LAYER":"LINE_LINEMARKING_S1","LAYER_TYPE":"line"}},{"type":"Feature","geometry":{"type":"LineString","coordinates":[[144.71060628898115,-37.71815052459988],[144.71062855165815,-37.7180943335345],[144.71064848997955,-37.71803759437583],[144.71066608263695,-37.717980367776526],[144.71068131082984,-37.71792271491018],[144.71069415828515,-37.717864697405936]]},"properties":{"LAYER":"LINE_LINEMARKING_S1","LAYER_TYPE":"line"}},{"type":"Feature","geometry":{"type":"LineString","coordinates":[[144.7107405807366,-37.71803426756032],[144.71076074075495,-37.71803681542711]]},"properties":{"LAYER":"LINE_LINEMARKING_S1","LAYER_TYPE":"line"}},{"type":"Feature","geometry":{"type":"LineString","coordinates":[[144.71069415828526,-37.717864697405155],[144.71067399831605,-37.71786214952848]]},"properties":{"LAYER":"LINE_LINEMARKING_S1","LAYER_TYPE":"line"}},{"type":"Feature","geometry":{"type":"LineString","coordinates":[[144.71060628898107,-37.718150524600134],[144.71058146790583,-37.71821350724763]]},"properties":{"LAYER":"LINE_LINEMARKING_S1","LAYER_TYPE":"line"}},{"type":"Feature","geometry":{"type":"LineString","coordinates":[[144.71028314302242,-37.71975053579433],[144.71026501792176,-37.71974824506915]]},"properties":{"LAYER":"LINE_LINEMARKING_S1","LAYER_TYPE":"line"}},{"type":"Feature","geometry":{"type":"LineString","coordinates":[[144.71034407596537,-37.71984766045211],[144.71036423645543,-37.719850208401624]]},"properties":{"LAYER":"LINE_LINEMARKING_S1","LAYER_TYPE":"line"}},{"type":"Feature","geometry":{"type":"LineString","coordinates":[[144.71042435207656,-37.71958029774437],[144.7104041989373,-37.71963294116828],[144.71038607881061,-37.71968604886797],[144.71037000859974,-37.71973957131517],[144.71035600329606,-37.71979345859478],[144.71034407596554,-37.71984766045134]]},"properties":{"LAYER":"LINE_LINEMARKING_S1","LAYER_TYPE":"line"}},{"type":"Feature","geometry":{"type":"LineString","coordinates":[[144.7107405807366,-37.71803426756032],[144.7107982477731,-37.71774633835588]]},"properties":{"LAYER":"LINE_LINEMARKING_S1","LAYER_TYPE":"line"}},{"type":"Feature","geometry":{"type":"LineString","coordinates":[[144.71071969715476,-37.71773718320547],[144.71069415828526,-37.717864697405155]]},"properties":{"LAYER":"LINE_LINEMARKING_S1","LAYER_TYPE":"line"}},{"type":"Feature","geometry":{"type":"LineString","coordinates":[[144.71031962632222,-37.71995254641628],[144.71034407596537,-37.71984766045211]]},"properties":{"LAYER":"LINE_LINEMARKING_S1","LAYER_TYPE":"line"}},{"type":"Feature","geometry":{"type":"LineString","coordinates":[[144.71028314302242,-37.71975053579433],[144.71024467652455,-37.71994258434109]]},"properties":{"LAYER":"LINE_LINEMARKING_S1","LAYER_TYPE":"line"}},{"type":"Feature","geometry":{"type":"LineString","coordinates":[[144.71181356713245,-37.71912738727695],[144.71104661315977,-37.71903800368668]]},"properties":{"LAYER":"LINE_LINEMARKING_D4","LAYER_TYPE":"dashed-line"}},{"type":"Feature","geometry":{"type":"LineString","coordinates":[[144.71182509071846,-37.719064993469786],[144.71105277412417,-37.71897498490426]]},"properties":{"LAYER":"LINE_LINEMARKING_D4","LAYER_TYPE":"dashed-line"}},{"type":"Feature","geometry":{"type":"LineString","coordinates":[[144.70993717250056,-37.71872659084905],[144.70917887635804,-37.718638203615484]]},"properties":{"LAYER":"LINE_LINEMARKING_D4","LAYER_TYPE":"dashed-line"}},{"type":"Feature","geometry":{"type":"LineString","coordinates":[[144.70994869757288,-37.71866419727083],[144.7092349517088,-37.71858100299217]]},"properties":{"LAYER":"LINE_LINEMARKING_D4","LAYER_TYPE":"dashed-line"}},{"type":"Feature","geometry":{"type":"LineString","coordinates":[[144.71038097519667,-37.719319426709475],[144.7103705012197,-37.71937423132865],[144.71036212408362,-37.71942926302999],[144.71035585149713,-37.71948447120304],[144.71034446305444,-37.71960544746354],[144.71033796653907,-37.719662321410205],[144.7103292042248,-37.71971900324387]]},"properties":{"LAYER":"LINE_LINEMARKING_D4","LAYER_TYPE":"dashed-line"}},{"type":"Feature","geometry":{"type":"LineString","coordinates":[[144.71070267204234,-37.71802286581566],[144.71069365681475,-37.71807228158303],[144.710686368826,-37.718121876817165],[144.71068081367673,-37.718171613429256],[144.7106734992502,-37.71824931838158],[144.7106516407365,-37.71839806598045]]},"properties":{"LAYER":"LINE_LINEMARKING_D4","LAYER_TYPE":"dashed-line"}},{"type":"Feature","geometry":{"type":"LineString","coordinates":[[144.710293990048,-37.71891841679159],[144.70970697348616,-37.71884999634669]]},"properties":{"LAYER":"LINE_LINEMARKING_D1","LAYER_TYPE":"dashed-line"}},{"type":"Feature","geometry":{"type":"LineString","coordinates":[[144.71131428908802,-37.71885522663466],[144.7107104739785,-37.71878485346941]]},"properties":{"LAYER":"LINE_LINEMARKING_D1","LAYER_TYPE":"dashed-line"}},{"type":"Feature","geometry":{"type":"LineString","coordinates":[[144.71183831579947,-37.71909840310636],[144.71104567120912,-37.71900602549287]]},"properties":{"LAYER":"LINE_LINEMARKING_D1","LAYER_TYPE":"dashed-line"}},{"type":"Feature","geometry":{"type":"LineString","coordinates":[[144.70994293503944,-37.718695394060255],[144.70918532668864,-37.71860708700911]]},"properties":{"LAYER":"LINE_LINEMARKING_D1","LAYER_TYPE":"dashed-line"}},{"type":"Feature","geometry":{"type":"Polygon","coordinates":[[[144.71061112612318,-37.719062354497126],[144.7106147050012,-37.71905966510296],[144.71061839670134,-37.71905707372463],[144.71062219697166,-37.71905458334672],[144.71062610143505,-37.719052196837545],[144.71063010559462,-37.719049916945735],[144.7106342048386,-37.7190477462972],[144.71063839444568,-37.71904568739197],[144.7106426695904,-37.71904374260139],[144.71064702534892,-37.7190419141654],[144.71065145670443,-37.71904020418985],[144.7106559585532,-37.719038614644276],[144.71066052571007,-37.71903714735938],[144.7106651529149,-37.719035804025104],[144.71066983483837,-37.7190345861887],[144.71067184235721,-37.719039750886985],[144.7106566220083,-37.719070964870554],[144.7106229729464,-37.719066968443755],[144.71061588561074,-37.71906621755746],[144.71061112612318,-37.719062354497126],[144.71061112612318,-37.719062354497126]]]},"properties":{"LAYER":"POLY_PRAM_CROSSING","LAYER_TYPE":"fill-extrusion"}},{"type":"Feature","geometry":{"type":"Polygon","coordinates":[[[144.71060745648515,-37.719065311987514],[144.710612387987,-37.71906903641564],[144.71061593289247,-37.719075491111184],[144.71061099378215,-37.719102231249636],[144.71057982260768,-37.719105930705844],[144.7105739285098,-37.71910322960853],[144.7105803890059,-37.71909464860342],[144.71058718590373,-37.71908623317111],[144.71059431248426,-37.719077991630385],[144.7105973829926,-37.71907468414438],[144.7106005999162,-37.71907146566978],[144.71060395916928,-37.71906834029431],[144.71060745648515,-37.719065311987514],[144.71060745648515,-37.719065311987514]]]},"properties":{"LAYER":"POLY_PRAM_CROSSING","LAYER_TYPE":"fill-extrusion"}},{"type":"Feature","geometry":{"type":"Polygon","coordinates":[[[144.71067783186254,-37.71871032978452],[144.71068136348092,-37.71871403019705],[144.71068505001205,-37.71871763401057],[144.71068888727174,-37.71872113713481],[144.7106928709047,-37.718724535593694],[144.71069699638954,-37.71872782552995],[144.7107012590438,-37.718731003209506],[144.71070565402948,-37.71873406502571],[144.7107101763582,-37.71873700750335],[144.71071482089707,-37.71873982730276],[144.7107195823747,-37.718742521223426],[144.71072445538667,-37.71874508620773],[144.71072811793888,-37.71874053070255],[144.71072450443796,-37.71871031029246],[144.7106908555337,-37.71870631389],[144.71068332278833,-37.71870713727804],[144.71067783186248,-37.71871032978452],[144.71067783186254,-37.71871032978452]]]},"properties":{"LAYER":"POLY_PRAM_CROSSING","LAYER_TYPE":"fill-extrusion"}},{"type":"Feature","geometry":{"type":"Polygon","coordinates":[[[144.71065823709444,-37.71868298220927],[144.7106661892028,-37.718683909033345],[144.71067194387618,-37.71867775079576],[144.71067688292848,-37.718651010651364],[144.71065186407967,-37.71864126573705],[144.71064494260168,-37.718640459032564],[144.71064549430923,-37.71864483711766],[144.7106462216502,-37.71864919898384],[144.71064712388358,-37.718653540186416],[144.71064820008988,-37.71865785630156],[144.7106494491725,-37.71866214293108],[144.7106508698587,-37.71866639570684],[144.71065246070071,-37.7186706102952],[144.71065422007757,-37.7186747824014],[144.71065614619633,-37.71867890777404],[144.71065823709444,-37.71868298220927]]]},"properties":{"LAYER":"POLY_PRAM_CROSSING","LAYER_TYPE":"fill-extrusion"}},{"type":"Feature","geometry":{"type":"Polygon","coordinates":[[[144.710448622602,-37.71861930691208],[144.71044293605414,-37.718616338359105],[144.7104055869618,-37.71861939060833],[144.71040064781496,-37.718646130738364],[144.71040146559477,-37.71865206184997],[144.71040536889254,-37.71865648940611],[144.710409389157,-37.71865417051435],[144.71041330717046,-37.71865174369622],[144.71041711834314,-37.718649211794435],[144.7104208182109,-37.718646577774855],[144.71042440243968,-37.71864384472289],[144.710427866831,-37.71864101584008],[144.7104312073267,-37.7186380944401],[144.7104344200138,-37.718635083945074],[144.71043750112895,-37.71863198788141],[144.71044044706306,-37.71862880987583],[144.710448622602,-37.71861930691208],[144.710448622602,-37.71861930691208]]]},"properties":{"LAYER":"POLY_PRAM_CROSSING","LAYER_TYPE":"fill-extrusion"}},{"type":"Feature","geometry":{"type":"Polygon","coordinates":[[[144.71038666558547,-37.71866531326466],[144.71038363900598,-37.718660472089645],[144.71037687692586,-37.71865584581644],[144.7103432144532,-37.71865192234126],[144.71033060444773,-37.718671734459335],[144.71033102276667,-37.71867712952208],[144.71033583958467,-37.71867682985913],[144.71034064118055,-37.718676403027686],[144.71034542223524,-37.71867584950058],[144.71035017745226,-37.71867516989102],[144.7103549015638,-37.718674364951866],[144.7103595893366,-37.71867343557478],[144.71036423557754,-37.71867238278934],[144.71036883513963,-37.718671207761844],[144.71037338292737,-37.718669911793945],[144.71037787390293,-37.71866849632129],[144.71038230309117,-37.71866696291196],[144.71038666558547,-37.71866531326466],[144.71038666558547,-37.71866531326466]]]},"properties":{"LAYER":"POLY_PRAM_CROSSING","LAYER_TYPE":"fill-extrusion"}},{"type":"Feature","geometry":{"type":"Polygon","coordinates":[[[144.71028079150045,-37.71894727674617],[144.7102788619914,-37.71895246017084],[144.71028422166128,-37.71897130128795],[144.71031788427373,-37.7189752247844],[144.71032635821294,-37.71897143678584],[144.71033044663884,-37.71896711593326],[144.7103263370958,-37.71896474420654],[144.71032213282407,-37.71896247966768],[144.71031783825242,-37.71896032470223],[144.71031345790504,-37.718958281580264],[144.7103089963962,-37.718956352454086],[144.7103044584258,-37.7189545393559],[144.71029984877435,-37.7189528441956],[144.71029517229763,-37.71895126875898],[144.7102904339221,-37.71894981470564],[144.71028563863916,-37.71894848356729],[144.71028079150045,-37.71894727674617],[144.71028079150045,-37.71894727674617]]]},"properties":{"LAYER":"POLY_PRAM_CROSSING","LAYER_TYPE":"fill-extrusion"}},{"type":"Feature","geometry":{"type":"Polygon","coordinates":[[[144.7103828030608,-37.7190416229021],[144.71037438346448,-37.719046979542426],[144.71036937648765,-37.71907371171245],[144.71038477256226,-37.71908238105402],[144.7103915161932,-37.719083103120184],[144.71039214457974,-37.71907884710194],[144.71039258794372,-37.71907457640905],[144.71039284575838,-37.71907029611547],[144.71039291771737,-37.71906601130657],[144.71039280373526,-37.71906172707304],[144.71039250394756,-37.71905744850495],[144.71039201871045,-37.71905318068556],[144.7103913486004,-37.71904892868541],[144.71039049441367,-37.71904469755624],[144.71038945716506,-37.71904049232496],[144.7103828030608,-37.7190416229021],[144.7103828030608,-37.7190416229021]]]},"properties":{"LAYER":"POLY_PRAM_CROSSING","LAYER_TYPE":"fill-extrusion"}},{"type":"Feature","geometry":{"type":"Polygon","coordinates":[[[144.70768183289348,-37.718432873410435],[144.70768861703485,-37.71843446091181],[144.70772567799952,-37.71841236788213],[144.70771773903508,-37.71841146880472],[144.70768183289348,-37.718432873410435]]]},"properties":{"LAYER":"POLY_LINEMARKING_P1","LAYER_TYPE":"fill"}},{"type":"Feature","geometry":{"type":"Polygon","coordinates":[[[144.70761674290952,-37.71841825693135],[144.70762366925655,-37.7184197596622],[144.70765037469707,-37.71840383985875],[144.70764243573475,-37.71840294077634],[144.70761674290952,-37.71841825693135]]]},"properties":{"LAYER":"POLY_LINEMARKING_P1","LAYER_TYPE":"fill"}},{"type":"Feature","geometry":{"type":"Polygon","coordinates":[[[144.70755026901094,-37.71840446541904],[144.70755734435474,-37.71840587933135],[144.70757507141434,-37.71839531178781],[144.7075671324541,-37.71839441270037],[144.70755026901094,-37.71840446541904]]]},"properties":{"LAYER":"POLY_LINEMARKING_P1","LAYER_TYPE":"fill"}},{"type":"Feature","geometry":{"type":"Polygon","coordinates":[[[144.70748234290545,-37.718391539581205],[144.7074895747927,-37.718392860176586],[144.70749976815134,-37.71838678366926],[144.70749182919323,-37.718385884576804],[144.70748234290545,-37.718391539581205]]]},"properties":{"LAYER":"POLY_LINEMARKING_P1","LAYER_TYPE":"fill"}},{"type":"Feature","geometry":{"type":"Polygon","coordinates":[[[144.71038543368232,-37.7195244205548],[144.71038743793162,-37.71951901464625],[144.71038027484414,-37.71951136776969],[144.71037881635291,-37.719517356296585],[144.71038543368232,-37.7195244205548]]]},"properties":{"LAYER":"POLY_LINEMARKING_P1","LAYER_TYPE":"fill"}},{"type":"Feature","geometry":{"type":"Polygon","coordinates":[[[144.71389319604515,-37.719154848986435],[144.71389154015975,-37.71915580312872],[144.71388351789685,-37.71915486096303],[144.7138933275696,-37.71914920850479],[144.71389420558828,-37.71914942493645],[144.71389319604515,-37.719154848986435]]]},"properties":{"LAYER":"POLY_LINEMARKING_P1","LAYER_TYPE":"fill"}},{"type":"Feature","geometry":{"type":"Polygon","coordinates":[[[144.71381544674787,-37.71914686640035],[144.7138074244871,-37.719145924229565],[144.71382917068786,-37.719133393809514],[144.71383593452188,-37.71913506109907],[144.71381544674787,-37.71914686640035]]]},"properties":{"LAYER":"POLY_LINEMARKING_P1","LAYER_TYPE":"fill"}},{"type":"Feature","geometry":{"type":"Polygon","coordinates":[[[144.71373935335671,-37.71913792962341],[144.7137313310982,-37.719136987447484],[144.71376501383506,-37.719117579080105],[144.71377177766604,-37.71911924637327],[144.71373935335671,-37.71913792962341]]]},"properties":{"LAYER":"POLY_LINEMARKING_P1","LAYER_TYPE":"fill"}},{"type":"Feature","geometry":{"type":"Polygon","coordinates":[[[144.71366325998636,-37.7191289927979],[144.71365523773005,-37.719128050616845],[144.7136945929966,-37.71910537370858],[144.71370257537117,-37.71910633886618],[144.71366325998636,-37.7191289927979]]]},"properties":{"LAYER":"POLY_LINEMARKING_P1","LAYER_TYPE":"fill"}},{"type":"Feature","geometry":{"type":"Polygon","coordinates":[[[144.71358716663684,-37.71912005592378],[144.71357914438266,-37.71911911373764],[144.71361887793972,-37.71909621889052],[144.71362686031205,-37.71909718405319],[144.71358716663684,-37.71912005592378]]]},"properties":{"LAYER":"POLY_LINEMARKING_P1","LAYER_TYPE":"fill"}},{"type":"Feature","geometry":{"type":"Polygon","coordinates":[[[144.71351084598223,-37.71911124998808],[144.71355114527404,-37.719088029192115],[144.713543162904,-37.71908706402436],[144.71350271017928,-37.71911037322576],[144.71351084598223,-37.71911124998808]]]},"properties":{"LAYER":"POLY_LINEMARKING_P1","LAYER_TYPE":"fill"}},{"type":"Feature","geometry":{"type":"Polygon","coordinates":[[[144.71343271966654,-37.71910348445039],[144.7134754302572,-37.71907887428296],[144.71346744788934,-37.719077909110155],[144.71342435541314,-37.71910273931868],[144.71343271966654,-37.71910348445039]]]},"properties":{"LAYER":"POLY_LINEMARKING_P1","LAYER_TYPE":"fill"}},{"type":"Feature","geometry":{"type":"Polygon","coordinates":[[[144.71039730279347,-37.719492197342475],[144.71039924748158,-37.719486727851645],[144.71038895249342,-37.71947573754631],[144.71038749400373,-37.71948172607339],[144.71039730279347,-37.719492197342475]]]},"properties":{"LAYER":"POLY_LINEMARKING_P1","LAYER_TYPE":"fill"}},{"type":"Feature","geometry":{"type":"Polygon","coordinates":[[[144.71040861929677,-37.71945938420952],[144.7104104604966,-37.71945380424258],[144.7103976301335,-37.719440107321816],[144.71039617164536,-37.71944609584908],[144.71040861929677,-37.71945938420952]]]},"properties":{"LAYER":"POLY_LINEMARKING_P1","LAYER_TYPE":"fill"}},{"type":"Feature","geometry":{"type":"Polygon","coordinates":[[[144.7106311518318,-37.718244106440125],[144.7106410033222,-37.71825638846097],[144.71064260395653,-37.71825000147034],[144.7106332266687,-37.71823831064557],[144.7106311518318,-37.718244106440125]]]},"properties":{"LAYER":"POLY_LINEMARKING_P1","LAYER_TYPE":"fill"}},{"type":"Feature","geometry":{"type":"Polygon","coordinates":[[[144.71064376104502,-37.71820995263551],[144.71065052668777,-37.71821838747911],[144.7106521273203,-37.71821200048827],[144.7106459403418,-37.718204287075146],[144.71064533401065,-37.718205860389276],[144.71064376104502,-37.71820995263551]]]},"properties":{"LAYER":"POLY_LINEMARKING_P1","LAYER_TYPE":"fill"}},{"type":"Feature","geometry":{"type":"Polygon","coordinates":[[[144.71061919181503,-37.71827906962247],[144.71063154048332,-37.718294464914464],[144.71063309964453,-37.71828802621657],[144.71062115508622,-37.71827313473473],[144.71061919181503,-37.71827906962247]]]},"properties":{"LAYER":"POLY_LINEMARKING_P1","LAYER_TYPE":"fill"}},{"type":"Feature","geometry":{"type":"Polygon","coordinates":[[[144.7128587752941,-37.71931315327998],[144.71341425346316,-37.719377906377964],[144.7134414983518,-37.71914011120278],[144.71333172713165,-37.719131306035536],[144.71322165112875,-37.71912536901796],[144.71311138907106,-37.71912230655334],[144.71300105988692,-37.719122121944366],[144.7128907825772,-37.719124815389776],[144.7128587752941,-37.71931315327998]]]},"properties":{"LAYER":"POLY_KERB_1","LAYER_TYPE":"fill-extrusion"}},{"type":"Feature","geometry":{"type":"Polygon","coordinates":[[[144.711153589609,-37.71896902282758],[144.7111450480206,-37.7189629056242],[144.71114451417134,-37.71896252329896],[144.7111444808058,-37.718962499403645],[144.71114447597338,-37.718962498673726],[144.7111444703847,-37.71896250052322],[144.7111444592073,-37.71896250422222],[144.71114443685255,-37.718962511620184],[144.71114434743347,-37.71896254121212],[144.71114416859535,-37.71896260039599],[144.71114381091908,-37.71896271876373],[144.71114238021406,-37.71896319223467],[144.71113951880398,-37.71896413917648],[144.71113379598353,-37.718966033059914],[144.71113236527842,-37.718966506530705],[144.71113227585937,-37.71896653612264],[144.71113227027067,-37.71896653797213],[144.71113227277758,-37.7189665384317],[144.71113227894793,-37.71896653915224],[144.71113229128872,-37.7189665405933],[144.7111323159702,-37.71896654347541],[144.71113241469624,-37.718966555003895],[144.7111326121483,-37.71896657806089],[144.71113300705244,-37.71896662417489],[144.71113458666898,-37.71896680863084],[144.71113774590202,-37.71896717754261],[144.71113853571026,-37.71896726977054],[144.7111389306144,-37.718967315884505],[144.71113897997745,-37.71896732164875],[144.71113900465895,-37.718967324530865],[144.71113900978457,-37.71896732586851],[144.71113901073244,-37.71896732967472],[144.71113901263354,-37.71896733728765],[144.71113902810592,-37.71896739821534],[144.71113906046153,-37.71896752018917],[144.7111391308626,-37.718967764522795],[144.71113920893313,-37.71896800919916],[144.71113929476317,-37.71896825400645],[144.71113938843126,-37.718968498726795],[144.7111394900039,-37.7189687431367],[144.71113959953465,-37.71896898700775],[144.711139717064,-37.718969230106744],[144.71113984261845,-37.718969472196754],[144.7111399762103,-37.71896971303733],[144.71114011783723,-37.71896995238546],[144.71114026748174,-37.71897018999605],[144.7111404251109,-37.718970425622786],[144.71114059067637,-37.71897065901884],[144.71114076411382,-37.71897088993754],[144.71114094534315,-37.718971118133304],[144.7111411342683,-37.71897134336229],[144.71114133077725,-37.71897156538338],[144.71114153474238,-37.718971783958814],[144.71114174602033,-37.71897199885507],[144.71114196445265,-37.71897220984365],[144.71114218986583,-37.71897241670193],[144.7111424220719,-37.718972619213794],[144.71114266086883,-37.71897281717047],[144.71114290604126,-37.71897301037123],[144.71114315736105,-37.71897319862395],[144.71114341458792,-37.71897338174598],[144.71114367747023,-37.7189735595645],[144.71114394574607,-37.718973731917174],[144.71114421914365,-37.71897389865261],[144.7111444973827,-37.71897405963087],[144.71114478017498,-37.71897421472372],[144.71114506722554,-37.71897436381502],[144.7111453582337,-37.718974506801054],[144.71114565289392,-37.71897464359062],[144.7111459508969,-37.71897477410515],[144.71114625193061,-37.71897489827893],[144.7111465556815,-37.71897501605894],[144.71114686183498,-37.71897512740492],[144.711147170077,-37.71897523228921],[144.71114748009472,-37.71897533069662],[144.7111477915774,-37.718975422624226],[144.71114810421747,-37.71897550808098],[144.7111484177113,-37.71897558708761],[144.71114873176012,-37.71897565967608],[144.71114904607055,-37.718975725889294],[144.71114936035568,-37.718975785780515],[144.71114967433533,-37.71897583941321],[144.71114998773703,-37.71897588686017],[144.71115030029642,-37.71897592820324],[144.7111506117577,-37.718975963532785],[144.71115068942228,-37.71897597143688],[144.71115072822192,-37.71897597525079],[144.7111507330703,-37.718975975721065],[144.71115073549433,-37.71897597595565],[144.71115074517118,-37.71897597707327],[144.7111507911316,-37.71897598242696],[144.71115088305228,-37.71897599313433],[144.7111516184179,-37.718976078793276],[144.7111530891492,-37.718976250111155],[144.7111648549998,-37.71897762065345],[144.71117073792533,-37.71897830592417],[144.71117367938808,-37.7189786485594],[144.71117515011952,-37.718978819876995],[144.7111755178024,-37.71897886270641],[144.71117570164378,-37.7189788841211],[144.71117579356454,-37.718978894828446],[144.7111758165447,-37.71897889750529],[144.7111758280348,-37.71897889884371],[144.71117583377986,-37.7189788995129],[144.71117583650104,-37.718978899607606],[144.71117583710398,-37.7189788963434],[144.71117584675025,-37.71897884411646],[144.71117600109102,-37.718978008485315],[144.7111761554318,-37.718977172854146],[144.71117616507811,-37.71897712062722],[144.71117616568097,-37.71897711736301],[144.7111761336112,-37.718977113405415],[144.71117606480408,-37.718977105391176],[144.7111759271899,-37.71897708936267],[144.71117565196153,-37.71897705730562],[144.7111745510479,-37.71897692907748],[144.7111723492207,-37.71897667262116],[144.71116794556627,-37.71897615970842],[144.71115913825773,-37.71897513388247],[144.71115803734415,-37.71897500565419],[144.7111574868874,-37.71897494154003],[144.7111574180803,-37.71897493352576],[144.71115738367678,-37.71897492951863],[144.71115737644686,-37.718974928675614],[144.71115737470092,-37.718974928467595],[144.71115737120886,-37.718974928050706],[144.71115734326452,-37.71897492467831],[144.71115728733585,-37.718974917733185],[144.71115706313802,-37.71897488726267],[144.71115683830308,-37.71897485243895],[144.7111566130174,-37.71897481320125],[144.71115638747315,-37.71897476949512],[144.7111561618683,-37.71897472127265],[144.71115593640582,-37.71897466849285],[144.71115571129346,-37.71897461112206],[144.71115548674325,-37.7189745491342],[144.7111552629708,-37.71897448251112],[144.71115504019497,-37.718974411242904],[144.71115481863706,-37.71897433532795],[144.71115459852035,-37.718974254773364],[144.71115438006933,-37.71897416959507],[144.71115416350915,-37.71897407981791],[144.71115394906477,-37.718973985475806],[144.7111537369603,-37.718973886611764],[144.71115352741845,-37.718973783277896],[144.71115332065943,-37.71897367553552],[144.71115311690073,-37.71897356345487],[144.7111529163558,-37.71897344711515],[144.71115271923384,-37.71897332660439],[144.71115252573884,-37.718973202019065],[144.71115233606895,-37.71897307346405],[144.71115215041573,-37.71897294105228],[144.7111519689636,-37.71897280490428],[144.7111517918893,-37.7189726651481],[144.71115161936112,-37.71897252191853],[144.71115145153863,-37.71897237535703],[144.71115128857178,-37.71897222561103],[144.711151130601,-37.718972072833544],[144.7111509777563,-37.71897191718263],[144.71115083015724,-37.718971758820786],[144.71115068791258,-37.71897159791457],[144.7111505511199,-37.71897143463385],[144.71115041986567,-37.71897126915134],[144.71115029422484,-37.71897110164191],[144.71115017426104,-37.71897093228228],[144.71115006002634,-37.71897076125001],[144.7111499515615,-37.71897058872339],[144.7111498488959,-37.71897041488049],[144.71114975204762,-37.718970239898866],[144.711149661024,-37.71897006395498],[144.71114957582134,-37.7189698872236],[144.71114949642563,-37.71896970987736],[144.71114942281267,-37.71896953208639],[144.71114935494833,-37.71896935401769],[144.7111492927892,-37.71896917583493],[144.71114923628272,-37.718968997697864],[144.71114918536773,-37.71896881976221],[144.71114913997508,-37.71896864217905],[144.71114911932582,-37.71896855356563],[144.71114910950854,-37.71896850931132],[144.71114910830505,-37.71896850378213],[144.7111491086798,-37.71896850059247],[144.71114911415097,-37.71896850123009],[144.7111491250934,-37.718968502505376],[144.711149212633,-37.71896851270779],[144.71114938771197,-37.718968533112594],[144.71115078834436,-37.71896869635094],[144.711153589609,-37.7189690228276],[144.711153589609,-37.71896902282758]]]},"properties":{"LAYER":"POLY_LINEMARKING_P1","LAYER_TYPE":"fill"}},{"type":"Feature","geometry":{"type":"Polygon","coordinates":[[[144.7106329089345,-37.718363474582816],[144.7106251053965,-37.71837018514514],[144.7106246176753,-37.71837060455528],[144.71062458719274,-37.71837063076839],[144.71062458621543,-37.71837063459796],[144.71062458847595,-37.718370639059415],[144.7106245929969,-37.718370647982354],[144.71062460203888,-37.718370665828225],[144.71062463820672,-37.718370737211686],[144.71062471054242,-37.71837087997857],[144.71062485521375,-37.71837116551241],[144.71062543389914,-37.71837230764765],[144.71062659127003,-37.71837459191816],[144.71062890601198,-37.71837916045917],[144.7106294846975,-37.718380302594376],[144.71062952086538,-37.71838037397783],[144.71062952312585,-37.71838037843932],[144.71062952373467,-37.71838037645363],[144.7106295247163,-37.71838037156122],[144.71062952667958,-37.718380361776404],[144.71062953060613,-37.71838034220681],[144.7106295463124,-37.718380263928324],[144.71062957772477,-37.71838010737138],[144.71062964054968,-37.71837979425751],[144.71062989184932,-37.718378541802004],[144.71063039444846,-37.71837603689099],[144.71063052009825,-37.718375410663256],[144.7106305829232,-37.71837509754938],[144.71063059077628,-37.718375058410146],[144.71063059470282,-37.71837503884052],[144.71063059644865,-37.71837503478539],[144.7106306012513,-37.71837503407858],[144.7106306108573,-37.718375032660646],[144.71063068773884,-37.71837502110809],[144.71063084166826,-37.71837499688375],[144.71063115008172,-37.71837494392036],[144.71063145901937,-37.71837488486921],[144.71063176821573,-37.718374819656326],[144.71063207739746,-37.7183747482166],[144.7106323862841,-37.718374670494555],[144.71063269458864,-37.71837458644489],[144.71063300201817,-37.71837449603261],[144.71063330827465,-37.71837439923378],[144.71063361305562,-37.718374296035726],[144.71063391605514,-37.718374186437394],[144.7106342169645,-37.718374070449705],[144.71063451547326,-37.71837394809575],[144.71063481127004,-37.7183738194111],[144.71063510404366,-37.71837368444371],[144.71063539348395,-37.71837354325434],[144.71063567928283,-37.71837339591629],[144.7106359611354,-37.71837324251559],[144.7106362387409,-37.718373083150816],[144.71063651180364,-37.7183729179329],[144.71063678003398,-37.718372746985054],[144.7106370431497,-37.71837257044236],[144.71063730087639,-37.718372388451506],[144.71063755294884,-37.718372201170396],[144.71063779911182,-37.71837200876769],[144.71063803912065,-37.71837181142234],[144.71063827274259,-37.7183716093229],[144.710638499757,-37.71837140266717],[144.71063871995634,-37.71837119166126],[144.7106389331468,-37.718370976519175],[144.71063913914884,-37.71837075746191],[144.71063933779752,-37.71837053471683],[144.71063952894318,-37.718370308516754],[144.7106397124515,-37.71837007909932],[144.710639888204,-37.71836984670612],[144.71064005609807,-37.718369611581785],[144.71064021604724,-37.71836937397345],[144.71064036798094,-37.71836913412956],[144.71064051184467,-37.71836889229943],[144.71064064759983,-37.718368648732174],[144.7106407752236,-37.71836840367619],[144.7106408947084,-37.718368157378144],[144.71064100606185,-37.71836791008249],[144.71064110930635,-37.718367662030644],[144.71064120447855,-37.71836741346038],[144.71064129162883,-37.71836716460514],[144.71064137082092,-37.71836691569356],[144.7106414421311,-37.71836666694889],[144.71064150564789,-37.71836641858842],[144.7106415614711,-37.71836617082316],[144.71064160971125,-37.7183659238574],[144.71064162060037,-37.718365862264115],[144.71064162587064,-37.718365831491795],[144.7106416265213,-37.718365827646444],[144.71064162684593,-37.71836582572384],[144.71064162836979,-37.71836581805104],[144.71064163566496,-37.71836578160958],[144.71064165025524,-37.71836570872665],[144.7106417669774,-37.71836512566318],[144.71064200042187,-37.71836395953628],[144.71064386797696,-37.71835463052091],[144.7106448017543,-37.718349966013236],[144.71064526864293,-37.718347633759386],[144.71064550208726,-37.71834646763247],[144.7106455604483,-37.71834617610073],[144.71064558962888,-37.71834603033486],[144.71064560421914,-37.71834595745194],[144.7106456078667,-37.71834593923119],[144.71064560969046,-37.718345930120826],[144.71064561060237,-37.71834592556564],[144.7106456107545,-37.71834592340534],[144.71064560665292,-37.71834592288697],[144.7106455410275,-37.71834591459303],[144.71064449102136,-37.718345781890456],[144.7106434410152,-37.71834564918784],[144.7106433753898,-37.71834564089392],[144.7106433712882,-37.71834564037555],[144.7106433659185,-37.71834566580065],[144.71064335499784,-37.718345720357064],[144.7106433331566,-37.71834582946988],[144.7106432894741,-37.71834604769552],[144.71064311474404,-37.71834692059812],[144.71064276528384,-37.718348666403244],[144.71064206636348,-37.71835215801355],[144.7106406685225,-37.71835914123412],[144.71064049379237,-37.718360014136664],[144.71064040642727,-37.71836045058797],[144.71064039550663,-37.71836050514438],[144.71064039004634,-37.71836053242257],[144.7106403888977,-37.71836053815508],[144.7106403886147,-37.71836053953937],[144.7106403880477,-37.718360542308076],[144.71064038346452,-37.7183605644634],[144.7106403740455,-37.718360608803444],[144.71064033297748,-37.71836078651476],[144.71064028642203,-37.71836096467948],[144.7106402343049,-37.71836114314888],[144.71064017655993,-37.71836132176951],[144.71064011312913,-37.71836150038371],[144.71064004396337,-37.71836167882967],[144.71063996902282,-37.71836185694195],[144.71063988827717,-37.718362034551895],[144.7106398017063,-37.71836221148796],[144.71063970930027,-37.71836238757625],[144.71063961105972,-37.71836256264087],[144.71063950699642,-37.71836273650468],[144.710639397133,-37.71836290898941],[144.71063928150352,-37.7183630799167],[144.71063916015333,-37.71836324910815],[144.71063903313936,-37.71836341638631],[144.71063890052997,-37.718363581574884],[144.7106387624048,-37.71836374449973],[144.71063861885506,-37.71836390498899],[144.71063846998302,-37.71836406287399],[144.7106383159019,-37.71836421798967],[144.7106381567357,-37.718364370175166],[144.71063799261887,-37.718364519274374],[144.71063782369575,-37.71836466513648],[144.7106376501205,-37.71836480761644],[144.71063747205622,-37.718364946575456],[144.71063728967476,-37.71836508188147],[144.7106371031561,-37.71836521340946],[144.71063691268756,-37.71836534104207],[144.71063671846352,-37.71836546466965],[144.7106365206844,-37.71836558419084],[144.71063631955644,-37.7183656995126],[144.71063611529038,-37.71836581055064],[144.71063590810127,-37.71836591722939],[144.7106356982076,-37.71836601948237],[144.71063548583052,-37.71836611725209],[144.710635271193,-37.718366210490146],[144.7106350545194,-37.71836629915736],[144.7106348360345,-37.718366383223504],[144.71063461596282,-37.71836646266746],[144.71063439452826,-37.71836653747686],[144.71063417195276,-37.71836660764817],[144.71063394845646,-37.71836667318634],[144.71063372425644,-37.71836673410459],[144.71063349956657,-37.71836679042426],[144.7106332745966,-37.718366842174454],[144.71063304955211,-37.71836688939163],[144.71063282463356,-37.71836693211947],[144.71063260003615,-37.7183669704084],[144.71063237594927,-37.71836700431525],[144.71063226415487,-37.71836701964484],[144.71063220832977,-37.71836702690727],[144.7106322013552,-37.7183670277963],[144.71063219734464,-37.71836702746008],[144.7106321982135,-37.71836702312203],[144.7106321999512,-37.718367014445896],[144.7106322138528,-37.71836694503681],[144.7106322416561,-37.718366806218654],[144.7106324640822,-37.71836569567338],[144.7106329089345,-37.71836347458282],[144.7106329089345,-37.718363474582816]]]},"properties":{"LAYER":"POLY_LINEMARKING_P1","LAYER_TYPE":"fill"}},{"type":"Feature","geometry":{"type":"Polygon","coordinates":[[[144.71039816714855,-37.719367755898865],[144.71040597081569,-37.719361045356706],[144.71040645854484,-37.719360625947814],[144.7104064890279,-37.71936059973476],[144.71040649000517,-37.71936059590521],[144.71040648774468,-37.719360591443746],[144.71040648322366,-37.71936058252079],[144.71040647418167,-37.719360564674915],[144.71040643801362,-37.7193604932914],[144.71040636567753,-37.71936035052437],[144.7104062210053,-37.719360064990276],[144.71040564231637,-37.719358922854],[144.71040448493864,-37.71935663858138],[144.7104021701834,-37.719352070036145],[144.7104015914946,-37.71935092789981],[144.71040155532657,-37.71935085651629],[144.71040155306605,-37.71935085205484],[144.71040155245726,-37.7193508540405],[144.71040155147557,-37.719350858932906],[144.71040154951223,-37.719350868717704],[144.71040154558554,-37.71935088828732],[144.71040152987882,-37.71935096656574],[144.71040149846536,-37.719351123122564],[144.7104014356385,-37.7193514362362],[144.71040118433095,-37.71935268869081],[144.71040068171578,-37.71935519359998],[144.71040055606196,-37.71935581982727],[144.71040049323508,-37.71935613294092],[144.71040048538168,-37.719356172080126],[144.71040048145505,-37.71935619164973],[144.71040047970916,-37.71935619570484],[144.71040047490646,-37.71935619641162],[144.71040046530032,-37.71935619782954],[144.7104003884177,-37.71935620938195],[144.7104002344862,-37.71935623360588],[144.7103999260685,-37.71935628656858],[144.71039961712654,-37.719356345618934],[144.7103993079259,-37.71935641083106],[144.71039899873983,-37.71935648227003],[144.71039868984892,-37.71935655999128],[144.71039838154,-37.71935664404022],[144.71039807410608,-37.7193567344517],[144.71039776784522,-37.71935683124977],[144.7103974630598,-37.71935693444706],[144.71039716005592,-37.719357044044635],[144.71039685914215,-37.71935716003156],[144.71039656062902,-37.719357282384706],[144.71039626482784,-37.719357411068636],[144.71039597204987,-37.719357546035276],[144.71039568260525,-37.71935768722391],[144.71039539680203,-37.71935783456121],[144.7103951149451,-37.71935798796115],[144.71039483733531,-37.71935814732522],[144.71039456426834,-37.71935831254239],[144.7103942960338,-37.719358483489536],[144.71039403291394,-37.71935866003153],[144.71039377518312,-37.71935884202168],[144.71039352310657,-37.719359029302105],[144.71039327693967,-37.719359221704124],[144.71039303692683,-37.71935941904885],[144.71039280330103,-37.71935962114764],[144.71039257628283,-37.719359827802755],[144.71039235607975,-37.71936003880804],[144.71039214288555,-37.719360253949525],[144.71039193687992,-37.71936047300623],[144.71039173822774,-37.71936069575076],[144.7103915470787,-37.71936092195028],[144.710391363567,-37.71936115136719],[144.71039118781118,-37.7193613837599],[144.71039101991394,-37.7193616188837],[144.71039085996173,-37.71936185649159],[144.71039070802505,-37.71936209633498],[144.7103905641584,-37.719362338164736],[144.71039042840044,-37.71936258173157],[144.71039030077404,-37.71936282678717],[144.71039018128664,-37.71936307308486],[144.71039006993072,-37.719363320380126],[144.7103899666838,-37.71936356843164],[144.71038987150936,-37.71936381700162],[144.7103897843569,-37.71936406585655],[144.7103897051627,-37.71936431476785],[144.71038963385058,-37.71936456351228],[144.7103895703319,-37.719364811872516],[144.71038951450694,-37.71936505963757],[144.71038946626513,-37.719365306603144],[144.71038945537563,-37.719365368196364],[144.71038945010514,-37.719365398968655],[144.7103894494545,-37.71936540281404],[144.71038944912985,-37.71936540473663],[144.71038944760588,-37.719365412409424],[144.71038944031054,-37.71936544885087],[144.71038942571977,-37.71936552173374],[144.7103893089936,-37.719366104796734],[144.71038907554126,-37.71936727092274],[144.7103872079224,-37.71937659993069],[144.71038627411272,-37.71938126443465],[144.71038580720787,-37.71938359668661],[144.7103855737554,-37.71938476281261],[144.71038551539235,-37.71938505434408],[144.71038548621075,-37.719385200109826],[144.71038547162001,-37.71938527299271],[144.71038546797232,-37.71938529121344],[144.71038546614844,-37.71938530032379],[144.71038546523653,-37.71938530487898],[144.7103854650844,-37.71938530703929],[144.71038546918604,-37.719385307557665],[144.7103855348123,-37.71938531585176],[144.7103865848325,-37.7193854485571],[144.71038763485268,-37.71938558126246],[144.71038770047895,-37.71938558955654],[144.71038770458054,-37.719385590074914],[144.71038770995045,-37.71938556464983],[144.71038772087147,-37.719385510093446],[144.7103877427135,-37.719385400980734],[144.71038778639755,-37.719385182755275],[144.71038796113365,-37.71938430985338],[144.71038831060588,-37.719382564049624],[144.71038900955025,-37.71937907244211],[144.71039040743887,-37.71937208922704],[144.71039058217494,-37.71937121632514],[144.71039066954293,-37.71937077987422],[144.71039068046395,-37.71937072531784],[144.71039068592444,-37.71937069803964],[144.7103906870731,-37.71937069230716],[144.71039068735612,-37.71937069092287],[144.71039068792317,-37.71937068815418],[144.71039069250648,-37.71937066599887],[144.71039070192583,-37.71937062165889],[144.7103907429951,-37.71937044394767],[144.71039078955192,-37.71937026578314],[144.7103908416704,-37.71937008731393],[144.71039089941695,-37.71936990869344],[144.71039096284932,-37.71936973007949],[144.71039103201673,-37.71936955163378],[144.71039110695904,-37.71936937352173],[144.71039118770645,-37.71936919591204],[144.7103912742792,-37.719369018976224],[144.71039136668725,-37.719368842888215],[144.71039146492978,-37.719368667823865],[144.71039156899522,-37.719368493960395],[144.71039167886076,-37.71936832147597],[144.71039179449252,-37.719368150549045],[144.710391915845,-37.71936798135793],[144.71039204286132,-37.719367814080165],[144.71039217547317,-37.71936764889194],[144.71039231360086,-37.71936748596751],[144.71039245715318,-37.71936732547864],[144.71039260602785,-37.719367167594065],[144.71039276011166,-37.71936701247883],[144.71039291928057,-37.719366860293775],[144.71039308340016,-37.719366711195],[144.7103932523261,-37.719366565333374],[144.71039342590427,-37.719366422853874],[144.71039360397145,-37.71936628389536],[144.7103937863559,-37.719366148589856],[144.71039397287763,-37.71936601706232],[144.7103941633492,-37.71936588943023],[144.71039435757635,-37.71936576580314],[144.7103945553585,-37.71936564628251],[144.71039475648968,-37.71936553096126],[144.71039496075892,-37.7193654199238],[144.71039516795116,-37.719365313245554],[144.71039537784802,-37.71936521099314],[144.71039559022836,-37.719365113223965],[144.7103958048691,-37.719365019986455],[144.71039602154593,-37.719364931319824],[144.71039624003404,-37.719364847254205],[144.71039646010894,-37.71936476781082],[144.7103966815468,-37.719364693002],[144.7103969041255,-37.71936462283124],[144.71039712762501,-37.719364557293645],[144.7103973518283,-37.719364496375945],[144.71039757652142,-37.71936444005685],[144.71039780149448,-37.71936438830724],[144.71039802654218,-37.71936434109062],[144.71039825146394,-37.71936429836332],[144.71039847606448,-37.719364260074954],[144.71039870015443,-37.71936422616864],[144.7103988119504,-37.719364210839345],[144.7103988677763,-37.71936420357706],[144.71039887475095,-37.719364202688055],[144.7103988787616,-37.71936420302426],[144.71039887789271,-37.71936420736231],[144.71039887615493,-37.71936421603843],[144.71039886225282,-37.719364285447476],[144.71039883444868,-37.71936442426553],[144.7103986120153,-37.71936553480998],[144.71039816714855,-37.719367755898865],[144.71039816714855,-37.719367755898865]]]},"properties":{"LAYER":"POLY_LINEMARKING_P1","LAYER_TYPE":"fill"}},{"type":"Feature","geometry":{"type":"Polygon","coordinates":[[[144.70949082798143,-37.71869278269331],[144.70949936939763,-37.718698900011475],[144.70949990323618,-37.71869928234382],[144.70949993660113,-37.71869930623959],[144.7094999414335,-37.7186993069696],[144.7094999470222,-37.718699305120175],[144.70949995819961,-37.71869930142134],[144.70949998055448,-37.71869929402368],[144.70950006997379,-37.71869926443302],[144.70950024881247,-37.71869920525167],[144.70950060648977,-37.71869908688892],[144.70950203719906,-37.718698613438086],[144.70950489861758,-37.71869766653636],[144.70951062145437,-37.71869577273269],[144.70951205216355,-37.71869529928173],[144.70951214158285,-37.71869526969103],[144.7095121471716,-37.718695267841625],[144.7095121446647,-37.718695267382024],[144.70951213849435,-37.718695266661406],[144.7095121261537,-37.718695265220184],[144.7095121014723,-37.71869526233773],[144.709512002747,-37.718695250807905],[144.70951180529624,-37.71869522774824],[144.70951141039487,-37.71869518162888],[144.70950983078922,-37.71869499715151],[144.70950667157803,-37.71869462819667],[144.70950588177521,-37.718694535957965],[144.70950548687378,-37.718694489838605],[144.70950543751115,-37.718694484073666],[144.70950541282977,-37.718694481191214],[144.7095054077042,-37.71869447985348],[144.70950540675648,-37.718694476047254],[144.70950540485555,-37.71869446843429],[144.70950538938447,-37.7186944075065],[144.7095053570317,-37.71869428553227],[144.70950528663627,-37.718694041197864],[144.70950520857147,-37.71869379652058],[144.70950512274712,-37.71869355171228],[144.70950502908474,-37.71869330699081],[144.7095049275179,-37.71869306257966],[144.70950481799295,-37.71869281870731],[144.70950470046944,-37.718692575606816],[144.7095045749208,-37.71869233351528],[144.7095044413348,-37.718692092673],[144.70950429971376,-37.718691853323115],[144.70950415007508,-37.7186916157106],[144.70950399245174,-37.71869138008179],[144.70950382689213,-37.71869114668367],[144.70950365346047,-37.718690915762735],[144.70950347223697,-37.718690687564646],[144.70950328331762,-37.71869046233318],[144.70950308681438,-37.71869024030952],[144.709502882855,-37.71869002173143],[144.7095026715826,-37.718689806832444],[144.7095024531559,-37.71868959584098],[144.70950222774826,-37.718689388979705],[144.7095019955477,-37.71868918646479],[144.70950175675617,-37.718688988504944],[144.70950151158905,-37.71868879530094],[144.70950126027458,-37.71868860704486],[144.70950100305288,-37.718688423919396],[144.70950074017563,-37.71868824609737],[144.70950047190482,-37.7186880737411],[144.70950019851207,-37.71868790700199],[144.70949992027786,-37.718687746019995],[144.7094996374903,-37.718687590923345],[144.7094993504443,-37.718687441828195],[144.70949905944065,-37.718687298838205],[144.7094987647848,-37.718687162044645],[144.70949846678607,-37.718687031526066],[144.70949816575643,-37.7186869073482],[144.70949786200958,-37.71868678956407],[144.70949755585988,-37.71868667821393],[144.7094972476216,-37.71868657332543],[144.7094969376075,-37.718686474913746],[144.70949662612833,-37.71868638298191],[144.70949631349154,-37.71868629752084],[144.70949600000085,-37.718686218509895],[144.70949568595512,-37.71868614591711],[144.7094953716476,-37.71868607969958],[144.70949505736527,-37.71868601980401],[144.70949474338823,-37.718685966166994],[144.70949442998904,-37.718685918715735],[144.70949411743203,-37.71868587736831],[144.70949380597298,-37.71868584203445],[144.70949372830887,-37.71868583412927],[144.70949368950954,-37.71868583031482],[144.7094936846612,-37.71868582984446],[144.70949368223714,-37.718685829609825],[144.70949367256034,-37.71868582849208],[144.7094936266003,-37.718685823137776],[144.70949353468026,-37.71868581242912],[144.70949279931995,-37.718685726759986],[144.70949132859923,-37.71868555542168],[144.70947956283408,-37.71868418471465],[144.70947367995169,-37.718683499360715],[144.70947073851053,-37.71868315668364],[144.70946926778996,-37.718682985345055],[144.7094689001098,-37.71868294251041],[144.70946871626975,-37.71868292109309],[144.70946862434968,-37.718682910384416],[144.7094686013697,-37.71868290770726],[144.70946858987972,-37.71868290636866],[144.70946858413467,-37.71868290569939],[144.7094685814135,-37.71868290560466],[144.70946858081055,-37.71868290886882],[144.7094685711631,-37.718682961095624],[144.70946841680404,-37.71868379672394],[144.70946826244494,-37.71868463235231],[144.70946825279748,-37.71868468457908],[144.70946825219454,-37.71868468784325],[144.70946828426406,-37.71868469180128],[144.70946835307066,-37.718684699816535],[144.7094684906839,-37.71868471584702],[144.70946876591026,-37.71868474790801],[144.7094698668158,-37.71868487615186],[144.7094720686269,-37.71868513263952],[144.70947647224915,-37.71868564561475],[144.70948527949386,-37.7186866715647],[144.7094863803995,-37.71868679980841],[144.70948693085234,-37.71868686393025],[144.70948699965894,-37.718686871945486],[144.70948703406222,-37.7186868759531],[144.70948704129208,-37.718686876796184],[144.709487043038,-37.71868687700425],[144.70948704653006,-37.71868687742118],[144.70948707447414,-37.718686880794],[144.7094871304024,-37.7186868877399],[144.7094873545985,-37.71868691821353],[144.70948757943165,-37.71868695304039],[144.70948780471542,-37.71868699228121],[144.70948803025766,-37.71868703599047],[144.70948825586044,-37.718687084216064],[144.70948848132068,-37.718687136999044],[144.70948870643073,-37.71868719437292],[144.70948893097855,-37.7186872563639],[144.70948915474847,-37.71868732299004],[144.70948937752175,-37.71868739426136],[144.7094895990769,-37.71868747017935],[144.70948981919082,-37.718687550736945],[144.7094900376389,-37.718687635918265],[144.70949025419614,-37.71868772569838],[144.7094904686374,-37.718687820043435],[144.70949068073872,-37.7186879189104],[144.70949089027735,-37.71868802224711],[144.709491097033,-37.71868812999233],[144.70949130078833,-37.71868824207573],[144.70949150132975,-37.71868835841818],[144.70949169844812,-37.71868847893164],[144.7094918919395,-37.71868860351958],[144.7094920816057,-37.718688732077126],[144.70949226725517,-37.71868886449142],[144.70949244870343,-37.71868900064185],[144.70949262577383,-37.71868914040043],[144.70949279829804,-37.71868928363229],[144.70949296611656,-37.71868943019603],[144.70949312907933,-37.71868957994419],[144.709493287046,-37.718689732723746],[144.70949343988656,-37.71868988837673],[144.7094935874815,-37.71869004674049],[144.70949372972194,-37.71869020764859],[144.7094938665104,-37.71869037093112],[144.7094939977604,-37.71869053641538],[144.70949412339695,-37.718690703926384],[144.70949424335646,-37.71869087328763],[144.7094943575869,-37.71869104432136],[144.7094944660474,-37.71869121684938],[144.70949456870878,-37.718691390693586],[144.70949466555268,-37.7186915656764],[144.70949475657207,-37.718691741621456],[144.7094948417704,-37.71869191835394],[144.70949492116182,-37.71869209570116],[144.70949499477055,-37.71869227349304],[144.70949506263065,-37.71869245156257],[144.7094951247856,-37.71869262974606],[144.70949518128788,-37.71869280788376],[144.7094952321987,-37.71869298582003],[144.70949527758725,-37.71869316340369],[144.70949529823446,-37.718693252017346],[144.70949530805072,-37.718693296271766],[144.70949530925407,-37.718693301800954],[144.70949530887927,-37.718693304990616],[144.70949530340812,-37.71869330435288],[144.7094952924658,-37.718693303077444],[144.70949520492684,-37.71869329287385],[144.70949502984905,-37.718693272466616],[144.7094936292265,-37.71869310920887],[144.70949082798143,-37.7186927826933],[144.70949082798143,-37.71869278269331]]]},"properties":{"LAYER":"POLY_LINEMARKING_P1","LAYER_TYPE":"fill"}},{"type":"Feature","geometry":{"type":"Polygon","coordinates":[[[144.70952001124138,-37.718592077653476],[144.70952895522424,-37.71859790044552],[144.70953007322225,-37.71859862829449],[144.70953021297197,-37.718598719275604],[144.70953023044072,-37.71859873064826],[144.7095302326243,-37.718598732069815],[144.70953023278213,-37.71859873225496],[144.70953023242254,-37.71859873221304],[144.70953023170344,-37.71859873212922],[144.70953022882702,-37.71859873179394],[144.70953022307415,-37.7185987311234],[144.70953020006277,-37.71859872844118],[144.70953015403992,-37.71859872307671],[144.7095299699485,-37.71859870161889],[144.70952960176572,-37.718598658703264],[144.70952812903457,-37.71859848704077],[144.7095251835723,-37.71859814371569],[144.70952371084118,-37.718597972053125],[144.70952352674976,-37.71859795059532],[144.70952350373835,-37.71859794791307],[144.7095235008619,-37.71859794757779],[144.70952350045104,-37.71859794752987],[144.7095235004511,-37.718597947529815],[144.7095235004513,-37.71859794752969],[144.70952350045192,-37.71859794752921],[144.7095235004532,-37.71859794752827],[144.70952350045843,-37.71859794752444],[144.7095235004689,-37.718597947516784],[144.70952350051053,-37.71859794748618],[144.70952350059386,-37.718597947424925],[144.7095235009272,-37.718597947180065],[144.70952350109388,-37.718597947057646],[144.70952350117722,-37.718597946996425],[144.70952350119808,-37.718597946981134],[144.70952350120848,-37.71859794697347],[144.70952350121107,-37.718597946971556],[144.7095235012124,-37.7185979469706],[144.7095235012127,-37.718597946970334],[144.70952350121289,-37.71859794697022],[144.70952350109877,-37.71859794714166],[144.70952350029958,-37.71859794834204],[144.7095234938979,-37.71859795794384],[144.70952344217264,-37.71859803468526],[144.70952338953649,-37.71859811129004],[144.709523335988,-37.71859818774898],[144.70952328152617,-37.71859826405264],[144.70952322614986,-37.718598340191676],[144.7095231698583,-37.71859841615654],[144.70952311265103,-37.71859849193773],[144.70952305452752,-37.71859856752566],[144.70952299548762,-37.71859864291073],[144.70952293553128,-37.71859871808321],[144.70952287465872,-37.71859879303333],[144.70952281287035,-37.71859886775143],[144.7095227501667,-37.71859894222761],[144.70952268654872,-37.71859901645208],[144.7095226220173,-37.71859909041494],[144.70952255657377,-37.71859916410634],[144.70952249021948,-37.71859923751626],[144.70952242295613,-37.71859931063485],[144.70952235478558,-37.71859938345209],[144.70952228570997,-37.718599455958035],[144.70952221573162,-37.71859952814267],[144.70952214485297,-37.71859959999598],[144.70952207307687,-37.718599671508],[144.70952200040628,-37.718599742668715],[144.7095219268443,-37.718599813468145],[144.70952185239457,-37.71859988389631],[144.7095217770606,-37.71859995394318],[144.70952170084627,-37.71860002359885],[144.70952162375576,-37.718600092853364],[144.70952154579334,-37.71860016169682],[144.70952146696365,-37.71860023011924],[144.7095213872714,-37.718600298110864],[144.70952130672168,-37.71860036566185],[144.70952122531966,-37.71860043276238],[144.70952114307096,-37.718600499402726],[144.7095210599811,-37.71860056557324],[144.70952097605618,-37.718600631264195],[144.70952089130228,-37.718600696466105],[144.70952080572573,-37.71860076116935],[144.70952071933326,-37.71860082536454],[144.70952063213156,-37.71860088904223],[144.7095205441278,-37.71860095219314],[144.70952045532925,-37.71860101480797],[144.70952036574334,-37.71860107687763],[144.70952027537777,-37.71860113839297],[144.70952018424052,-37.718601199345024],[144.70952009233977,-37.71860125972487],[144.70951999968378,-37.71860131952374],[144.70951990628114,-37.718601378732906],[144.7095198121407,-37.718601437343764],[144.7095197172713,-37.718601495347826],[144.70951962168226,-37.71860155273671],[144.70951952538283,-37.71860160950213],[144.7095194283827,-37.71860166563597],[144.70951933069156,-37.71860172113019],[144.7095192323194,-37.71860177597689],[144.7095191332764,-37.71860183016829],[144.7095190335729,-37.71860188369675],[144.70951893321927,-37.71860193655481],[144.7095188322264,-37.71860198873505],[144.70951873060508,-37.718602040230316],[144.70951862836628,-37.718602091033496],[144.70951852552136,-37.71860214113767],[144.70951842208154,-37.71860219053608],[144.70951831805843,-37.71860223922216],[144.70951821346364,-37.71860228718939],[144.70951810830903,-37.71860233443148],[144.70951800260664,-37.71860238094234],[144.70951789636848,-37.718602426716],[144.7095177896068,-37.71860247174665],[144.70951768233408,-37.71860251602871],[144.70951757456277,-37.71860255955666],[144.70951746630547,-37.71860260232532],[144.7095173575749,-37.71860264432951],[144.70951724838406,-37.71860268556439],[144.7095171387458,-37.71860272602518],[144.7095170286732,-37.71860276570739],[144.70951691817942,-37.718602804606626],[144.70951680727774,-37.71860284271872],[144.70951669598145,-37.71860288003969],[144.70951658430397,-37.718602916565764],[144.70951647225888,-37.7186029522933],[144.70951635985966,-37.71860298721894],[144.70951624711995,-37.71860302133942],[144.70951613405344,-37.718603054651744],[144.7095160206739,-37.71860308715309],[144.70951590699505,-37.718603118840825],[144.70951579303082,-37.718603149712514],[144.70951567879504,-37.71860317976594],[144.70951556430148,-37.718603208999035],[144.70951544956426,-37.71860323740999],[144.70951533459723,-37.718603264997114],[144.7095152194143,-37.718603291759],[144.70951510402952,-37.71860331769439],[144.70951498845682,-37.71860334280224],[144.70951487271017,-37.71860336708173],[144.70951475680357,-37.71860339053212],[144.7095146407509,-37.718603413152984],[144.7095145245661,-37.718603434944086],[144.70951440826315,-37.71860345590532],[144.7095142918559,-37.71860347603681],[144.70951417535815,-37.71860349533884],[144.70951405878372,-37.71860351381196],[144.70951394214643,-37.718603531456864],[144.70951382545994,-37.71860354827443],[144.7095137087379,-37.718603564265685],[144.7095135919939,-37.71860357943192],[144.70951347524155,-37.718603593774546],[144.70951335849426,-37.7186036072952],[144.70951324176548,-37.71860361999568],[144.70951312506844,-37.71860363187797],[144.70951300841645,-37.7186036429442],[144.7095128918226,-37.718603653196716],[144.70951277529997,-37.71860366263803],[144.70951265886154,-37.718603671270785],[144.7095125425201,-37.71860367909783],[144.7095124262885,-37.71860368612217],[144.7095123101793,-37.718603692346974],[144.70951219420513,-37.71860369777556],[144.70951207837834,-37.71860370241142],[144.70951196271128,-37.718603706258186],[144.70951184721605,-37.71860370931966],[144.7095117319047,-37.71860371159973],[144.7095116167893,-37.71860371310253],[144.7095115018815,-37.718603713832294],[144.709511387193,-37.71860371379337],[144.70951127273528,-37.718603712990294],[144.7095111585198,-37.71860371142766],[144.70951104455767,-37.718603709110305],[144.70951093086006,-37.718603706043055],[144.70951081743786,-37.71860370223101],[144.7095107043019,-37.71860369767928],[144.7095105914627,-37.71860369239316],[144.70951047893078,-37.71860368637802],[144.70951036671647,-37.718603679639365],[144.70951025482992,-37.71860367218278],[144.70951014328102,-37.718603664014026],[144.7095100320797,-37.71860365513886],[144.70950992123554,-37.71860364556326],[144.70950981075802,-37.71860363529321],[144.70950970065653,-37.7186036243348],[144.7095095909401,-37.71860361269424],[144.7095094816178,-37.71860360037782],[144.70950937269836,-37.71860358739189],[144.70950926419042,-37.7186035737429],[144.70950915610243,-37.71860355943738],[144.70950914262136,-37.71860355760335],[144.70950914093672,-37.71860355737339],[144.7095091406954,-37.718603557340494],[144.70950914069385,-37.71860355734047],[144.70950914069073,-37.71860355734037],[144.70950914067834,-37.71860355734001],[144.7095091406536,-37.718603557339314],[144.7095091405547,-37.71860355733643],[144.70950914035683,-37.7186035573307],[144.7095091395653,-37.71860355730782],[144.70950913798228,-37.71860355726204],[144.70950913481622,-37.718603557170475],[144.70950913402467,-37.71860355714757],[144.70950913362896,-37.71860355713611],[144.70950913353,-37.71860355713325],[144.70950913348054,-37.71860355713183],[144.70950913346815,-37.718603557131466],[144.70950913346198,-37.71860355713129],[144.70950913346044,-37.71860355713124],[144.70950913345965,-37.718603557131225],[144.70950913326791,-37.7186035571089],[144.70950913192794,-37.7186035569527],[144.7095091212085,-37.71860355570325],[144.70950903545258,-37.71860354570744],[144.7095083494053,-37.718603465741225],[144.70950286102715,-37.71860282601117],[144.70949188427113,-37.71860154655031],[144.70948639589326,-37.7186009068195],[144.70948502379883,-37.71860074688674],[144.70948433775155,-37.71860066692038],[144.70948416623978,-37.71860064692877],[144.70948408048392,-37.71860063693299],[144.70948405904494,-37.71860063443404],[144.70948404832544,-37.71860063318455],[144.70948404564555,-37.71860063287221],[144.70948404430564,-37.718600632716004],[144.70948404373257,-37.71860063264225],[144.70948404374107,-37.71860063259461],[144.70948404380903,-37.71860063221351],[144.70948404435262,-37.718600629164726],[144.7094840487013,-37.71860060477436],[144.70948408349108,-37.71860040965133],[144.70948436180907,-37.71859884866728],[144.70948436588938,-37.71859884669465],[144.70948436639938,-37.71859884644807],[144.70948436646316,-37.71859884641725],[144.70948436647112,-37.7185988464134],[144.70948436647214,-37.71859884641291],[144.70948436690242,-37.71859884646302],[144.70948436790601,-37.71859884658011],[144.7094843699132,-37.71859884681428],[144.70948437794206,-37.71859884775099],[144.7094843939997,-37.7185988496244],[144.7094844582305,-37.71859885711804],[144.70948458669199,-37.71859887210529],[144.709485100538,-37.71859893205434],[144.70948612823,-37.71859905195246],[144.7094902389981,-37.7185995315448],[144.7094984605344,-37.718600490729045],[144.70950257130266,-37.71860097032093],[144.7095030851487,-37.71860103026993],[144.70950314937943,-37.718601037763534],[144.7095031574083,-37.71860103870025],[144.7095031584119,-37.71860103881733],[144.7095031585553,-37.71860103883406],[144.7095031585553,-37.71860103883406],[144.7095031585553,-37.71860103883406],[144.7095031585553,-37.71860103883404],[144.70950315855532,-37.71860103883397],[144.70950315855532,-37.718601038833775],[144.7095031585554,-37.71860103883342],[144.70950315855566,-37.71860103883197],[144.7095031585562,-37.71860103882905],[144.70950315855836,-37.71860103881737],[144.70950315855944,-37.71860103881154],[144.70950315855995,-37.718601038808615],[144.70950315856012,-37.718601038807876],[144.70950315856015,-37.718601038807506],[144.70950315856018,-37.71860103880742],[144.70950315856018,-37.718601038807385],[144.70950315856018,-37.718601038807385],[144.70950315856018,-37.718601038807364],[144.70950315873492,-37.71860103882728],[144.70950315995805,-37.718601038966696],[144.70950316974566,-37.718601040077914],[144.70950324820978,-37.71860104869933],[144.70950332695963,-37.7186010568407],[144.70950340598904,-37.71860106449745],[144.70950348529155,-37.71860107166512],[144.7095035648607,-37.71860107833926],[144.7095036446899,-37.71860108451552],[144.70950372477236,-37.71860109018957],[144.7095038051013,-37.718601095357236],[144.7095038856697,-37.71860110001428],[144.70950396647044,-37.71860110415665],[144.7095040474964,-37.718601107780295],[144.70950412874018,-37.718601110881316],[144.70950421019432,-37.71860111345582],[144.7095042918514,-37.71860111550004],[144.7095043737036,-37.718601117010266],[144.70950445574326,-37.71860111798289],[144.7095045379624,-37.71860111841436],[144.7095046203532,-37.71860111830127],[144.70950470290737,-37.71860111764028],[144.70950478561684,-37.71860111642816],[144.7095048684733,-37.7186011146617],[144.70950495146835,-37.71860111233788],[144.70950503459352,-37.71860110945376],[144.7095051178402,-37.71860110600646],[144.7095052011997,-37.71860110199327],[144.70950528466332,-37.71860109741153],[144.70950536822215,-37.718601092258716],[144.70950545186733,-37.718601086532466],[144.70950553558978,-37.718601080230385],[144.70950561938042,-37.71860107335033],[144.70950570323012,-37.718601065890255],[144.70950578712961,-37.71860105784816],[144.70950587106952,-37.71860104922225],[144.7095059550406,-37.71860104001079],[144.7095060390333,-37.71860103021219],[144.70950612303815,-37.718601019825016],[144.70950620704565,-37.718601008847905],[144.7095062910461,-37.71860099727964],[144.70950637502983,-37.718600985119124],[144.70950645898714,-37.71860097236548],[144.7095065429083,-37.71860095901783],[144.7095066267835,-37.718600945075494],[144.70950671060285,-37.718600930537946],[144.70950679435657,-37.71860091540475],[144.70950687803466,-37.718600899675586],[144.70950696162723,-37.71860088335038],[144.7095070451243,-37.71860086642906],[144.70950712851595,-37.71860084891182],[144.7095072117922,-37.71860083079888],[144.70950729494297,-37.718600812090685],[144.70950737795826,-37.718600792787726],[144.70950746082815,-37.71860077289076],[144.70950754354251,-37.7186007524006],[144.7095076260914,-37.71860073131818],[144.70950770846483,-37.71860070964464],[144.7095077906528,-37.718600687381226],[144.7095078726453,-37.71860066452932],[144.70950795443235,-37.718600641090475],[144.7095080360041,-37.71860061706638],[144.70950811735057,-37.71860059245882],[144.7095081984619,-37.71860056726981],[144.70950827932833,-37.718600541501345],[144.70950835993997,-37.71860051515578],[144.70950844028707,-37.71860048823542],[144.70950852035992,-37.71860046074276],[144.7095086001489,-37.71860043268052],[144.7095086796444,-37.71860040405148],[144.70950875883682,-37.71860037485852],[144.70950883771667,-37.71860034510472],[144.7095089162746,-37.71860031479329],[144.7095089945012,-37.718600283927564],[144.70950907238722,-37.718600252510974],[144.70950914992343,-37.71860022054711],[144.70950922710082,-37.7186001880397],[144.70950930391018,-37.71860015499262],[144.70950938034272,-37.71860012140981],[144.7095094563895,-37.718600087295364],[144.70950953204175,-37.71860005265352],[144.70950960729087,-37.718600017488605],[144.70950968212824,-37.71859998180507],[144.70950975654546,-37.71859994560752],[144.70950983053407,-37.71859990890062],[144.70950990408596,-37.718599871689214],[144.70950997719294,-37.718599833978146],[144.709510049847,-37.71859979577255],[144.70951012204029,-37.71859975707747],[144.709510193765,-37.71859971789818],[144.70951026501345,-37.718599678240054],[144.70951033577825,-37.71859963810845],[144.7095104060519,-37.71859959750896],[144.70951047582724,-37.718599556447224],[144.7095105450971,-37.71859951492896],[144.70951061385455,-37.71859947295999],[144.70951068209268,-37.718599430546206],[144.70951074980482,-37.71859938769361],[144.70951081698448,-37.71859934440828],[144.70951088362517,-37.71859930069635],[144.70951094972065,-37.71859925656405],[144.70951101526492,-37.71859921201771],[144.7095110802519,-37.71859916706369],[144.70951114467576,-37.718599121708415],[144.70951120853096,-37.71859907595843],[144.70951127181198,-37.718599029820325],[144.7095113345134,-37.718598983300666],[144.70951139663015,-37.71859893640616],[144.70951145815712,-37.718598889143614],[144.70951151908952,-37.71859884151976],[144.7095115794226,-37.718598793541474],[144.70951163915186,-37.718598745215644],[144.70951169827288,-37.71859869654917],[144.70951175678147,-37.71859864754907],[144.70951181467356,-37.718598598222336],[144.7095118719453,-37.71859854857604],[144.70951192859295,-37.71859849861718],[144.70951198461296,-37.71859844835293],[144.70951204000187,-37.71859839779041],[144.70951209475655,-37.71859834693672],[144.70951214887387,-37.718598295799076],[144.70951220235096,-37.71859824438469],[144.70951225518507,-37.7185981927007],[144.70951230737361,-37.71859814075435],[144.70951235891414,-37.71859808855285],[144.70951240980452,-37.718598036103415],[144.70951246004253,-37.718597983413304],[144.70951250962634,-37.718597930489715],[144.7095125585541,-37.7185978773399],[144.70951260682432,-37.71859782397104],[144.70951265443546,-37.71859777039036],[144.70951270138616,-37.7185977166051],[144.70951274767546,-37.71859766262241],[144.7095127933022,-37.71859760844947],[144.70951283826568,-37.718597554093435],[144.70951288256524,-37.718597499561405],[144.7095129262002,-37.71859744486055],[144.70951296917033,-37.718597389997925],[144.70951301147537,-37.71859733498058],[144.70951305311516,-37.71859727981556],[144.7095130940899,-37.71859722450987],[144.70951313439966,-37.718597169070435],[144.70951317404493,-37.71859711350421],[144.7095132130261,-37.71859705781807],[144.70951325134382,-37.718597002018875],[144.70951328899886,-37.71859694611338],[144.70951332599213,-37.71859689010844],[144.70951336232463,-37.71859683401068],[144.70951339799757,-37.718596777826804],[144.70951340241032,-37.71859677079811],[144.70951340296122,-37.71859676991943],[144.70951340303995,-37.71859676979314],[144.70951340304003,-37.71859676979136],[144.70951340304015,-37.718596769787816],[144.70951340304075,-37.71859676977366],[144.70951340304185,-37.7185967697453],[144.70951340304637,-37.718596769631944],[144.7095134030554,-37.7185967694052],[144.70951340309148,-37.71859676849818],[144.7095134031637,-37.718596766684165],[144.7095134033081,-37.71859676305614],[144.70951340334418,-37.718596762149126],[144.70951340336225,-37.718596761695615],[144.70951340336677,-37.71859676158224],[144.70951340336902,-37.718596761525546],[144.70951340336958,-37.71859676151139],[144.70951340336987,-37.71859676150431],[144.70951340309662,-37.718596761469946],[144.7095134011831,-37.71859676125081],[144.70951338587489,-37.71859675949759],[144.70951326340904,-37.71859674547184],[144.70951228368273,-37.718596633265946],[144.7095103242301,-37.7185964088541],[144.70950934450377,-37.718596296648194],[144.7095090995722,-37.71859626859671],[144.70950897710642,-37.71859625457099],[144.70950894648996,-37.71859625106453],[144.70950893118172,-37.71859624931132],[144.7095089273547,-37.71859624887301],[144.70950892544116,-37.718596248653846],[144.70950892496276,-37.71859624859908],[144.7095089247236,-37.718596248571686],[144.7095089249594,-37.71859624843265],[144.7095089273278,-37.71859624754164],[144.70950894627464,-37.71859624041364],[144.70950909784955,-37.71859618338953],[144.70951031044868,-37.71859572719669],[144.70952001124138,-37.718592077653476],[144.70952001124138,-37.718592077653476]]]},"properties":{"LAYER":"POLY_LINEMARKING_P1","LAYER_TYPE":"fill"}},{"type":"Feature","geometry":{"type":"Polygon","coordinates":[[[144.70984989414677,-37.71873463519427],[144.7098584355985,-37.71874075248744],[144.7098589694393,-37.718741134818245],[144.70985900280434,-37.71874115871393],[144.70985900763674,-37.71874115944391],[144.7098590132254,-37.718741157594465],[144.70985902440282,-37.7187411538956],[144.70985904675769,-37.71874114649787],[144.7098591361769,-37.71874111690691],[144.70985931501542,-37.718741057725026],[144.7098596726924,-37.7187409393612],[144.70986110340047,-37.71874046590597],[144.70986396481652,-37.718739518995406],[144.70986968764834,-37.7187376251741],[144.7098711183563,-37.71873715171875],[144.7098712077755,-37.71873712212778],[144.70987121336418,-37.71873712027833],[144.7098712108573,-37.71873711981877],[144.70987120468698,-37.718737119098165],[144.70987119234627,-37.71873711765697],[144.70987116766494,-37.71873711477461],[144.7098710689394,-37.71873710324506],[144.70987087148848,-37.718737080185974],[144.70987047658656,-37.71873703406783],[144.70986889697892,-37.71873684959518],[144.7098657377636,-37.718736480649895],[144.70986494795983,-37.71873638841355],[144.70986455305788,-37.718736342295394],[144.70986450369517,-37.7187363365306],[144.7098644790138,-37.71873633364822],[144.70986447388816,-37.71873633231051],[144.70986447294044,-37.718736328504285],[144.70986447103948,-37.718736320891324],[144.70986445556815,-37.71873625996355],[144.70986442321473,-37.71873613798943],[144.7098643528181,-37.71873589365519],[144.70986427475205,-37.7187356489781],[144.70986418892645,-37.71873540417002],[144.70986409526284,-37.718735159448805],[144.70986399369477,-37.718734915037906],[144.70986388416853,-37.71873467116587],[144.70986376664376,-37.7187344280657],[144.70986364109393,-37.7187341859745],[144.7098635075066,-37.71873394513259],[144.70986336588433,-37.71873370578308],[144.7098632162444,-37.718733468170996],[144.70986305861985,-37.71873323254267],[144.70986289305898,-37.71873299914498],[144.7098627196261,-37.71873276822451],[144.70986253840135,-37.71873254002695],[144.70986234948074,-37.718732314796036],[144.70986215297634,-37.71873209277296],[144.70986194901573,-37.71873187419544],[144.7098617377422,-37.718731659297035],[144.7098615193143,-37.7187314483062],[144.7098612939055,-37.71873124144561],[144.70986106170383,-37.718731038931345],[144.7098608229112,-37.718730840972185],[144.70986057774297,-37.71873064776893],[144.70986032642736,-37.71873045951355],[144.70986006920467,-37.71873027638884],[144.7098598063263,-37.71873009856758],[144.7098595380545,-37.71872992621211],[144.70985926466076,-37.7187297594738],[144.7098589864256,-37.71872959849264],[144.70985870363702,-37.718729443396825],[144.70985841659012,-37.71872929430248],[144.7098581255856,-37.71872915131337],[144.70985783092885,-37.71872901452069],[144.70985753292928,-37.71872888400297],[144.7098572318988,-37.71872875982599],[144.7098569281512,-37.71872864204279],[144.70985662200079,-37.718728530693554],[144.70985631376178,-37.71872842580596],[144.709856003747,-37.718728327395226],[144.70985569226707,-37.718728235464326],[144.7098553796297,-37.718728150004196],[144.7098550661384,-37.7187280709942],[144.7098547520921,-37.71872799840235],[144.709854437784,-37.71872793218576],[144.70985412350115,-37.71872787229111],[144.70985380952368,-37.718727818655054],[144.70985349612403,-37.71872777120469],[144.70985318356654,-37.718727729858216],[144.70985287210712,-37.71872769452533],[144.70985279444292,-37.71872768662036],[144.70985275564354,-37.71872768280604],[144.7098527507952,-37.718727682335704],[144.7098527483711,-37.71872768210109],[144.7098527386943,-37.71872768098337],[144.70985269273424,-37.7187276756292],[144.7098526008141,-37.71872766492082],[144.70985186545283,-37.7187275792539],[144.7098503947302,-37.718727407920035],[144.70983862895,-37.71872603724845],[144.70983274606007,-37.71872535191221],[144.70982980461517,-37.718725009244004],[144.70982833389272,-37.71872483790987],[144.7098279662121,-37.718724795076305],[144.70982778237178,-37.718724773659524],[144.70982769045162,-37.71872476295116],[144.70982766747156,-37.718724760274064],[144.70982765598157,-37.71872475893553],[144.70982765023655,-37.71872475826625],[144.70982764751537,-37.71872475817154],[144.7098276469124,-37.718724761435716],[144.70982763726522,-37.71872481366252],[144.70982748291007,-37.71872564929147],[144.70982732855487,-37.7187264849204],[144.70982731890766,-37.71872653714721],[144.70982731830472,-37.718726540411396],[144.7098273503743,-37.71872654436934],[144.70982741918098,-37.71872655238438],[144.70982755679435,-37.71872656841444],[144.7098278320211,-37.71872660047459],[144.70982893292808,-37.71872672871512],[144.70983113474202,-37.71872698519617],[144.70983553836987,-37.718727498158145],[144.7098443456259,-37.71872852408154],[144.70984544653288,-37.71872865232193],[144.70984599698642,-37.71872871644212],[144.7098460657931,-37.718728724457144],[144.7098461001965,-37.71872872846465],[144.70984610742633,-37.71872872930774],[144.70984610917225,-37.718728729515796],[144.70984611266428,-37.718728729932714],[144.70984614060848,-37.71872873330541],[144.70984619653677,-37.71872874025115],[144.70984642073321,-37.71872877072412],[144.70984664556667,-37.7187288055503],[144.70984687085078,-37.71872884479045],[144.7098470963934,-37.718728888499015],[144.7098473219965,-37.71872893672396],[144.7098475474572,-37.71872898950623],[144.70984777256768,-37.718729046879474],[144.709847997116,-37.71872910886976],[144.70984822088639,-37.71872917549525],[144.70984844366012,-37.71872924676589],[144.70984866521582,-37.71872932268323],[144.7098488853303,-37.71872940324018],[144.70984910377896,-37.71872948842084],[144.70984932033676,-37.718729578200296],[144.70984953477867,-37.718729672544725],[144.70984974688056,-37.718729771411056],[144.70984995641987,-37.71872987474716],[144.70985016317616,-37.71872998249175],[144.70985036693216,-37.71873009457457],[144.70985056747435,-37.718730210916426],[144.70985076459343,-37.71873033142931],[144.7098509580855,-37.71873045601666],[144.7098511477525,-37.71873058457367],[144.7098513334027,-37.71873071698742],[144.70985151485178,-37.7187308531373],[144.70985169192292,-37.71873099289539],[144.70985186444798,-37.71873113612675],[144.70985203226732,-37.718731282689994],[144.70985219523092,-37.71873143243768],[144.70985235319853,-37.71873158521681],[144.7098525060399,-37.71873174086935],[144.70985265363564,-37.71873189923269],[144.709852795877,-37.71873206014037],[144.7098529326663,-37.718732223422506],[144.70985306391722,-37.71873238890639],[144.70985318955465,-37.718732556417024],[144.70985330951507,-37.718732725777926],[144.70985342374638,-37.71873289681135],[144.70985353220783,-37.718733069339045],[144.7098536348701,-37.71873324318299],[144.70985373171496,-37.71873341816555],[144.7098538227352,-37.71873359411035],[144.70985390793447,-37.718733770842604],[144.70985398732682,-37.71873394818959],[144.70985406093644,-37.71873412598129],[144.70985412879745,-37.718734304050635],[144.70985419095328,-37.71873448223397],[144.70985424745646,-37.71873466037153],[144.7098542983682,-37.71873483830767],[144.70985434375766,-37.718735015891234],[144.70985436440526,-37.7187351045048],[144.70985437422175,-37.718735148759215],[144.70985437542512,-37.71873515428842],[144.70985437505038,-37.71873515747808],[144.70985436957918,-37.71873515684037],[144.70985435863682,-37.71873515556496],[144.7098542710978,-37.718735145361606],[144.70985409601977,-37.71873512495491],[144.70985269539543,-37.718734961701394],[144.70984989414677,-37.71873463519425],[144.70984989414677,-37.71873463519427]]]},"properties":{"LAYER":"POLY_LINEMARKING_P1","LAYER_TYPE":"fill"}},{"type":"Feature","geometry":{"type":"Polygon","coordinates":[[[144.7098790769441,-37.718633930050814],[144.70988802096142,-37.718639752816635],[144.7098891389637,-37.718640480662316],[144.70988927871397,-37.71864057164303],[144.70988929618278,-37.71864058301561],[144.7098892983664,-37.71864058443719],[144.70988929852422,-37.71864058462232],[144.70988929816465,-37.7186405845804],[144.70988929744556,-37.71864058449658],[144.7098892945691,-37.71864058416131],[144.70988928881627,-37.71864058349077],[144.70988926580478,-37.71864058080862],[144.70988921978187,-37.7186405754443],[144.70988903569025,-37.71864055398705],[144.709888667507,-37.71864051107253],[144.70988719477393,-37.71864033941448],[144.70988424930792,-37.71863999609825],[144.70988277657486,-37.71863982444013],[144.7098825924833,-37.71863980298288],[144.70988256947183,-37.718639800300686],[144.7098825665954,-37.71863979996543],[144.70988256618452,-37.71863979991749],[144.70988256618455,-37.71863979991743],[144.70988256618475,-37.718639799917305],[144.7098825661854,-37.71863979991685],[144.7098825661867,-37.71863979991591],[144.70988256619188,-37.718639799912054],[144.70988256620234,-37.71863979990441],[144.70988256624398,-37.718639799873806],[144.70988256632734,-37.71863979981257],[144.70988256666067,-37.71863979956771],[144.70988256682736,-37.71863979944525],[144.7098825669107,-37.71863979938405],[144.70988256693153,-37.71863979936877],[144.70988256694193,-37.718639799361085],[144.70988256694454,-37.71863979935919],[144.70988256694582,-37.71863979935822],[144.7098825669462,-37.71863979935797],[144.7098825669463,-37.71863979935785],[144.70988256683225,-37.7186397995293],[144.709882566033,-37.71863980072966],[144.70988255963135,-37.71863981033151],[144.70988250790649,-37.71863988707306],[144.70988245527062,-37.71863996367804],[144.70988240172252,-37.71864004013714],[144.709882347261,-37.71864011644098],[144.70988229188498,-37.718640192580196],[144.7098822355938,-37.71864026854526],[144.7098821783868,-37.71864034432663],[144.70988212026361,-37.71864041991477],[144.709882061224,-37.7186404953],[144.709882001268,-37.718640570472644],[144.70988194039577,-37.718640645423],[144.70988187860772,-37.71864072014127],[144.70988181590442,-37.71864079461767],[144.70988175228672,-37.71864086884235],[144.70988168775563,-37.71864094280543],[144.7098816223124,-37.718641016496996],[144.70988155595836,-37.71864108990716],[144.70988148869537,-37.718641163025964],[144.70988142052514,-37.7186412358434],[144.7098813514498,-37.71864130834956],[144.70988128147172,-37.71864138053443],[144.7098812105934,-37.71864145238796],[144.70988113881756,-37.71864152390022],[144.70988106614723,-37.718641595061186],[144.70988099258562,-37.71864166586084],[144.70988091813612,-37.718641736289214],[144.70988084280242,-37.71864180633635],[144.70988076658838,-37.71864187599223],[144.70988068949814,-37.71864194524701],[144.70988061153602,-37.71864201409069],[144.7098805327066,-37.71864208251339],[144.70988045301462,-37.718642150505275],[144.70988037246516,-37.7186422180565],[144.7098802910634,-37.71864228515727],[144.70988020881495,-37.71864235179789],[144.70988012572536,-37.71864241796866],[144.7098800418007,-37.718642483659906],[144.70987995704704,-37.71864254886204],[144.70987987147072,-37.718642613565585],[144.7098797850785,-37.71864267776103],[144.70987969787708,-37.718642741439005],[144.70987960987352,-37.71864280459018],[144.70987952107524,-37.7186428672053],[144.70987943148955,-37.71864292927524],[144.7098793411242,-37.71864299079084],[144.7098792499872,-37.718643051743186],[144.7098791580867,-37.718643112123324],[144.7098790654309,-37.7186431719225],[144.7098789720285,-37.71864323113196],[144.70987887788823,-37.718643289743106],[144.7098787830191,-37.71864334774747],[144.7098786874302,-37.71864340513664],[144.70987859113097,-37.71864346190236],[144.70987849413103,-37.718643518036515],[144.70987839644013,-37.718643573531025],[144.7098782980682,-37.71864362837805],[144.70987819902535,-37.718643682569756],[144.70987809932197,-37.71864373609853],[144.7098779989686,-37.7186437889569],[144.7098778979759,-37.718643841137464],[144.7098777963547,-37.71864389263301],[144.70987769411616,-37.71864394343652],[144.70987759127138,-37.718643993541036],[144.7098774878317,-37.718644042939765],[144.70987738380876,-37.71864409162616],[144.7098772792141,-37.7186441395937],[144.70987717405967,-37.71864418683613],[144.70987706835743,-37.71864423334731],[144.70987696211938,-37.718644279121285],[144.7098768553579,-37.71864432415228],[144.7098767480853,-37.71864436843464],[144.70987664031406,-37.718644411962934],[144.7098765320569,-37.71864445473194],[144.70987642332653,-37.71864449673645],[144.70987631413578,-37.71864453797167],[144.70987620449762,-37.71864457843282],[144.70987609442514,-37.71864461811536],[144.70987598393145,-37.71864465701496],[144.70987587302983,-37.71864469512739],[144.70987576173366,-37.718644732448695],[144.7098756500563,-37.71864476897511],[144.7098755380113,-37.718644804703004],[144.70987542561213,-37.71864483962897],[144.70987531287255,-37.71864487374982],[144.70987519980608,-37.71864490706249],[144.70987508642665,-37.71864493956417],[144.7098749727479,-37.71864497125226],[144.70987485878373,-37.7186450021243],[144.70987474454796,-37.71864503217806],[144.70987463005454,-37.71864506141151],[144.70987451531732,-37.7186450898228],[144.70987440035032,-37.718645117410276],[144.70987428516747,-37.718645144172534],[144.7098741697827,-37.718645170108296],[144.70987405421005,-37.71864519521652],[144.70987393846346,-37.718645219496324],[144.7098738225568,-37.71864524294706],[144.70987370650417,-37.71864526556831],[144.70987359031943,-37.71864528735973],[144.70987347401652,-37.71864530832131],[144.70987335760924,-37.718645328453164],[144.70987324111152,-37.71864534775557],[144.70987312453713,-37.71864536622905],[144.7098730078998,-37.7186453838743],[144.70987289121325,-37.71864540069222],[144.70987277449126,-37.718645416683856],[144.7098726577473,-37.71864543185042],[144.7098725409949,-37.71864544619343],[144.7098724242476,-37.718645459714416],[144.70987230751876,-37.71864547241526],[144.7098721908217,-37.71864548429791],[144.70987207416968,-37.7186454953645],[144.7098719575758,-37.71864550561736],[144.70987184105314,-37.71864551505903],[144.7098717246146,-37.718645523692125],[144.7098716082732,-37.71864553151955],[144.70987149204154,-37.71864553854422],[144.7098713759323,-37.71864554476938],[144.70987125995805,-37.718645550198346],[144.7098711441312,-37.718645554834524],[144.70987102846402,-37.71864555868166],[144.70987091296877,-37.71864556174346],[144.70987079765737,-37.71864556402388],[144.70987068254186,-37.71864556552705],[144.70987056763397,-37.71864556625717],[144.7098704529454,-37.718645566218584],[144.70987033848763,-37.718645565415855],[144.709870224272,-37.71864556385358],[144.70987011030982,-37.71864556153654],[144.70986999661213,-37.71864555846965],[144.7098698831898,-37.71864555465793],[144.7098697700537,-37.71864555010656],[144.70986965721443,-37.71864554482078],[144.7098695446824,-37.71864553880598],[144.70986943246797,-37.718645532067654],[144.7098693205813,-37.718645524611404],[144.70986920903232,-37.71864551644298],[144.70986909783082,-37.71864550756817],[144.70986898698655,-37.718645497992895],[144.7098688765089,-37.71864548772318],[144.70986876640728,-37.7186454767651],[144.70986865669076,-37.718645465124865],[144.7098685473683,-37.71864545280878],[144.70986843844872,-37.718645439823185],[144.70986832994063,-37.71864542617454],[144.70986822185247,-37.71864541186934],[144.70986820837143,-37.71864541003532],[144.70986820668674,-37.71864540980537],[144.70986820644544,-37.71864540977251],[144.7098682064439,-37.71864540977247],[144.7098682064408,-37.718645409772364],[144.70986820642844,-37.71864540977201],[144.70986820640368,-37.7186454097713],[144.70986820630478,-37.71864540976842],[144.70986820610685,-37.7186454097627],[144.70986820531536,-37.71864540973982],[144.7098682037323,-37.71864540969403],[144.70986820056623,-37.718645409602466],[144.70986819977475,-37.71864540957958],[144.70986819937897,-37.71864540956815],[144.70986819928004,-37.718645409565276],[144.70986819923056,-37.71864540956384],[144.7098681992182,-37.718645409563486],[144.70986819921202,-37.71864540956331],[144.70986819921046,-37.718645409563266],[144.7098681992097,-37.71864540956324],[144.70986819901796,-37.718645409540905],[144.709868197678,-37.71864540938475],[144.70986818695852,-37.71864540813528],[144.7098681012025,-37.71864539813979],[144.70986741515432,-37.71864531817561],[144.70986192676915,-37.71864467846209],[144.70985094999907,-37.71864339903429],[144.70984546161415,-37.71864275932001],[144.70984408951796,-37.718642599391394],[144.7098434034699,-37.71864251942708],[144.70984323195788,-37.718642499436015],[144.70984314620185,-37.71864248944048],[144.70984312476284,-37.71864248694159],[144.70984311404334,-37.71864248569216],[144.70984311136345,-37.718642485379796],[144.7098431100235,-37.71864248522361],[144.70984310945047,-37.718642485149864],[144.709843109459,-37.71864248510223],[144.7098431095269,-37.71864248472113],[144.70984311007047,-37.718642481672326],[144.70984311441907,-37.71864245728194],[144.70984314920793,-37.71864226215879],[144.70984342751862,-37.71864070117363],[144.70984343159893,-37.71864069920102],[144.70984343210893,-37.718640698954445],[144.70984343217273,-37.71864069892362],[144.7098434321807,-37.71864069891974],[144.70984343218166,-37.718640698919266],[144.70984343261193,-37.718640698969374],[144.70984343361556,-37.718640699086464],[144.70984343562276,-37.718640699320645],[144.7098434436516,-37.71864070025733],[144.7098434597093,-37.718640702130685],[144.70984352394018,-37.71864070962412],[144.70984365240184,-37.718640724610985],[144.7098441662485,-37.718640784558495],[144.70984519394182,-37.71864090445352],[144.70984930471514,-37.71864138403346],[144.70985752626203,-37.71864234319293],[144.70986163703552,-37.71864282277246],[144.70986215088223,-37.71864288271989],[144.70986221511308,-37.718642890213324],[144.7098622231419,-37.71864289114999],[144.70986222414555,-37.71864289126709],[144.7098622242889,-37.7186428912838],[144.7098622242889,-37.7186428912838],[144.7098622242889,-37.7186428912838],[144.7098622242889,-37.71864289128377],[144.7098622242889,-37.718642891283736],[144.70986222428897,-37.71864289128353],[144.70986222428903,-37.71864289128318],[144.7098622242893,-37.7186428912817],[144.70986222428982,-37.71864289127879],[144.70986222429195,-37.71864289126711],[144.70986222429306,-37.71864289126128],[144.7098622242936,-37.71864289125837],[144.70986222429372,-37.71864289125762],[144.7098622242938,-37.71864289125727],[144.7098622242938,-37.71864289125717],[144.7098622242938,-37.71864289125714],[144.7098622242938,-37.71864289125711],[144.7098622242938,-37.718642891257105],[144.70986222446857,-37.71864289127704],[144.7098622256917,-37.718642891416465],[144.7098622354793,-37.71864289252762],[144.70986231394357,-37.718642901148804],[144.70986239269348,-37.71864290928992],[144.70986247172294,-37.718642916946436],[144.7098625510256,-37.71864292411388],[144.7098626305948,-37.71864293078777],[144.70986271042412,-37.718642936963796],[144.7098627905067,-37.71864294263762],[144.70986287083565,-37.718642947805],[144.70986295140415,-37.71864295246183],[144.70986303220496,-37.718642956603965],[144.70986311323097,-37.71864296022735],[144.70986319447485,-37.718642963328136],[144.70986327592908,-37.718642965902376],[144.7098633575862,-37.718642967946366],[144.7098634394385,-37.718642969456354],[144.70986352147818,-37.718642970428704],[144.70986360369747,-37.71864297085992],[144.70986368608823,-37.71864297074659],[144.7098637686425,-37.71864297008537],[144.70986385135205,-37.71864296887298],[144.70986393420856,-37.718642967106256],[144.7098640172036,-37.7186429647822],[144.70986410032884,-37.71864296189782],[144.70986418357558,-37.71864295845028],[144.7098642669351,-37.718642954436845],[144.7098643503988,-37.71864294985484],[144.70986443395765,-37.71864294470178],[144.70986451760285,-37.71864293897524],[144.70986460132534,-37.71864293267293],[144.709864685116,-37.71864292579263],[144.7098647689657,-37.718642918332286],[144.7098648528652,-37.71864291028996],[144.70986493680522,-37.71864290166377],[144.70986502077625,-37.71864289245206],[144.709865104769,-37.718642882653214],[144.70986518877388,-37.71864287226577],[144.70986527278134,-37.71864286128837],[144.7098653567818,-37.71864284971986],[144.70986544076553,-37.71864283755912],[144.70986552472283,-37.718642824805215],[144.70986560864398,-37.71864281145729],[144.70986569251917,-37.71864279751473],[144.70986577633855,-37.718642782976886],[144.7098658600922,-37.718642767843434],[144.70986594377027,-37.718642752114036],[144.70986602736284,-37.71864273578857],[144.70986611085996,-37.71864271886702],[144.70986619425156,-37.71864270134951],[144.70986627752777,-37.71864268323631],[144.70986636067846,-37.718642664527856],[144.7098664436938,-37.718642645224655],[144.7098665265636,-37.718642625327426],[144.70986660927798,-37.71864260483699],[144.70986669182682,-37.71864258375433],[144.7098667742002,-37.71864256208054],[144.70986685638806,-37.71864253981687],[144.70986693838054,-37.718642516964714],[144.7098670201676,-37.718642493525635],[144.70986710173923,-37.71864246950129],[144.70986718308563,-37.71864244489346],[144.70986726419696,-37.7186424197042],[144.70986734506326,-37.718642393935504],[144.70986742567484,-37.71864236758968],[144.70986750602185,-37.718642340669064],[144.70986758609467,-37.718642313176176],[144.70986766588356,-37.71864228511369],[144.70986774537894,-37.71864225648441],[144.7098678245713,-37.718642227291184],[144.70986790345106,-37.71864219753714],[144.7098679820089,-37.71864216722549],[144.70986806023544,-37.7186421363595],[144.70986813812138,-37.718642104942674],[144.7098682156575,-37.71864207297857],[144.70986829283473,-37.71864204047095],[144.70986836964403,-37.71864200742362],[144.70986844607646,-37.71864197384058],[144.70986852212314,-37.71864193972588],[144.70986859777528,-37.7186419050838],[144.70986867302426,-37.71864186991864],[144.7098687478615,-37.718641834234894],[144.7098688222786,-37.71864179803709],[144.7098688962671,-37.71864176133],[144.7098689698188,-37.71864172411835],[144.7098690429257,-37.718641686407075],[144.70986911557964,-37.71864164820122],[144.70986918777274,-37.718641609505944],[144.7098692594973,-37.718641570326426],[144.70986933074565,-37.71864153066805],[144.70986940151033,-37.718641490536235],[144.70986947178386,-37.718641449936534],[144.70986954155904,-37.71864140887459],[144.70986961082872,-37.718641367356106],[144.709869679586,-37.718641325386926],[144.709869747824,-37.7186412829729],[144.70986981553602,-37.71864124012009],[144.70986988271548,-37.718641196834554],[144.70986994935603,-37.718641153122434],[144.70987001545137,-37.71864110898991],[144.70987008099542,-37.71864106444338],[144.7098701459822,-37.718641019489155],[144.70987021040594,-37.718640974133685],[144.709870274261,-37.7186409283835],[144.7098703375418,-37.718640882245175],[144.7098704002431,-37.71864083572533],[144.70987046235962,-37.718640788830655],[144.70987052388642,-37.7186407415679],[144.70987058481867,-37.71864069394387],[144.7098706451515,-37.71864064596538],[144.7098707048806,-37.71864059763934],[144.7098707640014,-37.7186405489727],[144.70987082250983,-37.71864049997243],[144.70987088040172,-37.7186404506455],[144.70987093767326,-37.718640400999],[144.70987099432068,-37.71864035103999],[144.70987105034047,-37.718640300775554],[144.70987110572926,-37.718640250212836],[144.7098711604837,-37.718640199359],[144.7098712146008,-37.71864014822119],[144.70987126807765,-37.718640096806595],[144.7098713209116,-37.71864004512244],[144.7098713730999,-37.71863999317593],[144.70987142464026,-37.718639940974256],[144.7098714755304,-37.718639888524685],[144.70987152576825,-37.718639835834395],[144.70987157535183,-37.718639782910664],[144.70987162427934,-37.718639729760696],[144.7098716725493,-37.71863967639166],[144.7098717201602,-37.71863962281087],[144.70987176711074,-37.718639569025434],[144.70987181339973,-37.7186395150426],[144.70987185902632,-37.71863946086951],[144.7098719039896,-37.71863940651331],[144.70987194828885,-37.71863935198115],[144.70987199192362,-37.71863929728017],[144.7098720348935,-37.71863924241738],[144.7098720771983,-37.718639187399916],[144.7098721188379,-37.718639132234784],[144.7098721598124,-37.71863907692891],[144.70987220012196,-37.71863902148935],[144.70987223976695,-37.718638965923],[144.70987227874787,-37.718638910236734],[144.70987231706536,-37.718638854437415],[144.70987235472018,-37.71863879853183],[144.7098723917132,-37.71863874252674],[144.70987242804543,-37.71863868642888],[144.7098724637181,-37.71863863024487],[144.70987246813084,-37.718638623216165],[144.70987246868174,-37.71863862233749],[144.70987246876047,-37.718638622211195],[144.70987246876052,-37.718638622209426],[144.70987246876066,-37.71863862220588],[144.7098724687612,-37.71863862219173],[144.70987246876237,-37.71863862216335],[144.70987246876686,-37.71863862205],[144.7098724687759,-37.718638621823246],[144.70987246881197,-37.71863862091623],[144.70987246888419,-37.718638619102215],[144.7098724690286,-37.71863861547421],[144.70987246906466,-37.7186386145672],[144.70987246908274,-37.71863861411369],[144.7098724690872,-37.71863861400031],[144.70987246908948,-37.71863861394361],[144.70987246909007,-37.71863861392946],[144.70987246909033,-37.718638613922366],[144.7098724688171,-37.71863861388802],[144.7098724669036,-37.718638613668865],[144.70987245159534,-37.71863861191569],[144.70987232912935,-37.718638597890326],[144.70987134940182,-37.71863848568738],[144.70986938994668,-37.718638261281455],[144.70986841021912,-37.71863814907847],[144.70986816528722,-37.71863812102775],[144.70986804282126,-37.71863810700236],[144.70986801220477,-37.71863810349602],[144.70986799689655,-37.718638101742854],[144.70986799306948,-37.71863810130454],[144.70986799115593,-37.71863810108542],[144.70986799067757,-37.71863810103061],[144.70986799043837,-37.718638101003236],[144.70986799067418,-37.7186381008642],[144.70986799304256,-37.718638099973205],[144.7098680119894,-37.71863809284513],[144.70986816356415,-37.71863803582054],[144.70986937616195,-37.71863757962395],[144.7098790769441,-37.71863393005082],[144.7098790769441,-37.718633930050814]]]},"properties":{"LAYER":"POLY_LINEMARKING_P1","LAYER_TYPE":"fill"}},{"type":"Feature","geometry":{"type":"Polygon","coordinates":[[[144.71148356984605,-37.71911109198276],[144.7114746256426,-37.71910526933262],[144.71147350761734,-37.7191045415013],[144.71147336786413,-37.71910445052239],[144.711473350395,-37.719104439150016],[144.71147334821137,-37.71910443772847],[144.71147334805352,-37.719104437543365],[144.71147334841305,-37.71910443758526],[144.71147334913218,-37.71910443766907],[144.71147335200862,-37.7191044380043],[144.71147335776155,-37.71910443867476],[144.7114733807732,-37.719104441356606],[144.7114734267966,-37.719104446720316],[144.71147361088993,-37.71910446817515],[144.71147397907666,-37.7191045110848],[144.71147545182353,-37.719104682723454],[144.7114783973173,-37.71910502600068],[144.71147987006418,-37.71910519763927],[144.71148005415756,-37.71910521909409],[144.71148007716923,-37.71910522177595],[144.71148008004565,-37.71910522211117],[144.71148008045657,-37.71910522215909],[144.71148008045643,-37.71910522215914],[144.71148008045628,-37.71910522215927],[144.71148008045566,-37.719105222159754],[144.71148008045432,-37.71910522216071],[144.71148008044915,-37.71910522216452],[144.71148008043872,-37.71910522217216],[144.71148008039705,-37.719105222202806],[144.71148008031372,-37.71910522226403],[144.7114800799804,-37.719105222508915],[144.7114800798137,-37.71910522263134],[144.7114800797304,-37.71910522269255],[144.7114800797095,-37.71910522270787],[144.7114800796991,-37.719105222715505],[144.7114800796965,-37.7191052227174],[144.71148007969518,-37.71910522271837],[144.71148007969492,-37.71910522271862],[144.7114800796947,-37.719105222718746],[144.71148007980884,-37.71910522254731],[144.711480080608,-37.71910522134693],[144.71148008700948,-37.719105211745],[144.71148013873312,-37.71910513500269],[144.7114801913677,-37.719105058396956],[144.7114802449146,-37.71910498193711],[144.71148029937493,-37.71910490563246],[144.71148035474968,-37.7191048294925],[144.71148041103962,-37.719104753526636],[144.7114804682454,-37.71910467774443],[144.7114805263674,-37.719104602155475],[144.71148058540584,-37.7191045267694],[144.7114806453606,-37.7191044515959],[144.71148070623173,-37.71910437664468],[144.71148076801865,-37.71910430192554],[144.71148083072077,-37.71910422744825],[144.71148089433734,-37.719104153222695],[144.71148095886733,-37.719104079258706],[144.71148102430945,-37.71910400556619],[144.71148109066232,-37.71910393215508],[144.71148115792428,-37.71910385903537],[144.71148122609344,-37.71910378621695],[144.71148129516772,-37.71910371370983],[144.71148136514475,-37.71910364152399],[144.71148143602207,-37.71910356966946],[144.71148150779686,-37.719103498156194],[144.71148158046617,-37.719103426994195],[144.7114816540268,-37.71910335619351],[144.71148172847532,-37.7191032857641],[144.71148180380806,-37.71910321571592],[144.71148188002115,-37.71910314605893],[144.71148195711046,-37.719103076803144],[144.71148203507164,-37.719103007958346],[144.7114821139002,-37.71910293953455],[144.71148219359125,-37.71910287154156],[144.71148227413983,-37.719102803989216],[144.71148235554068,-37.71910273688729],[144.7114824377883,-37.71910267024551],[144.711482520877,-37.71910260407361],[144.71148260480092,-37.719102538381186],[144.71148268955378,-37.71910247317788],[144.7114827751293,-37.71910240847316],[144.71148286152078,-37.71910234427652],[144.71148294872143,-37.71910228059732],[144.7114830367242,-37.71910221744493],[144.71148312552182,-37.71910215482859],[144.7114832151068,-37.719102092757424],[144.71148330547143,-37.71910203124054],[144.71148339660778,-37.71910197028695],[144.71148348850767,-37.7191019099055],[144.7114835811628,-37.71910185010508],[144.71148367456456,-37.71910179089432],[144.71148376870426,-37.719101732281906],[144.71148386357285,-37.71910167427622],[144.71148395916111,-37.719101616885716],[144.7114840554598,-37.71910156011866],[144.71148415245924,-37.719101503983175],[144.71148425014965,-37.7191014484873],[144.7114843485211,-37.719101393638965],[144.71148444756346,-37.7191013394459],[144.71148454726634,-37.71910128591571],[144.7114846476193,-37.71910123305599],[144.71148474861155,-37.71910118087402],[144.71148485023235,-37.719101129377044],[144.71148495247053,-37.71910107857215],[144.711485055315,-37.71910102846624],[144.71148515875427,-37.719100979066056],[144.71148526277693,-37.71910093037827],[144.7114853673712,-37.71910088240928],[144.7114854725254,-37.7191008351654],[144.7114855782274,-37.71910078865277],[144.71148568446517,-37.719100742877316],[144.71148579122644,-37.719100697844866],[144.7114858984988,-37.719100653561036],[144.71148600626984,-37.71910061003125],[144.71148611452685,-37.71910056726079],[144.71148622325708,-37.71910052525475],[144.7114863324477,-37.719100484018036],[144.71148644208574,-37.719100443555384],[144.7114865521581,-37.71910040387134],[144.71148666265177,-37.71910036497025],[144.7114867735533,-37.71910032685628],[144.71148688484942,-37.71910028953344],[144.71148699652673,-37.71910025300551],[144.7114871085718,-37.71910021727608],[144.71148722097095,-37.71910018234858],[144.71148733371058,-37.71910014822619],[144.71148744677708,-37.71910011491199],[144.71148756015666,-37.71910008240876],[144.71148767383545,-37.71910005071909],[144.71148778779974,-37.71910001984549],[144.71148790203569,-37.719099989790166],[144.71148801652927,-37.71909996055515],[144.71148813126666,-37.719099932142306],[144.71148824623384,-37.71909990455325],[144.7114883614169,-37.719099877789425],[144.7114884768019,-37.71909985185209],[144.71148859237485,-37.719099826742294],[144.71148870812172,-37.719099802460924],[144.71148882402858,-37.719099779008594],[144.71148894008152,-37.71909975638578],[144.7114890562666,-37.71909973459274],[144.71148917256986,-37.719099713629575],[144.7114892889775,-37.719099693496155],[144.7114894054756,-37.71909967419214],[144.7114895220504,-37.71909965571706],[144.7114896386881,-37.71909963807022],[144.71148975537508,-37.71909962125074],[144.7114898720976,-37.71909960525752],[144.71148998884203,-37.71909959008934],[144.71149010559486,-37.71909957574477],[144.7114902223427,-37.719099562222176],[144.71149033907204,-37.71909954951975],[144.71149045576962,-37.719099537635515],[144.71149057242224,-37.71909952656736],[144.71149068901667,-37.71909951631288],[144.71149080553997,-37.71909950686964],[144.71149092197905,-37.719099498234954],[144.71149103832116,-37.719099490405966],[144.71149115455344,-37.7190994833797],[144.71149127066334,-37.71909947715295],[144.71149138663824,-37.71909947172245],[144.7114915024658,-37.71909946708467],[144.71149161813366,-37.71909946323596],[144.71149173362969,-37.71909946017261],[144.7114918489418,-37.7190994578906],[144.71149196405804,-37.71909945638589],[144.7114920789667,-37.719099455654224],[144.71149219365603,-37.719099455691214],[144.71149230811463,-37.719099456492415],[144.71149242233105,-37.719099458053165],[144.7114925362941,-37.719099460368646],[144.71149264999264,-37.71909946343397],[144.7114927634158,-37.71909946724413],[144.71149287655274,-37.71909947179398],[144.71149298939292,-37.719099477078245],[144.71149310192578,-37.71909948309152],[144.71149321414114,-37.719099489828324],[144.7114933260288,-37.71909949728302],[144.7114934375787,-37.719099505449975],[144.71149354878114,-37.71909951432327],[144.7114936596264,-37.71909952389708],[144.71149377010497,-37.71909953416529],[144.7114938802076,-37.71909954512188],[144.71149398992515,-37.71909955676061],[144.7114940992486,-37.71909956907523],[144.71149420816923,-37.71909958205937],[144.7114943166783,-37.71909959570655],[144.71149442476752,-37.7190996100103],[144.7114944382487,-37.71909961184407],[144.7114944399334,-37.71909961207401],[144.71149444017473,-37.71909961210689],[144.71149444017627,-37.71909961210695],[144.71149444017934,-37.71909961210704],[144.7114944401917,-37.7190996121074],[144.71149444021643,-37.719099612108096],[144.7114944403154,-37.719099612110966],[144.7114944405133,-37.71909961211669],[144.7114944413048,-37.71909961213957],[144.71149444288784,-37.71909961218533],[144.71149444605393,-37.71909961227688],[144.71149444684548,-37.71909961229974],[144.71149444724125,-37.71909961231117],[144.71149444734016,-37.71909961231405],[144.71149444738967,-37.71909961231547],[144.71149444740203,-37.719099612315816],[144.71149444740817,-37.719099612316],[144.71149444740976,-37.71909961231604],[144.71149444741053,-37.719099612316064],[144.71149444760223,-37.7190996123384],[144.71149444894223,-37.719099612494546],[144.7114944596618,-37.71909961374385],[144.7114945454186,-37.7190996237382],[144.7114952314732,-37.71909970369308],[144.71150071990976,-37.71910034333201],[144.71151169678328,-37.719101622609074],[144.71151718522017,-37.71910226224723],[144.71151855732944,-37.71910242215673],[144.71151924338406,-37.71910250211148],[144.7115194148977,-37.71910252210015],[144.71151950065456,-37.71910253209449],[144.71151952209377,-37.719102534593084],[144.71151953281338,-37.71910253584237],[144.71151953549324,-37.7191025361547],[144.71151953683318,-37.71910253631087],[144.71151953740628,-37.71910253638459],[144.71151953739778,-37.71910253643224],[144.71151953732985,-37.71910253681332],[144.7115195367863,-37.71910253986212],[144.7115195324382,-37.71910256425262],[144.71151949765348,-37.719102759376376],[144.71151921937553,-37.719104320366476],[144.71151921529528,-37.719104322339156],[144.71151921478523,-37.71910432258574],[144.71151921472148,-37.719104322616566],[144.7115192147135,-37.71910432262042],[144.71151921471252,-37.719104322620915],[144.71151921428228,-37.7191043225708],[144.71151921327865,-37.71910432245372],[144.7115192112714,-37.71910432221958],[144.71151920324243,-37.71910432128303],[144.71151918718462,-37.71910431940988],[144.71151912295312,-37.71910431191734],[144.71151899449023,-37.71910429693225],[144.71151848063872,-37.71910423699191],[144.7115174529355,-37.71910411711121],[144.71151334212303,-37.719103637588326],[144.71150512049803,-37.71910267854213],[144.7115010096857,-37.71910219901887],[144.71150049583414,-37.71910213907844],[144.71150043160273,-37.719102131585885],[144.7115004235738,-37.7191021306493],[144.71150042257017,-37.71910213053223],[144.7115004224268,-37.71910213051551],[144.7115004224268,-37.71910213051551],[144.7115004224268,-37.71910213051553],[144.71150042242678,-37.719102130515566],[144.71150042242678,-37.71910213051561],[144.71150042242678,-37.71910213051579],[144.7115004224267,-37.71910213051615],[144.71150042242638,-37.7191021305176],[144.71150042242587,-37.71910213052052],[144.71150042242374,-37.719102130532214],[144.71150042242263,-37.719102130538054],[144.7115004224221,-37.71910213054097],[144.711500422422,-37.71910213054169],[144.71150042242192,-37.719102130542076],[144.71150042242192,-37.719102130542154],[144.71150042242186,-37.7191021305422],[144.7115004224219,-37.71910213054222],[144.7115004224219,-37.71910213054225],[144.71150042224713,-37.719102130522295],[144.711500421024,-37.719102130382915],[144.7115004112363,-37.719102129271846],[144.71150033277135,-37.719102120651726],[144.71150025402065,-37.71910211251169],[144.71150017499048,-37.71910210485627],[144.71150009568714,-37.71910209768992],[144.71150001611718,-37.7191020910171],[144.71149993628725,-37.71910208484217],[144.71149985620403,-37.719102079169446],[144.7114997758743,-37.719102074003125],[144.71149969530524,-37.719102069347436],[144.71149961450374,-37.71910206520642],[144.71149953347708,-37.719102061584096],[144.71149945223263,-37.71910205848444],[144.71149937077774,-37.71910205591129],[144.71149928912007,-37.71910205386845],[144.71149920726714,-37.71910205235961],[144.71149912522685,-37.71910205138836],[144.71149904300702,-37.71910205095824],[144.71149896061567,-37.71910205107268],[144.7114988780608,-37.719102051735064],[144.71149879535076,-37.71910205294859],[144.71149871249372,-37.71910205471644],[144.7114986294981,-37.71910205704163],[144.7114985463724,-37.71910205992716],[144.71149846312514,-37.71910206337584],[144.71149837976515,-37.71910206739044],[144.711498296301,-37.71910207197358],[144.71149821274167,-37.719102077127786],[144.71149812909604,-37.719102082855436],[144.7114980453731,-37.71910208915893],[144.71149796158195,-37.719102096040366],[144.71149787773186,-37.719102103501854],[144.7114977938319,-37.719102111545354],[144.71149770989157,-37.71910212017267],[144.71149762592015,-37.719102129385554],[144.71149754192706,-37.719102139185544],[144.7114974579218,-37.719102149574155],[144.71149737391397,-37.71910216055268],[144.7114972899132,-37.719102172122355],[144.7114972059292,-37.71910218428426],[144.71149712197152,-37.71910219703931],[144.71149703805008,-37.71910221038838],[144.71149695417466,-37.71910222433212],[144.711496870355,-37.71910223887109],[144.71149678660112,-37.71910225400571],[144.71149670292277,-37.719102269736254],[144.71149661932998,-37.71910228606288],[144.7114965358327,-37.71910230298559],[144.71149645244088,-37.71910232050425],[144.7114963691645,-37.71910233861859],[144.7114962860136,-37.71910235732818],[144.71149620299815,-37.71910237663253],[144.71149612012817,-37.7191023965309],[144.7114960374137,-37.71910241702247],[144.71149595486474,-37.71910243810628],[144.7114958724912,-37.71910245978122],[144.7114957903033,-37.719102482046],[144.71149570831074,-37.719102504899276],[144.71149562652369,-37.719102528339505],[144.711495544952,-37.719102552364994],[144.71149546360553,-37.71910257697392],[144.7114953824942,-37.71910260216432],[144.71149530162788,-37.71910262793412],[144.71149522101632,-37.71910265428107],[144.7114951406693,-37.71910268120279],[144.71149506059658,-37.719102708696774],[144.71149498080771,-37.71910273676036],[144.7114949013124,-37.71910276539079],[144.71149482212013,-37.71910279458508],[144.71149474324045,-37.7191028243402],[144.71149466468273,-37.719102854652974],[144.71149458645633,-37.719102885520044],[144.71149450857055,-37.71910291693794],[144.71149443103454,-37.7191029489031],[144.71149435385746,-37.71910298141181],[144.71149427704836,-37.719103014460195],[144.71149420061613,-37.719103048044325],[144.7114941245697,-37.71910308216003],[144.71149404891776,-37.71910311680319],[144.711493973669,-37.719103151969385],[144.71149389883195,-37.71910318765418],[144.7114938244152,-37.719103223853004],[144.7114937504269,-37.71910326056116],[144.71149367687548,-37.719103297773806],[144.71149360376896,-37.71910333548611],[144.71149353111537,-37.71910337369297],[144.71149345892258,-37.71910341238925],[144.71149338719835,-37.719103451569765],[144.7114933159503,-37.71910349122914],[144.7114932451861,-37.71910353136194],[144.71149317491293,-37.71910357196263],[144.71149310513815,-37.71910361302557],[144.71149303586884,-37.71910365454498],[144.711492967112,-37.71910369651514],[144.71149289887447,-37.71910373893008],[144.7114928311629,-37.71910378178385],[144.7114927639839,-37.719103825070356],[144.71149269734383,-37.719103868783414],[144.71149263124894,-37.71910391291685],[144.7114925657054,-37.7191039574643],[144.71149250071915,-37.719104002419435],[144.71149243629594,-37.71910404777581],[144.71149237244143,-37.71910409352687],[144.71149230916117,-37.71910413966609],[144.7114922464605,-37.719104186186826],[144.7114921843445,-37.71910423308236],[144.71149212281824,-37.71910428034599],[144.71149206188667,-37.71910432797089],[144.71149200155435,-37.71910437595024],[144.71149194182598,-37.71910442427707],[144.71149188270576,-37.71910447294455],[144.711491824198,-37.71910452194567],[144.71149176630675,-37.71910457127341],[144.7114917090359,-37.71910462092073],[144.71149165238913,-37.719104670880554],[144.71149159637,-37.71910472114575],[144.711491540982,-37.71910477170927],[144.71149148622823,-37.71910482256387],[144.7114914321118,-37.71910487370244],[144.71149137863569,-37.719104925117776],[144.71149132580257,-37.719104976802704],[144.71149127361497,-37.719105028749965],[144.71149122207538,-37.71910508095236],[144.71149117118603,-37.71910513340267],[144.71149112094898,-37.71910518609367],[144.71149107136617,-37.719105239018106],[144.71149102243942,-37.719105292168784],[144.71149097417032,-37.719105345538466],[144.7114909265602,-37.719105399119954],[144.7114908796105,-37.71910545290606],[144.71149083332233,-37.71910550688956],[144.71149078769656,-37.7191055610633],[144.71149074273416,-37.71910561542013],[144.71149069843577,-37.71910566995293],[144.71149065480185,-37.71910572465453],[144.71149061183286,-37.719105779517925],[144.71149056952893,-37.719105834536],[144.71149052789028,-37.719105889701765],[144.71149048691666,-37.71910594500821],[144.71149044660802,-37.71910600044833],[144.71149040696392,-37.71910605601528],[144.7114903679839,-37.7191061117021],[144.71149032966736,-37.71910616750197],[144.7114902920135,-37.719106223408104],[144.71149025502143,-37.71910627941373],[144.71149021869013,-37.71910633551211],[144.71149018301838,-37.719106391696606],[144.71149017860574,-37.7191063987254],[144.71149017805487,-37.7191063996041],[144.71149017797615,-37.71910639973039],[144.7114901779761,-37.71910639973215],[144.71149017797597,-37.71910639973569],[144.7114901779754,-37.71910639974987],[144.71149017797424,-37.71910639977823],[144.71149017796975,-37.7191063998916],[144.71149017796077,-37.719106400118335],[144.71149017792465,-37.71910640102535],[144.7114901778525,-37.71910640283937],[144.7114901777082,-37.719106406467404],[144.71149017767215,-37.719106407374404],[144.7114901776541,-37.71910640782791],[144.71149017764958,-37.71910640794128],[144.71149017764733,-37.71910640799797],[144.71149017764677,-37.71910640801214],[144.71149017764648,-37.719106408019215],[144.71149017791973,-37.71910640805356],[144.71149017983328,-37.719106408272694],[144.71149019514164,-37.71910641002565],[144.7114903176088,-37.71910642404937],[144.7114912973456,-37.719106536239124],[144.71149325681932,-37.71910676061862],[144.71149423655615,-37.71910687280836],[144.7114944814904,-37.71910690085578],[144.7114946039575,-37.719106914879475],[144.71149463457425,-37.7191069183854],[144.71149464988267,-37.71910692013838],[144.71149465370974,-37.71910692057664],[144.71149465562328,-37.71910692079575],[144.71149465610168,-37.719106920850535],[144.7114946563409,-37.719106920877906],[144.71149465610506,-37.719106921016945],[144.7114946537367,-37.71910692190797],[144.71149463478986,-37.71910692903633],[144.71149448321532,-37.719106986063004],[144.7114932706188,-37.71910744227635],[144.71148356984605,-37.71911109198275],[144.71148356984605,-37.71911109198276]]]},"properties":{"LAYER":"POLY_LINEMARKING_P1","LAYER_TYPE":"fill"}},{"type":"Feature","geometry":{"type":"Polygon","coordinates":[[[144.71151265829894,-37.71901087033147],[144.71150411667494,-37.71900475315306],[144.71150358282352,-37.71900437082939],[144.7115035494578,-37.71900434693416],[144.71150354462534,-37.71900434620424],[144.7115035390367,-37.71900434805378],[144.71150352785932,-37.71900435175278],[144.71150350550457,-37.71900435915084],[144.71150341608555,-37.719004388743045],[144.71150323724763,-37.719004447927475],[144.71150287957164,-37.71900456629632],[144.7115014488679,-37.719005039771645],[144.71149858746026,-37.71900598672228],[144.71149286464484,-37.719007880623344],[144.71149143394095,-37.71900835409855],[144.71149134452193,-37.719008383690756],[144.71149133893326,-37.71900838554028],[144.71149134144017,-37.71900838599983],[144.71149134761052,-37.719008386720326],[144.71149135995134,-37.719008388161356],[144.71149138463284,-37.71900839104339],[144.71149148335903,-37.719008402571596],[144.71149168081132,-37.71900842562799],[144.711492075716,-37.71900847174079],[144.71149365533452,-37.71900865619195],[144.71149681457163,-37.71900902509423],[144.71149760438092,-37.71900911731978],[144.71149799928554,-37.71900916343255],[144.71149804864865,-37.719009169196646],[144.71149807333018,-37.71900917207869],[144.71149807845583,-37.71900917341632],[144.71149807940367,-37.71900917722254],[144.71149808130482,-37.71900918483547],[144.71149809677752,-37.7190092457631],[144.71149812913373,-37.71900936773684],[144.71149819953604,-37.719009612070316],[144.71149827760777,-37.71900985674647],[144.71149836343906,-37.71901010155353],[144.7114984571084,-37.719010346273635],[144.71149855868228,-37.71901059068329],[144.71149866821426,-37.719010834554005],[144.71149878574485,-37.71901107765271],[144.71149891130057,-37.71901131974237],[144.7114990448937,-37.719011560582565],[144.7114991865219,-37.71901179993031],[144.71149933616763,-37.71901203754049],[144.71149949379807,-37.71901227316678],[144.71149965936473,-37.719012506562365],[144.7114998328034,-37.71901273748058],[144.711500014034,-37.71901296567581],[144.71150020296034,-37.719013190904285],[144.71150039947054,-37.71901341292482],[144.7115006034368,-37.71901363149965],[144.71150081471598,-37.71901384639528],[144.71150103314946,-37.71901405738326],[144.71150125856383,-37.719014264240876],[144.71150149077098,-37.71901446675207],[144.71150172956902,-37.71901466470807],[144.71150197474262,-37.71901485790809],[144.71150222606346,-37.719015046160095],[144.71150248329138,-37.71901522928136],[144.7115027461748,-37.71901540709911],[144.7115030144516,-37.71901557945099],[144.71150328785023,-37.719015746185654],[144.71150356609024,-37.719015907163076],[144.71150384888344,-37.71901606225509],[144.71150413593497,-37.71901621134555],[144.711504426944,-37.71901635433073],[144.71150472160508,-37.7190164911194],[144.7115050196089,-37.71901662163306],[144.71150532064343,-37.719016745805945],[144.7115056243951,-37.71901686358505],[144.71150593054935,-37.71901697493012],[144.71150623879208,-37.71901707981349],[144.71150654881043,-37.71901717821998],[144.71150686029384,-37.719017270146644],[144.71150717293452,-37.71901735560249],[144.711507486429,-37.719017434608176],[144.71150780047836,-37.7190175071957],[144.71150811478935,-37.719017573407946],[144.711508429075,-37.719017633298265],[144.7115087430551,-37.719017686929995],[144.7115090564573,-37.719017734376],[144.71150936901708,-37.71901777571814],[144.7115096804787,-37.71901781104674],[144.71150975814348,-37.71901781895062],[144.71150979694312,-37.7190178227644],[144.7115098017915,-37.71901782323465],[144.71150980421552,-37.719017823469265],[144.71150981389243,-37.719017824586835],[144.71150985985287,-37.719017829940384],[144.71150995177368,-37.71901784064749],[144.71151068714028,-37.719017926304204],[144.71151215787344,-37.71901809761765],[144.71152392373912,-37.71901946812449],[144.71152980667213,-37.71902015337748],[144.7115327481387,-37.71902049600387],[144.71153421887198,-37.719020667317025],[144.7115345865553,-37.71902071014533],[144.711534770397,-37.719020731559475],[144.7115348623178,-37.719020742266544],[144.71153488529802,-37.7190207449433],[144.71153489678812,-37.71902074628168],[144.71153490253317,-37.71902074695088],[144.7115349052544,-37.719020747045576],[144.7115349058573,-37.71902074378138],[144.71153491550328,-37.719020691554356],[144.7115350698402,-37.71901985592264],[144.71153522417706,-37.71901902029091],[144.71153523382313,-37.719018968063914],[144.711535234426,-37.719018964799716],[144.71153520235617,-37.71901896084221],[144.71153513354898,-37.71901895282817],[144.7115349959346,-37.71901893680008],[144.71153472070586,-37.719018904743876],[144.71153361979083,-37.719018776519036],[144.71153141796077,-37.71901852006936],[144.71152701430077,-37.7190180071699],[144.711518206981,-37.71901698137049],[144.71151710606603,-37.7190168531455],[144.71151655560848,-37.71901678903301],[144.71151648680134,-37.719016781018944],[144.71151645239775,-37.71901677701191],[144.71151644516783,-37.71901677616893],[144.71151644342189,-37.71901677596089],[144.7115164399298,-37.719016775544034],[144.71151641198543,-37.7190167721717],[144.71151635605668,-37.719016765226755],[144.7115161318586,-37.719016734756934],[144.7115159070233,-37.71901669993387],[144.71151568173724,-37.71901666069686],[144.71151545619264,-37.7190166169914],[144.7115152305874,-37.7190165687696],[144.71151500512448,-37.71901651599049],[144.71151478001173,-37.719016458620345],[144.71151455546104,-37.71901639663319],[144.7115143316881,-37.71901633001076],[144.71151410891179,-37.71901625874322],[144.71151388735336,-37.719016182828916],[144.7115136672361,-37.719016102274985],[144.71151344878453,-37.71901601709736],[144.71151323222375,-37.71901592732082],[144.7115130177787,-37.71901583297934],[144.71151280567364,-37.71901573411593],[144.71151259613114,-37.71901563078269],[144.7115123893715,-37.719015523040916],[144.71151218561207,-37.719015410960864],[144.71151198506644,-37.719015294621755],[144.7115117879438,-37.71901517411155],[144.71151159444804,-37.7190150495268],[144.71151140477733,-37.71901492097236],[144.7115112191233,-37.719014788561104],[144.71151103767048,-37.71901465241366],[144.71151086059538,-37.71901451265798],[144.7115106880664,-37.71901436942892],[144.71151052024305,-37.71901422286789],[144.7115103572754,-37.71901407312237],[144.71151019930375,-37.719013920345354],[144.7115100464582,-37.71901376469486],[144.71150989885828,-37.71901360633346],[144.71150975661277,-37.71901344542764],[144.71150961981917,-37.7190132821473],[144.71150948856405,-37.71901311666516],[144.71150936292236,-37.71901294915611],[144.71150924295762,-37.719012779796785],[144.71150912872207,-37.719012608764885],[144.7115090202563,-37.71901243623854],[144.7115089175897,-37.719012262395935],[144.71150882074056,-37.71901208741458],[144.71150872971603,-37.719011911470936],[144.71150864451246,-37.71901173473976],[144.71150856511588,-37.71901155739376],[144.711508491502,-37.71901137960296],[144.7115084236368,-37.71901120153445],[144.71150836147672,-37.719011023351854],[144.71150830496936,-37.71901084521496],[144.7115082540535,-37.7190106672794],[144.71150820865992,-37.71901048969638],[144.71150818801024,-37.719010401083004],[144.71150817819273,-37.71901035682869],[144.71150817698924,-37.719010351299524],[144.7115081773639,-37.71901034810985],[144.71150818283516,-37.71901034874748],[144.71150819377763,-37.719010350022735],[144.71150828131724,-37.71901036022486],[144.7115084563965,-37.71901038062914],[144.7115098570306,-37.71901054386328],[144.71151265829894,-37.719010870331495],[144.71151265829894,-37.71901087033147]]]},"properties":{"LAYER":"POLY_LINEMARKING_P1","LAYER_TYPE":"fill"}},{"type":"Feature","geometry":{"type":"Polygon","coordinates":[[[144.7111245006958,-37.71906924437562],[144.7111155565268,-37.71906342169925],[144.7111144385058,-37.71906269386465],[144.71111429875316,-37.71906260288531],[144.7111142812841,-37.719062591512895],[144.71111427910049,-37.719062590091355],[144.7111142789426,-37.71906258990624],[144.71111427930217,-37.71906258994814],[144.7111142800213,-37.719062590031946],[144.71111428289774,-37.719062590367194],[144.71111428865066,-37.71906259103767],[144.71111431166227,-37.719062593719585],[144.71111435768557,-37.71906259908345],[144.71111454177867,-37.71906262053883],[144.7111149099649,-37.7190626634496],[144.7111163827099,-37.71906283509267],[144.7111193281999,-37.719063178378775],[144.71112080094488,-37.7190633500218],[144.71112098503804,-37.71906337147717],[144.7111210080497,-37.7190633741591],[144.71112101092612,-37.71906337449433],[144.71112101133704,-37.71906337454225],[144.71112101133696,-37.719063374542294],[144.71112101133676,-37.71906337454246],[144.71112101133613,-37.719063374542905],[144.7111210113348,-37.719063374543865],[144.71112101132962,-37.71906337454769],[144.7111210113192,-37.71906337455533],[144.71112101127753,-37.71906337458596],[144.71112101119422,-37.719063374647185],[144.71112101086086,-37.71906337489206],[144.71112101069417,-37.71906337501449],[144.71112101061084,-37.71906337507573],[144.71112101058998,-37.71906337509101],[144.71112101057957,-37.719063375098656],[144.711121010577,-37.71906337510058],[144.7111210105757,-37.719063375101534],[144.71112101057537,-37.71906337510179],[144.71112101057517,-37.71906337510192],[144.71112101068928,-37.71906337493046],[144.71112101148847,-37.719063373730116],[144.71112101789,-37.71906336412819],[144.71112106961397,-37.71906328738605],[144.71112112224887,-37.719063210780476],[144.71112117579608,-37.719063134320805],[144.71112123025674,-37.719063058016346],[144.71112128563178,-37.719062981876554],[144.7111213419221,-37.71906290591087],[144.7111213991282,-37.71906283012887],[144.71112145725053,-37.71906275454009],[144.71112151628924,-37.71906267915422],[144.7111215762444,-37.71906260398088],[144.7111216371158,-37.71906252902987],[144.711121698903,-37.71906245431093],[144.71112176160548,-37.719062379833844],[144.71112182522236,-37.71906230560848],[144.71112188975263,-37.71906223164469],[144.71112195519507,-37.7190621579524],[144.7111220215483,-37.71906208454153],[144.71112208881055,-37.719062011422],[144.71112215697997,-37.7190619386038],[144.71112222605453,-37.71906186609691],[144.7111222960319,-37.719061793911294],[144.7111223669095,-37.71906172205697],[144.71112243868458,-37.71906165054393],[144.71112251135418,-37.71906157938219],[144.7111225849151,-37.71906150858174],[144.71112265936392,-37.71906143815255],[144.71112273469691,-37.7190613681046],[144.71112281091027,-37.71906129844787],[144.71112288799986,-37.7190612291923],[144.71112296596135,-37.7190611603478],[144.71112304479016,-37.719061091924225],[144.71112312448147,-37.71906102393148],[144.71112320503033,-37.719060956379394],[144.71112328643142,-37.71906088927771],[144.71112336867935,-37.71906082263621],[144.71112345176832,-37.71906075646457],[144.71112353569248,-37.71906069077242],[144.71112362044556,-37.71906062556935],[144.7111237060213,-37.71906056086489],[144.71112379241305,-37.71906049666855],[144.71112387961392,-37.719060432989636],[144.711123967617,-37.719060369837514],[144.71112405641483,-37.719060307221426],[144.7111241460001,-37.71906024515056],[144.7111242363649,-37.719060183633964],[144.71112432750147,-37.71906012268066],[144.71112441940159,-37.719060062299505],[144.71112451205693,-37.71906000249937],[144.71112460545896,-37.71905994328892],[144.71112469959883,-37.719059884676746],[144.71112479446762,-37.71905982667136],[144.7111248900561,-37.71905976928119],[144.711124986355,-37.71905971251443],[144.7111250833546,-37.71905965637922],[144.71112518104522,-37.71905960088368],[144.71112527941688,-37.719059546035616],[144.71112537845943,-37.71905949184286],[144.7111254781625,-37.71905943831302],[144.71112557851563,-37.71905938545358],[144.71112567950811,-37.719059333271936],[144.71112578112903,-37.7190592817753],[144.7111258833674,-37.7190592309707],[144.711125986212,-37.7190591808651],[144.71112608965146,-37.71905913146526],[144.71112619367426,-37.7190590827778],[144.71112629826874,-37.71905903480913],[144.711126403423,-37.71905898756558],[144.71112650912522,-37.71905894105327],[144.71112661536313,-37.71905889527814],[144.7111267221245,-37.719058850246014],[144.71112682939702,-37.71905880596252],[144.7111269371682,-37.719058762433065],[144.71112704542531,-37.71905871966297],[144.71112715415566,-37.719058677657245],[144.7111272633464,-37.71905863642087],[144.7111273729846,-37.71905859595855],[144.7111274830571,-37.71905855627487],[144.7111275935508,-37.71905851737411],[144.71112770445242,-37.71905847926048],[144.71112781574865,-37.71905844193796],[144.7111279274261,-37.719058405410394],[144.71112803947122,-37.7190583696813],[144.71112815187047,-37.71905833475414],[144.7111282646102,-37.71905830063212],[144.71112837767677,-37.71905826731826],[144.71112849105637,-37.71905823481536],[144.7111286047353,-37.719058203126046],[144.71112871869965,-37.71905817225281],[144.7111288329356,-37.71905814219784],[144.7111289474293,-37.71905811296317],[144.7111290621667,-37.71905808455068],[144.71112917713396,-37.719058056961956],[144.71112929231708,-37.71905803019851],[144.71112940770212,-37.71905800426154],[144.71112952327508,-37.7190579791521],[144.71112963902198,-37.71905795487107],[144.7111297549289,-37.7190579314191],[144.7111298709819,-37.719057908796636],[144.71112998716697,-37.71905788700394],[144.71113010347025,-37.719057866041126],[144.7111302198779,-37.71905784590807],[144.71113033637604,-37.71905782660441],[144.71113045295084,-37.71905780812969],[144.71113056958853,-37.7190577904832],[144.71113068627545,-37.71905777366406],[144.71113080299796,-37.71905775767124],[144.7111309197424,-37.719057742503395],[144.71113103649523,-37.71905772815919],[144.71113115324303,-37.71905771463694],[144.71113126997236,-37.71905770193487],[144.71113138666993,-37.71905769005098],[144.7111315033225,-37.719057678983184],[144.7111316199169,-37.719057668729064],[144.71113173644017,-37.7190576592862],[144.71113185287916,-37.71905765065184],[144.71113196922124,-37.71905764282322],[144.7111320854535,-37.7190576357973],[144.71113220156332,-37.719057629570905],[144.71113231753822,-37.719057624140746],[144.71113243336566,-37.71905761950332],[144.7111325490335,-37.71905761565498],[144.71113266452943,-37.71905761259197],[144.71113277984145,-37.719057610310294],[144.71113289495764,-37.71905760880593],[144.71113300986622,-37.719057608074614],[144.71113312455546,-37.71905760811199],[144.71113323901395,-37.71905760891352],[144.71113335323034,-37.71905761047459],[144.71113346719324,-37.719057612790415],[144.71113358089167,-37.7190576158561],[144.71113369431473,-37.7190576196666],[144.71113380745163,-37.71905762421679],[144.71113392029167,-37.71905762950139],[144.71113403282448,-37.71905763551503],[144.7111341450397,-37.71905764225215],[144.7111342569272,-37.7190576497072],[144.71113436847702,-37.719057657874494],[144.7111344796793,-37.71905766674811],[144.7111345905244,-37.71905767632222],[144.71113470100286,-37.7190576865908],[144.71113481110538,-37.71905769754771],[144.71113492082281,-37.719057709186785],[144.7111350301461,-37.71905772150173],[144.71113513906656,-37.71905773448617],[144.71113524757556,-37.71905774813371],[144.71113535566457,-37.71905776243775],[144.7111353691458,-37.719057764271604],[144.71113537083048,-37.71905776450154],[144.71113537107178,-37.71905776453442],[144.71113537107334,-37.719057764534476],[144.71113537107638,-37.71905776453457],[144.7111353710888,-37.719057764534924],[144.71113537111353,-37.71905776453564],[144.71113537121246,-37.71905776453849],[144.71113537141036,-37.719057764544225],[144.71113537220182,-37.719057764567104],[144.71113537378494,-37.719057764612856],[144.71113537695095,-37.71905776470441],[144.71113537774252,-37.71905776472728],[144.71113537813827,-37.71905776473872],[144.7111353782372,-37.71905776474159],[144.71113537828668,-37.71905776474303],[144.71113537829905,-37.719057764743354],[144.71113537830524,-37.71905776474354],[144.71113537830678,-37.71905776474358],[144.71113537830755,-37.7190577647436],[144.71113537849928,-37.71905776476593],[144.71113537983925,-37.719057764922105],[144.7111353905588,-37.71905776617143],[144.71113547631558,-37.71905777616606],[144.71113616236926,-37.719057856122994],[144.71114165079882,-37.719058495778455],[144.71115262765824,-37.71905977508859],[144.71115811608811,-37.71906041474328],[144.71115948819562,-37.7190605746569],[144.7111601742494,-37.71906065461372],[144.7111603457628,-37.71906067460292],[144.71116043151952,-37.719060684597515],[144.71116045295872,-37.71906068709616],[144.71116046367828,-37.7190606883455],[144.7111604663582,-37.71906068865781],[144.7111604676981,-37.71906068881398],[144.7111604682712,-37.719060688887716],[144.7111604682627,-37.719060688935365],[144.71116046819475,-37.71906068931647],[144.71116046765118,-37.71906069236528],[144.711160463303,-37.71906071675573],[144.7111604285174,-37.719060911879346],[144.71116015023216,-37.71906247286837],[144.71116014615188,-37.71906247484105],[144.7111601456418,-37.71906247508763],[144.71116014557808,-37.719062475118456],[144.71116014557012,-37.719062475122314],[144.7111601455691,-37.7190624751228],[144.71116014513885,-37.71906247507268],[144.71116014413522,-37.7190624749556],[144.711160142128,-37.719062474721476],[144.71116013409906,-37.71906247378487],[144.71116011804125,-37.719062471911684],[144.7111600538099,-37.71906246441894],[144.71115992534715,-37.71906244943348],[144.71115941149623,-37.7190623894916],[144.71115838379438,-37.71906226960779],[144.71115427298713,-37.71906179007251],[144.71114605137274,-37.71906083100157],[144.71114194056562,-37.71906035146592],[144.71114142671468,-37.719060291523924],[144.71114136248337,-37.71906028403119],[144.7111413544544,-37.719060283094585],[144.71114135345084,-37.719060282977516],[144.71114135330745,-37.71906028296078],[144.71114135330745,-37.71906028296078],[144.71114135330745,-37.71906028296079],[144.71114135330745,-37.71906028296083],[144.71114135330745,-37.71906028296087],[144.7111413533074,-37.71906028296104],[144.71114135330734,-37.71906028296141],[144.71114135330708,-37.719060282962886],[144.71114135330654,-37.719060282965806],[144.71114135330438,-37.71906028297748],[144.7111413533033,-37.719060282983314],[144.71114135330276,-37.719060282986234],[144.71114135330262,-37.71906028298697],[144.71114135330257,-37.71906028298734],[144.7111413533025,-37.71906028298743],[144.7111413533025,-37.71906028298746],[144.7111413533025,-37.71906028298749],[144.7111413533025,-37.7190602829875],[144.71114135312783,-37.71906028296757],[144.71114135190467,-37.71906028282816],[144.71114134211697,-37.71906028171711],[144.7111412636521,-37.719060273096744],[144.71114118490152,-37.71906026495647],[144.7111411058714,-37.71906025730078],[144.71114102656824,-37.71906025013419],[144.71114094699834,-37.719060243461165],[144.7111408671685,-37.71906023728597],[144.71114078708533,-37.719060231612985],[144.71114070675574,-37.71906022644645],[144.7111406261867,-37.719060221790514],[144.7111405453853,-37.71906021764926],[144.7111404643587,-37.71906021402669],[144.7111403831143,-37.71906021092679],[144.71114030165953,-37.719060208353405],[144.71114022000188,-37.71906020631029],[144.71114013814906,-37.7190602048012],[144.71114005610877,-37.71906020382972],[144.7111399738891,-37.71906020339934],[144.71113989149777,-37.71906020351354],[144.711139808943,-37.71906020417566],[144.71113972623297,-37.719060205388956],[144.711139643376,-37.719060207156545],[144.71113956038045,-37.71906020948149],[144.71113947725476,-37.71906021236675],[144.71113939400757,-37.71906021581518],[144.71113931064758,-37.71906021982952],[144.71113922718345,-37.71906022441241],[144.71113914362414,-37.719060229566345],[144.71113905997854,-37.719060235293774],[144.71113897625563,-37.71906024159701],[144.7111388924646,-37.71906024847818],[144.7111388086145,-37.71906025593941],[144.7111387247146,-37.71906026398267],[144.71113864077424,-37.71906027260973],[144.7111385568028,-37.719060281822365],[144.71113847280972,-37.719060291622085],[144.71113838880453,-37.719060302010426],[144.71113830479672,-37.719060312988724],[144.71113822079593,-37.71906032455812],[144.71113813681188,-37.719060336719764],[144.71113805285424,-37.71906034947457],[144.7111379689328,-37.719060362823384],[144.71113788505735,-37.71906037676686],[144.7111378012377,-37.71906039130559],[144.71113771748378,-37.71906040643995],[144.71113763380546,-37.71906042217022],[144.71113755021264,-37.7190604384966],[144.71113746671534,-37.71906045541905],[144.7111373833235,-37.719060472937436],[144.71113730004708,-37.71906049105152],[144.7111372168961,-37.71906050976088],[144.71113713388067,-37.71906052906496],[144.71113705101067,-37.719060548963085],[144.71113696829616,-37.719060569454406],[144.71113688574712,-37.71906059053795],[144.7111368033736,-37.71906061221265],[144.71113672118557,-37.7190606344772],[144.71113663919303,-37.719060657330225],[144.71113655740587,-37.71906068077018],[144.7111364758341,-37.719060704795424],[144.71113639448757,-37.7190607294041],[144.71113631337622,-37.71906075459425],[144.71113623250983,-37.7190607803638],[144.7111361518982,-37.7190608067105],[144.71113607155115,-37.71906083363198],[144.71113599147827,-37.71906086112572],[144.7111359116894,-37.71906088918906],[144.711135832194,-37.719060917819235],[144.71113575300168,-37.71906094701328],[144.71113567412186,-37.719060976768155],[144.71113559556406,-37.71906100708069],[144.7111355173376,-37.71906103794749],[144.71113543945165,-37.71906106936516],[144.71113536191558,-37.719061101330105],[144.71113528473842,-37.719061133838565],[144.7111352079292,-37.71906116688669],[144.7111351314969,-37.719061200470584],[144.7111350554503,-37.71906123458608],[144.7111349797983,-37.71906126922899],[144.71113490454937,-37.719061304394955],[144.71113482971228,-37.71906134007952],[144.71113475529538,-37.7190613762781],[144.711134681307,-37.719061412986036],[144.7111346077554,-37.71906145019849],[144.71113453464872,-37.71906148791053],[144.71113446199502,-37.71906152611715],[144.71113438980208,-37.71906156481323],[144.71113431807768,-37.7190616039935],[144.71113424682954,-37.71906164365268],[144.71113417606517,-37.71906168378525],[144.7111341057919,-37.7190617243857],[144.71113403601697,-37.71906176544842],[144.71113396674752,-37.719061806967645],[144.71113389799052,-37.71906184893759],[144.71113382975284,-37.71906189135231],[144.7111337620411,-37.71906193420586],[144.71113369486193,-37.71906197749216],[144.7111336282217,-37.71906202120499],[144.71113356212666,-37.719062065338214],[144.71113349658296,-37.71906210988549],[144.71113343159652,-37.71906215484041],[144.71113336717315,-37.71906220019657],[144.71113330331846,-37.71906224594744],[144.711133240038,-37.71906229208649],[144.71113317733716,-37.719062338607],[144.71113311522103,-37.71906238550236],[144.71113305369462,-37.71906243276579],[144.71113299276283,-37.71906248039049],[144.71113293243033,-37.71906252836963],[144.7111328727017,-37.71906257669631],[144.7111328135813,-37.71906262536359],[144.71113275507338,-37.71906267436452],[144.7111326971819,-37.719062723692076],[144.71113263991083,-37.719062773339225],[144.71113258326392,-37.71906282329884],[144.7111325272446,-37.71906287356386],[144.71113247185636,-37.71906292412721],[144.71113241710242,-37.719062974981654],[144.7111323629858,-37.71906302612006],[144.71113230950942,-37.71906307753522],[144.71113225667608,-37.71906312921996],[144.7111322044883,-37.71906318116706],[144.71113215294847,-37.7190632333693],[144.7111321020589,-37.71906328581943],[144.71113205182164,-37.71906333851027],[144.71113200223863,-37.71906339143455],[144.71113195331168,-37.71906344458511],[144.71113190504227,-37.719063497954615],[144.711131857432,-37.71906355153596],[144.71113181048204,-37.719063605321914],[144.71113176419365,-37.71906365930526],[144.7111317185677,-37.719063713478846],[144.71113167360508,-37.71906376783554],[144.71113162930644,-37.71906382236817],[144.7111315856723,-37.71906387706967],[144.71113154270307,-37.7190639319329],[144.71113150039895,-37.71906398695086],[144.71113145876,-37.719064042116486],[144.7111314177862,-37.719064097422766],[144.7111313774773,-37.719064152862806],[144.71113133783294,-37.71906420842959],[144.7111312988527,-37.71906426411632],[144.7111312605359,-37.71906431991607],[144.7111312228818,-37.71906437582207],[144.7111311858895,-37.719064431827555],[144.7111311495579,-37.71906448792583],[144.71113111388595,-37.719064544110225],[144.71113110947329,-37.719064551139],[144.71113110892244,-37.7190645520177],[144.71113110884372,-37.71906455214397],[144.71113110884363,-37.719064552145724],[144.71113110884352,-37.71906455214928],[144.71113110884295,-37.719064552163445],[144.7111311088418,-37.7190645521918],[144.71113110883732,-37.71906455230517],[144.71113110882828,-37.71906455253192],[144.71113110879222,-37.719064553438926],[144.71113110872002,-37.71906455525294],[144.71113110857573,-37.71906455888098],[144.7111311085396,-37.719064559787974],[144.71113110852158,-37.7190645602415],[144.7111311085171,-37.71906456035488],[144.71113110851482,-37.71906456041155],[144.71113110851425,-37.71906456042573],[144.71113110851397,-37.7190645604328],[144.71113110878724,-37.71906456046716],[144.7111311107008,-37.71906456068628],[144.71113112600915,-37.71906456243928],[144.7111312484761,-37.719064576463396],[144.7111322282117,-37.71906468865608],[144.71113418768292,-37.71906491304147],[144.7111351674185,-37.71906502523415],[144.71113541235243,-37.71906505328232],[144.7111355348194,-37.71906506730642],[144.7111355654361,-37.71906507081244],[144.71113558074447,-37.71906507256546],[144.71113558457154,-37.7190650730037],[144.7111355864851,-37.71906507322282],[144.7111355869635,-37.7190650732776],[144.7111355872027,-37.71906507330499],[144.71113558696686,-37.719065073444014],[144.7111355845985,-37.71906507433505],[144.71113556565166,-37.71906508146335],[144.71113541407695,-37.71906513848954],[144.7111342014791,-37.71906559469916],[144.7111245006958,-37.719069244375596],[144.7111245006958,-37.71906924437562]]]},"properties":{"LAYER":"POLY_LINEMARKING_P1","LAYER_TYPE":"fill"}},{"type":"Feature","geometry":{"type":"Polygon","coordinates":[[[144.711153589609,-37.71896902282758],[144.7111450480206,-37.7189629056242],[144.71114451417134,-37.71896252329896],[144.7111444808058,-37.718962499403645],[144.71114447597338,-37.718962498673726],[144.7111444703847,-37.71896250052322],[144.7111444592073,-37.71896250422222],[144.71114443685255,-37.718962511620184],[144.71114434743347,-37.71896254121212],[144.71114416859535,-37.71896260039599],[144.71114381091908,-37.71896271876373],[144.71114238021406,-37.71896319223467],[144.71113951880398,-37.71896413917648],[144.71113379598353,-37.718966033059914],[144.71113236527842,-37.718966506530705],[144.71113227585937,-37.71896653612264],[144.71113227027067,-37.71896653797213],[144.71113227277758,-37.7189665384317],[144.71113227894793,-37.71896653915224],[144.71113229128872,-37.7189665405933],[144.7111323159702,-37.71896654347541],[144.71113241469624,-37.718966555003895],[144.7111326121483,-37.71896657806089],[144.71113300705244,-37.71896662417489],[144.71113458666898,-37.71896680863084],[144.71113774590202,-37.71896717754261],[144.71113853571026,-37.71896726977054],[144.7111389306144,-37.718967315884505],[144.71113897997745,-37.71896732164875],[144.71113900465895,-37.718967324530865],[144.71113900978457,-37.71896732586851],[144.71113901073244,-37.71896732967472],[144.71113901263354,-37.71896733728765],[144.71113902810592,-37.71896739821534],[144.71113906046153,-37.71896752018917],[144.7111391308626,-37.718967764522795],[144.71113920893313,-37.71896800919916],[144.71113929476317,-37.71896825400645],[144.71113938843126,-37.718968498726795],[144.7111394900039,-37.7189687431367],[144.71113959953465,-37.71896898700775],[144.711139717064,-37.718969230106744],[144.71113984261845,-37.718969472196754],[144.7111399762103,-37.71896971303733],[144.71114011783723,-37.71896995238546],[144.71114026748174,-37.71897018999605],[144.7111404251109,-37.718970425622786],[144.71114059067637,-37.71897065901884],[144.71114076411382,-37.71897088993754],[144.71114094534315,-37.718971118133304],[144.7111411342683,-37.71897134336229],[144.71114133077725,-37.71897156538338],[144.71114153474238,-37.718971783958814],[144.71114174602033,-37.71897199885507],[144.71114196445265,-37.71897220984365],[144.71114218986583,-37.71897241670193],[144.7111424220719,-37.718972619213794],[144.71114266086883,-37.71897281717047],[144.71114290604126,-37.71897301037123],[144.71114315736105,-37.71897319862395],[144.71114341458792,-37.71897338174598],[144.71114367747023,-37.7189735595645],[144.71114394574607,-37.718973731917174],[144.71114421914365,-37.71897389865261],[144.7111444973827,-37.71897405963087],[144.71114478017498,-37.71897421472372],[144.71114506722554,-37.71897436381502],[144.7111453582337,-37.718974506801054],[144.71114565289392,-37.71897464359062],[144.7111459508969,-37.71897477410515],[144.71114625193061,-37.71897489827893],[144.7111465556815,-37.71897501605894],[144.71114686183498,-37.71897512740492],[144.711147170077,-37.71897523228921],[144.71114748009472,-37.71897533069662],[144.7111477915774,-37.718975422624226],[144.71114810421747,-37.71897550808098],[144.7111484177113,-37.71897558708761],[144.71114873176012,-37.71897565967608],[144.71114904607055,-37.718975725889294],[144.71114936035568,-37.718975785780515],[144.71114967433533,-37.71897583941321],[144.71114998773703,-37.71897588686017],[144.71115030029642,-37.71897592820324],[144.7111506117577,-37.718975963532785],[144.71115068942228,-37.71897597143688],[144.71115072822192,-37.71897597525079],[144.7111507330703,-37.718975975721065],[144.71115073549433,-37.71897597595565],[144.71115074517118,-37.71897597707327],[144.7111507911316,-37.71897598242696],[144.71115088305228,-37.71897599313433],[144.7111516184179,-37.718976078793276],[144.7111530891492,-37.718976250111155],[144.7111648549998,-37.71897762065345],[144.71117073792533,-37.71897830592417],[144.71117367938808,-37.7189786485594],[144.71117515011952,-37.718978819876995],[144.7111755178024,-37.71897886270641],[144.71117570164378,-37.7189788841211],[144.71117579356454,-37.718978894828446],[144.7111758165447,-37.71897889750529],[144.7111758280348,-37.71897889884371],[144.71117583377986,-37.7189788995129],[144.71117583650104,-37.718978899607606],[144.71117583710398,-37.7189788963434],[144.71117584675025,-37.71897884411646],[144.71117600109102,-37.718978008485315],[144.7111761554318,-37.718977172854146],[144.71117616507811,-37.71897712062722],[144.71117616568097,-37.71897711736301],[144.7111761336112,-37.718977113405415],[144.71117606480408,-37.718977105391176],[144.7111759271899,-37.71897708936267],[144.71117565196153,-37.71897705730562],[144.7111745510479,-37.71897692907748],[144.7111723492207,-37.71897667262116],[144.71116794556627,-37.71897615970842],[144.71115913825773,-37.71897513388247],[144.71115803734415,-37.71897500565419],[144.7111574868874,-37.71897494154003],[144.7111574180803,-37.71897493352576],[144.71115738367678,-37.71897492951863],[144.71115737644686,-37.718974928675614],[144.71115737470092,-37.718974928467595],[144.71115737120886,-37.718974928050706],[144.71115734326452,-37.71897492467831],[144.71115728733585,-37.718974917733185],[144.71115706313802,-37.71897488726267],[144.71115683830308,-37.71897485243895],[144.7111566130174,-37.71897481320125],[144.71115638747315,-37.71897476949512],[144.7111561618683,-37.71897472127265],[144.71115593640582,-37.71897466849285],[144.71115571129346,-37.71897461112206],[144.71115548674325,-37.7189745491342],[144.7111552629708,-37.71897448251112],[144.71115504019497,-37.718974411242904],[144.71115481863706,-37.71897433532795],[144.71115459852035,-37.718974254773364],[144.71115438006933,-37.71897416959507],[144.71115416350915,-37.71897407981791],[144.71115394906477,-37.718973985475806],[144.7111537369603,-37.718973886611764],[144.71115352741845,-37.718973783277896],[144.71115332065943,-37.71897367553552],[144.71115311690073,-37.71897356345487],[144.7111529163558,-37.71897344711515],[144.71115271923384,-37.71897332660439],[144.71115252573884,-37.718973202019065],[144.71115233606895,-37.71897307346405],[144.71115215041573,-37.71897294105228],[144.7111519689636,-37.71897280490428],[144.7111517918893,-37.7189726651481],[144.71115161936112,-37.71897252191853],[144.71115145153863,-37.71897237535703],[144.71115128857178,-37.71897222561103],[144.711151130601,-37.718972072833544],[144.7111509777563,-37.71897191718263],[144.71115083015724,-37.718971758820786],[144.71115068791258,-37.71897159791457],[144.7111505511199,-37.71897143463385],[144.71115041986567,-37.71897126915134],[144.71115029422484,-37.71897110164191],[144.71115017426104,-37.71897093228228],[144.71115006002634,-37.71897076125001],[144.7111499515615,-37.71897058872339],[144.7111498488959,-37.71897041488049],[144.71114975204762,-37.718970239898866],[144.711149661024,-37.71897006395498],[144.71114957582134,-37.7189698872236],[144.71114949642563,-37.71896970987736],[144.71114942281267,-37.71896953208639],[144.71114935494833,-37.71896935401769],[144.7111492927892,-37.71896917583493],[144.71114923628272,-37.718968997697864],[144.71114918536773,-37.71896881976221],[144.71114913997508,-37.71896864217905],[144.71114911932582,-37.71896855356563],[144.71114910950854,-37.71896850931132],[144.71114910830505,-37.71896850378213],[144.7111491086798,-37.71896850059247],[144.71114911415097,-37.71896850123009],[144.7111491250934,-37.718968502505376],[144.711149212633,-37.71896851270779],[144.71114938771197,-37.718968533112594],[144.71115078834436,-37.71896869635094],[144.711153589609,-37.7189690228276],[144.711153589609,-37.71896902282758]]]},"properties":{"LAYER":"POLY_LINEMARKING_P1","LAYER_TYPE":"fill"}},{"type":"Feature","geometry":{"type":"Polygon","coordinates":[[[144.7102089607718,-37.71877648661344],[144.71021750225907,-37.718782603881685],[144.7102180361021,-37.718782986210925],[144.7102180694673,-37.7187830101065],[144.7102180742997,-37.718783010836475],[144.71021807988836,-37.71878300898699],[144.71021809106577,-37.71878300528811],[144.71021811342058,-37.7187829978903],[144.71021820283974,-37.718782968299074],[144.7102183816781,-37.718782909116605],[144.7102187393548,-37.7187827907517],[144.7102201700616,-37.71878231729206],[144.71022303147515,-37.718781370372675],[144.71022875430202,-37.71877947653375],[144.7102301850087,-37.71877900307398],[144.71023027442786,-37.71877897348273],[144.71023028001656,-37.718778971633284],[144.71023027750962,-37.71877897117371],[144.7102302713393,-37.71877897045314],[144.7102302589986,-37.718778969011986],[144.71023023431715,-37.718778966129705],[144.7102301355916,-37.718778954600445],[144.71022993814037,-37.71877893154197],[144.71022954323794,-37.718778885424996],[144.71022796362826,-37.71877870095714],[144.71022480440894,-37.71877833202133],[144.7102240146041,-37.71877823978736],[144.7102236197017,-37.718778193670396],[144.71022357033888,-37.71877818790578],[144.7102235456575,-37.71877818502346],[144.7102235405319,-37.71877818368577],[144.71022353958412,-37.718778179879536],[144.71022353768313,-37.71877817226658],[144.71022352221146,-37.71877811133885],[144.71022348985744,-37.718777989364824],[144.71022341945962,-37.71877774503074],[144.7102233413923,-37.71877750035386],[144.71022325556547,-37.718777255545994],[144.71022316190061,-37.71877701082503],[144.71022306033132,-37.71877676641439],[144.71022295080382,-37.71877652254263],[144.71022283327784,-37.718776279442814],[144.71022270772667,-37.718776037351944],[144.71022257413816,-37.71877579651043],[144.71022243251457,-37.718775557161315],[144.71022228287347,-37.71877531954963],[144.71022212524758,-37.71877508392174],[144.71022195968553,-37.7187748505245],[144.71022178625145,-37.71877461960455],[144.71022160502545,-37.7187743914075],[144.71022141610365,-37.718774166177106],[144.710221219598,-37.71877394415459],[144.7102210156362,-37.71877372557768],[144.7102208043615,-37.71877351067989],[144.7102205859324,-37.71877329968968],[144.7102203605225,-37.71877309282972],[144.71022012831963,-37.71877289031613],[144.7102198895259,-37.71877269235769],[144.71021964435656,-37.718772499155115],[144.7102193930399,-37.718772310900476],[144.71021913581606,-37.71877212777653],[144.7102188729367,-37.71877194995606],[144.71021860466385,-37.71877177760135],[144.71021833126915,-37.71877161086386],[144.71021805303297,-37.7187714498835],[144.71021777024353,-37.71877129478854],[144.7102174831957,-37.71877114569502],[144.7102171921902,-37.718771002706774],[144.71021689753266,-37.71877086591497],[144.7102165995322,-37.718770735398145],[144.7102162985009,-37.718770611222055],[144.71021599475247,-37.71877049343975],[144.71021568860138,-37.718770382091435],[144.71021538036163,-37.71877027720476],[144.7102150703461,-37.71877017879494],[144.71021475886556,-37.71877008686495],[144.71021444622752,-37.71877000140578],[144.71021413273564,-37.718769922396696],[144.71021381868874,-37.718769849805774],[144.71021350438014,-37.718769783590155],[144.71021319009674,-37.71876972369646],[144.7102128761188,-37.71876967006135],[144.71021256271865,-37.718769622611944],[144.71021225016082,-37.71876958126641],[144.71021193870098,-37.71876954593443],[144.7102118610367,-37.71876953802971],[144.71021182223728,-37.718769534215504],[144.7102118173889,-37.71876953374519],[144.71021181496485,-37.718769533510574],[144.71021180528803,-37.71876953239288],[144.71021175932788,-37.71876952703882],[144.71021166740763,-37.71876951633075],[144.71021093204538,-37.71876943066604],[144.71020946132091,-37.718769259336604],[144.71019769552566,-37.718767888700455],[144.71019181262818,-37.71876720338195],[144.7101888711795,-37.71876686072261],[144.71018740045517,-37.71876668939289],[144.7101870327741,-37.71876664656046],[144.71018684893355,-37.718766625144255],[144.71018675701328,-37.718766614436134],[144.7101867340332,-37.718766611759115],[144.71018672254317,-37.7187666104206],[144.71018671679818,-37.718766609751334],[144.71018671407697,-37.71876660965664],[144.710186713474,-37.71876661292081],[144.71018670382708,-37.71876666514767],[144.7101865494758,-37.718767500777204],[144.7101863951245,-37.718768336406725],[144.71018638547758,-37.71876838863359],[144.7101863848746,-37.71876839189777],[144.71018641694428,-37.718768395855626],[144.71018648575102,-37.71876840387044],[144.71018662336456,-37.718768419900094],[144.71018689859164,-37.71876845195943],[144.7101879995,-37.71876858019663],[144.71019020131678,-37.71876883667103],[144.71019460495032,-37.71876934961972],[144.71020341221762,-37.7187703755166],[144.71020451312603,-37.718770503753674],[144.71020506358022,-37.71877056787221],[144.71020513238702,-37.71877057588702],[144.7102051667904,-37.718770579894446],[144.71020517402027,-37.7187705807375],[144.71020517576622,-37.718770580945545],[144.71020517925828,-37.718770581362456],[144.71020520720242,-37.71877058473511],[144.71020526313086,-37.71877059168063],[144.71020548732756,-37.718770622152945],[144.71020571216135,-37.71877065697846],[144.71020593744586,-37.71877069621793],[144.71020616298878,-37.71877073992581],[144.71020638859235,-37.718770788150074],[144.71020661405348,-37.718770840931676],[144.71020683916439,-37.71877089830425],[144.7102070637131,-37.71877096029386],[144.710207287484,-37.718771026918674],[144.71020751025824,-37.718771098188654],[144.7102077318145,-37.71877117410534],[144.71020795192948,-37.71877125466163],[144.7102081703787,-37.718771339841624],[144.7102083869371,-37.71877142962048],[144.71020860137966,-37.71877152396427],[144.71020881348215,-37.718771622829955],[144.71020902302212,-37.71877172616544],[144.71020922977908,-37.71877183390943],[144.71020943353577,-37.71877194599164],[144.7102096340786,-37.718772062332896],[144.71020983119843,-37.71877218284519],[144.71021002469126,-37.718772307432],[144.71021021435897,-37.71877243598846],[144.71021040000997,-37.71877256840164],[144.71021058145982,-37.718772704551014],[144.71021075853182,-37.71877284430855],[144.71021093105762,-37.718772987539424],[144.71021109887783,-37.7187731341022],[144.71021126184223,-37.71877328384942],[144.71021141981063,-37.71877343662809],[144.71021157265298,-37.71877359228018],[144.71021172024956,-37.71877375064308],[144.71021186249175,-37.71877391155037],[144.71021199928197,-37.718774074832126],[144.71021213053373,-37.718774240315625],[144.7102122561721,-37.71877440782593],[144.71021237613346,-37.71877457718648],[144.71021249036562,-37.71877474821958],[144.710212598828,-37.71877492074699],[144.71021270149114,-37.71877509459063],[144.71021279833693,-37.71877526957294],[144.71021288935808,-37.718775445517494],[144.71021297455826,-37.718775622249495],[144.7102130539515,-37.718775799596294],[144.71021312756207,-37.71877597738776],[144.71021319542396,-37.71877615545694],[144.71021325758068,-37.718776333640115],[144.71021331408474,-37.718776511777534],[144.71021336499737,-37.71877668971355],[144.71021341038772,-37.718776867296974],[144.7102134310358,-37.71877695591052],[144.7102134408525,-37.718777000164906],[144.71021344205587,-37.718777005694065],[144.7102134416812,-37.71877700888376],[144.71021343620995,-37.71877700824605],[144.7102134252676,-37.718777006970676],[144.71021333772845,-37.71877699676761],[144.71021316265018,-37.71877697636144],[144.71021176202404,-37.71877681311213],[144.7102089607718,-37.71877648661344],[144.7102089607718,-37.71877648661344]]]},"properties":{"LAYER":"POLY_LINEMARKING_P1","LAYER_TYPE":"fill"}},{"type":"Feature","geometry":{"type":"Polygon","coordinates":[[[144.71023814310655,-37.718675781366365],[144.71024708715828,-37.71868160410597],[144.71024820516482,-37.718682331948365],[144.71024834491564,-37.71868242292867],[144.71024836238453,-37.718682434301215],[144.7102483645681,-37.71868243572277],[144.71024836472597,-37.7186824359079],[144.7102483643664,-37.718682435865986],[144.7102483636473,-37.718682435782156],[144.71024836077086,-37.718682435446894],[144.71024835501802,-37.71868243477639],[144.7102483320065,-37.71868243209431],[144.71024828598354,-37.718682426730126],[144.71024810189166,-37.71868240527342],[144.71024773370797,-37.71868236236003],[144.710246260973,-37.71868219070637],[144.71024331550322,-37.718681847399054],[144.7102418427683,-37.718681675745366],[144.71024165867647,-37.718681654288666],[144.71024163566497,-37.71868165160656],[144.71024163278855,-37.7186816512713],[144.71024163237763,-37.71868165122338],[144.71024163237772,-37.71868165122333],[144.7102416323779,-37.718681651223186],[144.71024163237854,-37.7186816512227],[144.71024163237985,-37.718681651221765],[144.71024163238505,-37.71868165121792],[144.71024163239548,-37.71868165121029],[144.71024163243715,-37.718681651179665],[144.71024163252048,-37.718681651118445],[144.71024163285378,-37.71868165087358],[144.71024163302047,-37.71868165075113],[144.7102416331038,-37.71868165068992],[144.71024163312467,-37.71868165067462],[144.71024163313507,-37.718681650666966],[144.71024163313766,-37.71868165066503],[144.710241633139,-37.71868165066409],[144.7102416331393,-37.718681650663854],[144.71024163313947,-37.71868165066372],[144.7102416330254,-37.71868165083516],[144.7102416322262,-37.71868165203553],[144.71024162582458,-37.718681661637405],[144.7102415741,-37.71868173837911],[144.7102415214645,-37.71868181498428],[144.71024146791672,-37.718681891443545],[144.71024141345546,-37.718681967747564],[144.71024135807983,-37.71868204388696],[144.71024130178893,-37.71868211985221],[144.71024124458225,-37.71868219563377],[144.71024118645946,-37.71868227122209],[144.71024112742015,-37.71868234660751],[144.71024106746444,-37.71868242178036],[144.71024100659255,-37.718682496730885],[144.7102409448048,-37.718682571449385],[144.71024088210183,-37.71868264592596],[144.7102408184844,-37.71868272015086],[144.71024075395366,-37.71868279411413],[144.71024068851065,-37.71868286780591],[144.710240622157,-37.71868294121631],[144.71024055489428,-37.7186830143353],[144.71024048672433,-37.71868308715297],[144.71024041764935,-37.718683159659356],[144.71024034767154,-37.71868323184444],[144.71024027679346,-37.71868330369819],[144.71024020501795,-37.718683375210674],[144.71024013234793,-37.718683446371855],[144.7102400587866,-37.71868351717177],[144.7102399843374,-37.71868358760037],[144.71023990900397,-37.71868365764775],[144.71023983279025,-37.71868372730389],[144.71023975570023,-37.7186837965589],[144.7102396777384,-37.71868386540282],[144.71023959890923,-37.718683933825766],[144.71023951921754,-37.718684001817884],[144.71023943866834,-37.718684069369395],[144.7102393572669,-37.71868413647041],[144.71023927501867,-37.718684203111295],[144.71023919192936,-37.71868426928233],[144.7102391080049,-37.71868433497385],[144.71023902325146,-37.71868440017625],[144.71023893767546,-37.71868446488004],[144.71023885128346,-37.71868452907578],[144.71023876408228,-37.718684592754016],[144.71023867607903,-37.718684655905456],[144.71023858728088,-37.71868471852087],[144.71023849769546,-37.718684780591076],[144.71023840733037,-37.718684842106995],[144.7102383161936,-37.71868490305961],[144.71023822429322,-37.71868496344005],[144.7102381316377,-37.718685023239495],[144.7102380382355,-37.71868508244925],[144.71023794409547,-37.71868514106067],[144.71023784922656,-37.71868519906534],[144.71023775363787,-37.71868525645482],[144.7102376573389,-37.71868531322085],[144.71023756033912,-37.718685369355285],[144.71023746264837,-37.718685424850115],[144.71023736427665,-37.71868547969743],[144.71023726523399,-37.71868553388945],[144.7102371655308,-37.71868558741854],[144.7102370651776,-37.71868564027721],[144.7102369641851,-37.71868569245809],[144.7102368625641,-37.71868574395395],[144.7102367603257,-37.71868579475778],[144.7102366574811,-37.718685844862605],[144.7102365540416,-37.71868589426167],[144.71023645001875,-37.71868594294837],[144.7102363454243,-37.71868599091626],[144.71023624027004,-37.718686038158985],[144.71023613456788,-37.71868608467052],[144.71023602833003,-37.718686130444816],[144.71023592156862,-37.718686175476144],[144.7102358142962,-37.71868621975884],[144.71023570652514,-37.71868626328748],[144.71023559826807,-37.718686306056796],[144.7102354895378,-37.71868634806167],[144.71023538034717,-37.718686389297226],[144.71023527070915,-37.718686429758705],[144.71023516063673,-37.718686469441586],[144.71023505014315,-37.718686508341506],[144.71023493924164,-37.718686546454286],[144.71023482794558,-37.71868658377594],[144.71023471626836,-37.71868662030273],[144.7102346042234,-37.71868665603092],[144.71023449182437,-37.71868669095725],[144.7102343790848,-37.71868672507841],[144.71023426601852,-37.71868675839146],[144.7102341526391,-37.71868679089351],[144.7102340389604,-37.71868682258193],[144.7102339249963,-37.71868685345431],[144.7102338107606,-37.71868688350844],[144.7102336962672,-37.71868691274226],[144.71023358153008,-37.71868694115388],[144.7102334665631,-37.71868696874171],[144.71023335138028,-37.71868699550432],[144.71023323599562,-37.718687021440445],[144.71023312042297,-37.718687046548986],[144.71023300467635,-37.71868707082915],[144.71023288876984,-37.71868709428027],[144.7102327727172,-37.71868711690185],[144.7102326565325,-37.71868713869365],[144.71023254022953,-37.7186871596556],[144.71023242382233,-37.7186871797878],[144.7102323073246,-37.718687199090574],[144.71023219075016,-37.7186872175644],[144.7102320741129,-37.71868723520999],[144.71023195742634,-37.71868725202828],[144.7102318407043,-37.718687268020226],[144.71023172396036,-37.718687283187165],[144.71023160720796,-37.71868729753052],[144.71023149046067,-37.71868731105188],[144.7102313737318,-37.71868732375308],[144.71023125703468,-37.71868733563607],[144.71023114038263,-37.71868734670303],[144.71023102378874,-37.718687356956245],[144.710230907266,-37.71868736639826],[144.71023079082747,-37.718687375031735],[144.71023067448596,-37.7186873828595],[144.7102305582543,-37.71868738988454],[144.71023044214502,-37.71868739611005],[144.71023032617063,-37.71868740153935],[144.71023021034378,-37.7186874061759],[144.71023009467655,-37.71868741002335],[144.71022997918112,-37.718687413085526],[144.71022986386973,-37.7186874153663],[144.71022974875413,-37.71868741686983],[144.7102296338462,-37.71868741760027],[144.71022951915754,-37.718687417562045],[144.71022940469965,-37.71868741675966],[144.71022929048394,-37.71868741519773],[144.7102291765217,-37.718687412881025],[144.71022906282386,-37.71868740981449],[144.71022894940145,-37.71868740600311],[144.71022883626526,-37.718687401452094],[144.71022872342584,-37.71868739616666],[144.71022861089372,-37.71868739015218],[144.71022849867921,-37.71868738341419],[144.71022838679238,-37.71868737595831],[144.71022827524325,-37.718687367790196],[144.71022816404167,-37.718687358915716],[144.71022805319728,-37.71868734934078],[144.71022794271954,-37.71868733907139],[144.71022783261773,-37.71868732811363],[144.7102277229011,-37.71868731647373],[144.71022761357847,-37.718687304157974],[144.71022750465875,-37.71868729117274],[144.71022739615054,-37.718687277524396],[144.71022728806227,-37.7186872632195],[144.71022727458117,-37.71868726138556],[144.7102272728965,-37.718687261155615],[144.7102272726552,-37.718687261122746],[144.7102272726536,-37.718687261122696],[144.71022727265054,-37.71868726112261],[144.71022727263818,-37.71868726112225],[144.71022727261345,-37.71868726112153],[144.7102272725145,-37.71868726111867],[144.71022727231664,-37.71868726111295],[144.71022727152513,-37.71868726109004],[144.7102272699421,-37.718687261044266],[144.710227266776,-37.718687260952734],[144.7102272659845,-37.71868726092982],[144.71022726558874,-37.718687260918394],[144.71022726548978,-37.71868726091553],[144.71022726544032,-37.718687260914095],[144.71022726542796,-37.71868726091373],[144.71022726542176,-37.71868726091357],[144.71022726542023,-37.718687260913505],[144.71022726541946,-37.718687260913484],[144.7102272652277,-37.718687260891166],[144.71022726388776,-37.71868726073499],[144.71022725316826,-37.71868725948559],[144.71022716741206,-37.71868724949032],[144.71022648136304,-37.71868716952822],[144.71022099297082,-37.71868652983124],[144.7102100161867,-37.71868525043651],[144.71020452779482,-37.71868461073877],[144.71020315569686,-37.71868445081428],[144.7102024696479,-37.71868437085203],[144.71020229813564,-37.71868435086149],[144.71020221237953,-37.7186843408662],[144.7102021909405,-37.718684338367396],[144.710202180221,-37.718684337117985],[144.71020217754108,-37.71868433680562],[144.71020217620116,-37.718684336649446],[144.71020217562807,-37.71868433657572],[144.7102021756366,-37.71868433652807],[144.71020217570458,-37.71868433614698],[144.7102021762481,-37.718684333098174],[144.71020218059658,-37.718684308707765],[144.71020221538447,-37.71868411358448],[144.71020249368792,-37.718682552598246],[144.7102024977682,-37.71868255062561],[144.71020249827825,-37.71868255037903],[144.71020249834203,-37.71868255034819],[144.71020249835,-37.71868255034435],[144.71020249835098,-37.71868255034384],[144.71020249878123,-37.71868255039398],[144.71020249978483,-37.718682550511055],[144.71020250179205,-37.718682550745214],[144.7102025098209,-37.71868255168189],[144.71020252587866,-37.71868255355519],[144.71020259010953,-37.718682561048446],[144.7102027185714,-37.71868257603493],[144.7102032324187,-37.71868263598089],[144.71020426011333,-37.718682755872806],[144.71020837089196,-37.718683235440366],[144.7102165924493,-37.71868419457506],[144.71022070322815,-37.7186846741422],[144.71022121707546,-37.71868473408811],[144.71022128130642,-37.71868474158132],[144.71022128933527,-37.718684742517965],[144.7102212903389,-37.71868474263508],[144.71022129048225,-37.718684742651774],[144.71022129048225,-37.718684742651774],[144.71022129048225,-37.718684742651774],[144.71022129048225,-37.71868474265174],[144.71022129048225,-37.7186847426517],[144.7102212904823,-37.71868474265151],[144.71022129048237,-37.718684742651156],[144.71022129048265,-37.7186847426497],[144.7102212904832,-37.718684742646786],[144.71022129048535,-37.71868474263509],[144.7102212904864,-37.71868474262925],[144.7102212904869,-37.71868474262633],[144.71022129048706,-37.718684742625605],[144.71022129048714,-37.718684742625236],[144.71022129048714,-37.71868474262514],[144.71022129048714,-37.718684742625115],[144.71022129048714,-37.718684742625086],[144.71022129048714,-37.71868474262507],[144.7102212906619,-37.71868474264501],[144.71022129188503,-37.71868474278443],[144.71022130167268,-37.718684743895565],[144.71022138013697,-37.7186847525165],[144.71022145888708,-37.7186847606574],[144.71022153791665,-37.718684768313686],[144.71022161721933,-37.71868477548088],[144.71022169678866,-37.71868478215454],[144.71022177661803,-37.71868478833031],[144.71022185670068,-37.71868479400389],[144.71022193702976,-37.71868479917105],[144.71022201759834,-37.71868480382762],[144.7102220983992,-37.718684807969495],[144.7102221794253,-37.71868481159265],[144.7102222606692,-37.71868481469319],[144.71022234212356,-37.71868481726719],[144.71022242378075,-37.71868481931091],[144.71022250563308,-37.71868482082065],[144.71022258767286,-37.718684821792756],[144.71022266989215,-37.71868482222374],[144.71022275228302,-37.71868482211016],[144.71022283483734,-37.71868482144867],[144.71022291754693,-37.71868482023603],[144.71022300040346,-37.718684818469065],[144.7102230833986,-37.71868481614476],[144.71022316652386,-37.71868481326012],[144.71022324977062,-37.71868480981234],[144.71022333313024,-37.718684805798624],[144.71022341659395,-37.7186848012164],[144.71022350015286,-37.71868479606307],[144.71022358379807,-37.718684790336276],[144.71022366752055,-37.71868478403372],[144.71022375131125,-37.718684777153165],[144.710223835161,-37.71868476969254],[144.71022391906055,-37.718684761649975],[144.71022400300055,-37.718684753023524],[144.7102240869716,-37.71868474381158],[144.71022417096435,-37.718684734012456],[144.71022425496926,-37.71868472362476],[144.71022433897673,-37.718684712647125],[144.71022442297718,-37.71868470107835],[144.71022450696094,-37.718684688917335],[144.71022459091824,-37.71868467616316],[144.7102246748394,-37.71868466281502],[144.71022475871456,-37.718684648872156],[144.7102248425339,-37.718684634334096],[144.71022492628757,-37.718684619200374],[144.71022500996565,-37.71868460347073],[144.7102250935582,-37.718684587144985],[144.71022517705526,-37.71868457022318],[144.71022526044686,-37.71868455270542],[144.71022534372298,-37.71868453459198],[144.71022542687373,-37.71868451588325],[144.71022550988897,-37.718684496579804],[144.71022559275875,-37.71868447668231],[144.71022567547308,-37.71868445619163],[144.7102257580219,-37.71868443510872],[144.71022584039522,-37.71868441343466],[144.71022592258308,-37.71868439117076],[144.71022600457545,-37.718684368318335],[144.71022608636244,-37.718684344879016],[144.71022616793405,-37.71868432085443],[144.7102262492804,-37.71868429624637],[144.71022633039163,-37.718684271056816],[144.7102264112579,-37.71868424528788],[144.71022649186938,-37.718684218941796],[144.71022657221636,-37.718684192020966],[144.7102266522891,-37.71868416452781],[144.7102267320779,-37.71868413646508],[144.71022681157322,-37.71868410783554],[144.71022689076543,-37.718684078642106],[144.7102269696452,-37.71868404888781],[144.7102270482029,-37.71868401857592],[144.7102271264293,-37.71868398770968],[144.71022720431517,-37.718683956292615],[144.7102272818512,-37.71868392432827],[144.71022735902838,-37.7186838918204],[144.71022743583754,-37.718683858772835],[144.71022751226985,-37.718683825189544],[144.7102275883164,-37.71868379107462],[144.71022766396845,-37.7186837564323],[144.71022773921734,-37.718683721266935],[144.71022781405446,-37.71868368558293],[144.71022788847142,-37.71868364938491],[144.7102279624598,-37.718683612677566],[144.71022803601142,-37.7186835754657],[144.7102281091182,-37.71868353775421],[144.71022818177198,-37.71868349954813],[144.71022825396497,-37.718683460852596],[144.71022832568934,-37.718683421672864],[144.7102283969376,-37.71868338201425],[144.71022846770208,-37.718683341882254],[144.7102285379755,-37.71868330128232],[144.71022860775054,-37.718683260220146],[144.71022867702007,-37.71868321870145],[144.71022874577721,-37.71868317673204],[144.710228814015,-37.718683134317814],[144.71022888172686,-37.718683091464804],[144.71022894890618,-37.718683048179074],[144.71022901554656,-37.718683004466726],[144.71022908164176,-37.718682960334014],[144.71022914718566,-37.71868291578728],[144.71022921217227,-37.718682870832815],[144.7102292765958,-37.71868282547715],[144.7102293404507,-37.718682779726784],[144.71022940373135,-37.71868273358827],[144.71022946643242,-37.71868268706822],[144.7102295285488,-37.718682640173334],[144.71022959007541,-37.718682592910405],[144.71022965100747,-37.718682545286164],[144.71022971134013,-37.7186824973075],[144.71022977106904,-37.718682448981255],[144.7102298301897,-37.71868240031444],[144.71022988869785,-37.71868235131396],[144.71022994658958,-37.718682301986874],[144.71023000386094,-37.718682252340194],[144.71023006050817,-37.718682202381],[144.71023011652775,-37.71868215211637],[144.71023017191632,-37.718682101553505],[144.71023022667055,-37.71868205069948],[144.71023028078747,-37.71868199956149],[144.71023033426417,-37.71868194814673],[144.7102303870978,-37.718681896462414],[144.71023043928594,-37.71868184451574],[144.7102304908261,-37.718681792313916],[144.710230541716,-37.71868173986417],[144.71023059195358,-37.718681687173714],[144.71023064153695,-37.71868163424983],[144.7102306904643,-37.718681581099716],[144.71023073873405,-37.71868152773054],[144.7102307863447,-37.718681474149555],[144.71023083329501,-37.71868142036399],[144.71023087958383,-37.718681366381],[144.71023092521014,-37.71868131220775],[144.71023097017317,-37.71868125785143],[144.71023101447224,-37.71868120331915],[144.71023105810676,-37.718681148618],[144.71023110107637,-37.7186810937551],[144.71023114338092,-37.71868103873747],[144.7102311850203,-37.7186809835722],[144.71023122599453,-37.7186809282662],[144.71023126630388,-37.71868087282653],[144.71023130594864,-37.71868081726003],[144.71023134492935,-37.718680761573644],[144.7102313832466,-37.718680705774176],[144.71023142090112,-37.71868064986848],[144.71023145789394,-37.71868059386326],[144.71023149422595,-37.71868053776527],[144.71023152989838,-37.71868048158119],[144.7102315343111,-37.71868047455246],[144.71023153486198,-37.71868047367377],[144.71023153494068,-37.71868047354749],[144.7102315349408,-37.71868047354571],[144.7102315349409,-37.71868047354218],[144.71023153494147,-37.71868047352801],[144.7102315349426,-37.71868047349966],[144.71023153494713,-37.71868047338629],[144.7102315349561,-37.71868047315953],[144.71023153499223,-37.71868047225253],[144.71023153506442,-37.71868047043851],[144.71023153520875,-37.718680466810476],[144.71023153524487,-37.71868046590348],[144.7102315352629,-37.71868046544998],[144.7102315352674,-37.71868046533659],[144.71023153526968,-37.7186804652799],[144.71023153527025,-37.718680465265756],[144.71023153527054,-37.71868046525866],[144.71023153499726,-37.718680465224296],[144.71023153308374,-37.718680465005164],[144.71023151777547,-37.71868046325203],[144.71023139530936,-37.718680449227044],[144.71023041558055,-37.718680337027045],[144.71022845612293,-37.71868011262702],[144.71022747639415,-37.718680000426986],[144.71022723146191,-37.718679972377004],[144.71022710899578,-37.71867995835199],[144.71022707837926,-37.71867995484573],[144.71022706307104,-37.718679953092604],[144.71022705924398,-37.718679952654334],[144.71022705733046,-37.71867995243519],[144.71022705685203,-37.71867995238041],[144.71022705661284,-37.718679952353],[144.7102270568487,-37.718679952213975],[144.710227059217,-37.71867995132296],[144.71022707816385,-37.718679944194854],[144.71022722973845,-37.71867988716979],[144.7102284423349,-37.71867943096946],[144.71023814310655,-37.71867578136637],[144.71023814310655,-37.718675781366365]]]},"properties":{"LAYER":"POLY_LINEMARKING_P1","LAYER_TYPE":"fill"}},{"type":"Feature","geometry":{"type":"Polygon","coordinates":[[[144.7107654320052,-37.71902739568665],[144.71075648787058,-37.71902157298407],[144.7107553698539,-37.719020845146204],[144.71075523010182,-37.71902075416645],[144.7107552126328,-37.71902074279398],[144.71075521044918,-37.71902074137243],[144.71075521029132,-37.719020741187315],[144.71075521065086,-37.71902074122921],[144.71075521136996,-37.71902074131304],[144.71075521424643,-37.71902074164828],[144.71075521999933,-37.719020742318776],[144.71075524301096,-37.719020745000776],[144.71075528903415,-37.719020750364756],[144.71075547312705,-37.71902077182069],[144.71075584131285,-37.71902081473256],[144.71075731405597,-37.71902098638008],[144.71076025954216,-37.71902132967507],[144.7107617322853,-37.71902150132253],[144.7107619163782,-37.71902152277845],[144.71076193938976,-37.71902152546042],[144.71076194226623,-37.71902152579567],[144.71076194267712,-37.7190215258436],[144.71076194267704,-37.719021525843665],[144.71076194267687,-37.71902152584379],[144.71076194267619,-37.71902152584426],[144.7107619426749,-37.719021525845214],[144.7107619426697,-37.71902152584905],[144.7107619426593,-37.719021525856704],[144.71076194261764,-37.719021525887314],[144.71076194253428,-37.719021525948534],[144.710761942201,-37.71902152619342],[144.71076194203425,-37.71902152631585],[144.71076194195098,-37.71902152637706],[144.71076194193012,-37.719021526392375],[144.7107619419197,-37.719021526400006],[144.71076194191707,-37.71902152640194],[144.7107619419158,-37.7190215264029],[144.71076194191545,-37.71902152640314],[144.7107619419153,-37.71902152640328],[144.71076194202936,-37.71902152623182],[144.71076194282858,-37.719021525031444],[144.71076194923012,-37.71902151542955],[144.71076200095447,-37.7190214386876],[144.7107620535897,-37.71902136208221],[144.7107621071372,-37.7190212856227],[144.7107621615982,-37.7190212093184],[144.71076221697362,-37.719021133178806],[144.71076227326424,-37.719021057213304],[144.71076233047066,-37.71902098143147],[144.71076238859328,-37.71902090584288],[144.71076244763236,-37.71902083045719],[144.71076250758782,-37.71902075528407],[144.7107625684595,-37.71902068033326],[144.71076263024705,-37.719020605614496],[144.71076269294977,-37.71902053113762],[144.710762756567,-37.719020456912475],[144.7107628210976,-37.71902038294891],[144.71076288654038,-37.7190203092568],[144.71076295289384,-37.71902023584616],[144.71076302015643,-37.71902016272682],[144.71076308832616,-37.719020089908845],[144.710763157401,-37.71902001740217],[144.71076322737866,-37.71901994521679],[144.71076329825652,-37.71901987336268],[144.71076337003194,-37.71901980184989],[144.71076344270185,-37.719019730688366],[144.710763516263,-37.71901965988815],[144.7107635907121,-37.719019589459194],[144.71076366604538,-37.71901951941149],[144.71076374225905,-37.719019449754995],[144.7107638193489,-37.71901938049968],[144.71076389731064,-37.719019311655416],[144.71076397613976,-37.719019243232104],[144.71076405583136,-37.71901917523961],[144.71076413638042,-37.71901910768779],[144.71076421778184,-37.719019040586346],[144.71076430003,-37.71901897394511],[144.71076438311925,-37.719018907773716],[144.71076446704365,-37.719018842081844],[144.710764551797,-37.71901877687903],[144.71076463737302,-37.71901871217487],[144.71076472376492,-37.719018647978764],[144.71076481096614,-37.71901858430012],[144.7107648989694,-37.719018521148286],[144.71076498776748,-37.719018458532496],[144.71076507735293,-37.71901839646189],[144.71076516771802,-37.719018334945574],[144.7107652588548,-37.71901827399257],[144.71076535075517,-37.71901821361168],[144.71076544341074,-37.71901815381185],[144.71076553681291,-37.71901809460169],[144.71076563095303,-37.719018035989826],[144.710765725822,-37.719017977984755],[144.71076582141077,-37.719017920594844],[144.7107659177098,-37.71901786382837],[144.71076601470963,-37.719017807693504],[144.71076611240045,-37.71901775219825],[144.71076621077228,-37.719017697350495],[144.71076630981503,-37.719017643158054],[144.71076640951833,-37.71901758962849],[144.71076650987163,-37.7190175367694],[144.7107666108642,-37.71901748458809],[144.71076671248534,-37.71901743309173],[144.7107668147239,-37.719017382287454],[144.71076691756866,-37.719017332182176],[144.71076702100828,-37.71901728278265],[144.71076712503125,-37.719017234095496],[144.71076722962587,-37.71901718612715],[144.71076733478034,-37.71901713888391],[144.71076744048267,-37.71901709237195],[144.7107675467207,-37.71901704659716],[144.71076765348224,-37.71901700156536],[144.7107677607549,-37.7190169572822],[144.71076786852618,-37.71901691375307],[144.71076797678342,-37.7190168709833],[144.71076808551388,-37.71901682897793],[144.7107681947048,-37.7190167877419],[144.71076830434305,-37.71901674727991],[144.71076841441567,-37.719016707596545],[144.7107685249095,-37.71901666869612],[144.7107686358112,-37.71901663058283],[144.7107687471076,-37.7190165932607],[144.71076885878506,-37.71901655673346],[144.71076897083032,-37.719016521004704],[144.71076908322962,-37.71901648607789],[144.71076919596945,-37.71901645195624],[144.7107693090361,-37.719016418642695],[144.71076942241578,-37.71901638614015],[144.71076953609474,-37.71901635445122],[144.71076965005918,-37.71901632357831],[144.71076976429524,-37.71901629352368],[144.71076987878897,-37.71901626428937],[144.71076999352644,-37.71901623587722],[144.71077010849373,-37.71901620828888],[144.71077022367686,-37.719016181525745],[144.71077033906195,-37.71901615558913],[144.71077045463494,-37.719016130480036],[144.7107705703819,-37.719016106199376],[144.71077068628887,-37.71901608274777],[144.7107708023418,-37.71901606012565],[144.71077091852695,-37.719016038333315],[144.7107710348303,-37.719016017370855],[144.7107711512379,-37.71901599723817],[144.71077126773608,-37.71901597793485],[144.71077138431085,-37.71901595946049],[144.71077150094862,-37.719015941814376],[144.71077161763552,-37.71901592499559],[144.71077173435796,-37.719015909003105],[144.7107718511024,-37.71901589383563],[144.71077196785527,-37.71901587949178],[144.710772084603,-37.71901586596989],[144.71077220133233,-37.719015853268175],[144.7107723180299,-37.719015841384646],[144.7107724346824,-37.719015830317204],[144.7107725512768,-37.719015820063426],[144.71077266779997,-37.71901581062089],[144.71077278423903,-37.71901580198691],[144.71077290058096,-37.71901579415864],[144.71077301681316,-37.71901578713308],[144.71077313292298,-37.71901578090704],[144.71077324889777,-37.719015775477246],[144.7107733647252,-37.71901577084013],[144.71077348039293,-37.71901576699218],[144.7107735958888,-37.719015763929505],[144.71077371120077,-37.719015761648194],[144.71077382631688,-37.71901576014418],[144.71077394122537,-37.71901575941321],[144.71077405591458,-37.71901575945092],[144.71077417037296,-37.719015760252816],[144.71077428458918,-37.71901576181422],[144.71077439855205,-37.71901576413042],[144.71077451225037,-37.71901576719643],[144.71077462567334,-37.71901577100727],[144.71077473881013,-37.71901577555781],[144.71077485165003,-37.71901578084275],[144.71077496418275,-37.7190157868567],[144.71077507639788,-37.719015793594195],[144.71077518828525,-37.719015801049586],[144.71077529983495,-37.71901580921716],[144.7107754110371,-37.71901581809116],[144.7107755218821,-37.7190158276656],[144.71077563236045,-37.71901583793451],[144.7107757424628,-37.719015848891736],[144.7107758521801,-37.71901586053115],[144.7107759615033,-37.719015872846434],[144.7107760704236,-37.71901588583124],[144.7107761789324,-37.71901589947906],[144.7107762870213,-37.71901591378342],[144.7107763005025,-37.71901591561732],[144.71077630218716,-37.71901591584726],[144.71077630242848,-37.719015915880135],[144.71077630243005,-37.71901591588018],[144.71077630243315,-37.71901591588027],[144.71077630244548,-37.71901591588063],[144.7107763024702,-37.71901591588135],[144.71077630256917,-37.71901591588423],[144.71077630276704,-37.71901591588993],[144.71077630355856,-37.719015915912806],[144.71077630514162,-37.71901591595857],[144.7107763083077,-37.719015916050125],[144.7107763090992,-37.71901591607301],[144.71077630949497,-37.71901591608446],[144.71077630959394,-37.719015916087315],[144.7107763096434,-37.71901591608872],[144.71077630965578,-37.71901591608911],[144.71077630966192,-37.71901591608928],[144.7107763096635,-37.719015916089326],[144.71077630966428,-37.71901591608935],[144.71077630985602,-37.71901591611169],[144.71077631119599,-37.71901591626784],[144.71077632191555,-37.719015917517225],[144.71077640767214,-37.719015927512096],[144.71077709372494,-37.719016007471105],[144.7107825821475,-37.71901664714309],[144.7107935589929,-37.719017926486295],[144.7107990474157,-37.71901856615751],[144.71080041952146,-37.7190187260753],[144.71080110557432,-37.719018806034164],[144.71080127708754,-37.71901882602388],[144.71080136284417,-37.71901883601875],[144.71080138428331,-37.71901883851746],[144.71080139500287,-37.71901883976681],[144.71080139768276,-37.71901884007915],[144.71080139902273,-37.71901884023531],[144.71080139959577,-37.719018840309076],[144.71080139958727,-37.719018840356696],[144.7108013995193,-37.7190188407378],[144.7108013989758,-37.71901884378661],[144.71080139462748,-37.71901886817703],[144.7108013598409,-37.7190190633005],[144.7108010815484,-37.71902062428848],[144.7108010774681,-37.71902062626113],[144.71080107695803,-37.71902062650771],[144.71080107689434,-37.71902062653853],[144.71080107688633,-37.7190206265424],[144.71080107688533,-37.71902062654287],[144.71080107645508,-37.71902062649277],[144.71080107545149,-37.71902062637569],[144.71080107344423,-37.71902062614155],[144.71080106541535,-37.71902062520492],[144.71080104935746,-37.71902062333168],[144.7108009851262,-37.71902061583876],[144.71080085666364,-37.71902060085289],[144.71080034281337,-37.71902054090947],[144.7107993151129,-37.71902042102257],[144.7107952043109,-37.71901994147492],[144.71078698270696,-37.7190189823792],[144.7107828719051,-37.71901850283113],[144.7107823580549,-37.71901844288761],[144.71078229382366,-37.71901843539466],[144.71078228579475,-37.71901843445806],[144.71078228479112,-37.719018434340974],[144.7107822846478,-37.71901843432425],[144.7107822846478,-37.71901843432425],[144.71078228464773,-37.71901843432426],[144.71078228464773,-37.7190184343243],[144.71078228464773,-37.71901843432433],[144.71078228464773,-37.719018434324525],[144.71078228464762,-37.719018434324866],[144.71078228464734,-37.71901843432635],[144.71078228464683,-37.71901843432925],[144.7107822846447,-37.71901843434095],[144.71078228464364,-37.7190184343468],[144.71078228464305,-37.71901843434971],[144.71078228464296,-37.719018434350446],[144.7107822846429,-37.719018434350815],[144.71078228464285,-37.719018434350886],[144.71078228464285,-37.71901843435094],[144.71078228464285,-37.71901843435096],[144.71078228464285,-37.71901843435098],[144.71078228446808,-37.71901843433103],[144.71078228324495,-37.71901843419163],[144.71078227345726,-37.71901843308053],[144.7107821949925,-37.71901842445993],[144.71078211624203,-37.71901841631944],[144.71078203721203,-37.71901840866351],[144.71078195790892,-37.71901840149669],[144.71078187833913,-37.719018394823394],[144.71078179850937,-37.71901838864799],[144.7107817184263,-37.71901838297477],[144.71078163809676,-37.719018377807956],[144.71078155752778,-37.71901837315178],[144.71078147672642,-37.71901836901027],[144.7107813957,-37.71901836538747],[144.71078131445566,-37.71901836228733],[144.71078123300094,-37.719018359713694],[144.71078115134338,-37.71901835767035],[144.7107810694906,-37.71901835616101],[144.71078098745045,-37.71901835518926],[144.7107809052307,-37.71901835475864],[144.7107808228395,-37.7190183548726],[144.71078074028478,-37.719018355534466],[144.71078065757482,-37.7190183567475],[144.7107805747179,-37.719018358514845],[144.71078049172237,-37.71901836083954],[144.71078040859678,-37.71901836372456],[144.71078032534962,-37.719018367172744],[144.71078024198965,-37.71901837118683],[144.7107801585256,-37.719018375769465],[144.71078007496632,-37.71901838092313],[144.71077999132072,-37.71901838665031],[144.71077990759787,-37.719018392953274],[144.71077982380686,-37.71901839983419],[144.7107797399567,-37.719018407295195],[144.7107796560569,-37.71901841533818],[144.71077957211654,-37.719018423965],[144.71077948814516,-37.71901843317737],[144.71077940415208,-37.71901844297683],[144.71077932014686,-37.71901845336492],[144.71077923613908,-37.71901846434294],[144.71077915213831,-37.71901847591209],[144.7107790681543,-37.71901848807347],[144.71077898419662,-37.71901850082806],[144.71077890027516,-37.719018514176604],[144.7107788163997,-37.719018528119804],[144.71077873258002,-37.71901854265827],[144.7107786488261,-37.71901855779238],[144.71077856514776,-37.71901857352243],[144.71077848155494,-37.719018589848545],[144.71077839805758,-37.71901860677073],[144.71077831466573,-37.71901862428888],[144.71077823138933,-37.71901864240269],[144.71077814823835,-37.71901866111178],[144.7107780652228,-37.719018680415616],[144.71077798235282,-37.71901870031347],[144.71077789963823,-37.719018720804556],[144.71077781708917,-37.71901874188786],[144.71077773471558,-37.71901876356228],[144.71077765252753,-37.719018785826584],[144.7107775705349,-37.719018808679344],[144.7107774887477,-37.719018832119076],[144.7107774071759,-37.71901885614405],[144.7107773258293,-37.719018880752486],[144.7107772447179,-37.719018905942384],[144.71077716385145,-37.71901893171168],[144.71077708323975,-37.71901895805812],[144.7107770028926,-37.71901898497937],[144.7107769228197,-37.71901901247284],[144.7107768430307,-37.719019040535954],[144.71077676353522,-37.719019069165874],[144.7107766843428,-37.719019098359695],[144.71077660546294,-37.719019128114304],[144.71077652690502,-37.71901915842659],[144.71077644867844,-37.71901918929317],[144.7107763707925,-37.71901922071062],[144.7107762932563,-37.71901925267527],[144.71077621607898,-37.7190192851835],[144.71077613926968,-37.71901931823141],[144.71077606283723,-37.71901935181508],[144.7107759867906,-37.719019385930316],[144.71077591113843,-37.719019420573],[144.71077583588945,-37.71901945573874],[144.71077576105222,-37.719019491423055],[144.71077568663515,-37.71901952762142],[144.71077561264667,-37.71901956432911],[144.71077553909495,-37.71901960154131],[144.71077546598818,-37.719019639253155],[144.71077539333427,-37.719019677459556],[144.71077532114123,-37.71901971615541],[144.71077524941674,-37.71901975533547],[144.71077517816846,-37.7190197949944],[144.71077510740392,-37.71901983512677],[144.71077503713047,-37.719019875726985],[144.7107749673554,-37.71901991678951],[144.71077489808584,-37.7190199583085],[144.71077482932867,-37.71902000027824],[144.71077476109082,-37.71902004269273],[144.7107746933789,-37.71902008554608],[144.7107746261996,-37.71902012883216],[144.7107745595592,-37.71902017254481],[144.71077449346402,-37.71902021667779],[144.71077442792017,-37.71902026122488],[144.71077436293353,-37.7190203061796],[144.71077429851,-37.719020351535555],[144.7107742346552,-37.71902039728624],[144.71077417137454,-37.71902044342507],[144.7107741086735,-37.7190204899454],[144.71077404655713,-37.71902053684056],[144.71077398503053,-37.71902058410379],[144.7107739240986,-37.719020631728284],[144.71077386376592,-37.719020679707256],[144.7107738040371,-37.71902072803374],[144.71077374491654,-37.71902077670084],[144.7107736864084,-37.719020825701584],[144.71077362851673,-37.71902087502895],[144.71077357124548,-37.71902092467591],[144.71077351459834,-37.71902097463536],[144.7107734585788,-37.719021024900215],[144.7107734031904,-37.71902107546337],[144.7107733484362,-37.71902112631763],[144.71077329431935,-37.71902117745584],[144.7107732408428,-37.719021228870865],[144.71077318800928,-37.71902128055544],[144.71077313582128,-37.719021332502365],[144.71077308428124,-37.719021384704455],[144.71077303339146,-37.71902143715443],[144.71077298315396,-37.719021489845105],[144.71077293357078,-37.71902154276921],[144.71077288464355,-37.7190215959196],[144.71077283637396,-37.71902164928896],[144.71077278876345,-37.719021702870144],[144.7107727418133,-37.71902175665595],[144.71077269552464,-37.71902181063916],[144.7107726498985,-37.71902186481262],[144.7107726049356,-37.71902191916915],[144.71077256063677,-37.71902197370168],[144.71077251700237,-37.719022028402996],[144.7107724740329,-37.719022083266104],[144.71077243172851,-37.7190221382839],[144.71077239008937,-37.7190221934494],[144.71077234911533,-37.719022248755564],[144.7107723088062,-37.71902230419545],[144.7107722691616,-37.71902235976213],[144.71077223018116,-37.71902241544869],[144.7107721918641,-37.71902247124835],[144.71077215420976,-37.719022527154216],[144.71077211721715,-37.71902258315958],[144.7107720808854,-37.719022639257744],[144.71077204521316,-37.71902269544201],[144.71077204080044,-37.71902270247076],[144.7107720402496,-37.71902270334947],[144.71077204017092,-37.71902270347573],[144.7107720401708,-37.71902270347751],[144.71077204017067,-37.71902270348106],[144.71077204017007,-37.719022703495234],[144.710772040169,-37.71902270352359],[144.7107720401645,-37.71902270363697],[144.71077204015546,-37.719022703863715],[144.7107720401194,-37.719022704770694],[144.7107720400472,-37.719022706584724],[144.71077203990285,-37.71902271021275],[144.71077203986678,-37.71902271111976],[144.7107720398487,-37.71902271157327],[144.71077203984422,-37.71902271168666],[144.71077203984197,-37.719022711743335],[144.7107720398414,-37.719022711757496],[144.7107720398411,-37.71902271176457],[144.71077204011436,-37.71902271179894],[144.71077204202794,-37.71902271201806],[144.71077205733624,-37.71902271377111],[144.71077217980306,-37.71902272779558],[144.71077315953738,-37.71902283999124],[144.71077511900614,-37.71902306438253],[144.7107760987405,-37.71902317657818],[144.7107763436741,-37.71902320462706],[144.71077646614089,-37.71902321865152],[144.71077649675757,-37.719023222157645],[144.71077651206593,-37.719023223910696],[144.71077651589303,-37.71902322434896],[144.71077651780655,-37.719023224568105],[144.71077651828494,-37.71902322462287],[144.71077651852414,-37.71902322465026],[144.71077651828833,-37.71902322478931],[144.71077651591995,-37.719023225680324],[144.7107764969731,-37.71902323280854],[144.71077634539822,-37.719023289834276],[144.71077513279903,-37.71902374604016],[144.7107654320052,-37.71902739568665],[144.7107654320052,-37.71902739568665]]]},"properties":{"LAYER":"POLY_LINEMARKING_P1","LAYER_TYPE":"fill"}},{"type":"Feature","geometry":{"type":"Polygon","coordinates":[[[144.7107945213788,-37.718927174241884],[144.71078597982589,-37.71892105701356],[144.71078544597887,-37.718920674686785],[144.7107854126134,-37.71892065079134],[144.710785407781,-37.71892065006139],[144.71078540219233,-37.7189206519109],[144.71078539101492,-37.718920655609836],[144.7107853686601,-37.71892066300774],[144.71078527924104,-37.7189206925994],[144.71078510040272,-37.71892075178272],[144.7107847427262,-37.71892087014937],[144.7107833120199,-37.71892134361588],[144.7107804506073,-37.718922290548896],[144.7107747277819,-37.718924184414696],[144.71077329707552,-37.71892465788108],[144.71077320765642,-37.71892468747275],[144.7107732020677,-37.71892468932223],[144.71077320457462,-37.718924689781794],[144.71077321074497,-37.718924690502334],[144.7107732230857,-37.71892469194344],[144.7107732477672,-37.71892469482562],[144.71077334649308,-37.718924706354414],[144.71077354394492,-37.718924729412],[144.71077393884855,-37.71892477552718],[144.71077551846304,-37.71892495998787],[144.71077867769205,-37.71892532890919],[144.71077946749932,-37.718925421139474],[144.71077986240294,-37.718925467254635],[144.7107799117659,-37.71892547301904],[144.71077993644735,-37.71892547590124],[144.710779941573,-37.718925477238905],[144.71077994252076,-37.718925481045105],[144.7107799444219,-37.71892548865807],[144.71077995989398,-37.71892554958576],[144.71077999224897,-37.71892567155967],[144.7107800626488,-37.71892591589348],[144.71078014071807,-37.71892616057005],[144.71078022654692,-37.71892640537756],[144.7107803202138,-37.718926650098126],[144.71078042178513,-37.71892689450833],[144.71078053131464,-37.71892713837967],[144.71078064884276,-37.718927381478984],[144.71078077439597,-37.71892762356932],[144.7107809079866,-37.718927864410276],[144.71078104961228,-37.71892810375879],[144.71078119925548,-37.718928341369796],[144.71078135688342,-37.71892857699699],[144.71078152244763,-37.71892881039353],[144.71078169588387,-37.71892904131272],[144.71078187711197,-37.718929269508955],[144.71078206603585,-37.71892949473851],[144.7107822625436,-37.71892971676013],[144.71078246650754,-37.71892993533618],[144.71078267778432,-37.71893015023303],[144.7107828962155,-37.718930361222256],[144.71078312162751,-37.71893056808116],[144.7107833538324,-37.718930770593715],[144.71078359262822,-37.718930968551106],[144.71078383779957,-37.71893116175255],[144.71078408911825,-37.718931350006024],[144.71078434634404,-37.71893153312878],[144.71078460922536,-37.71893171094809],[144.71078487750017,-37.718931883301536],[144.71078515089678,-37.71893205003779],[144.71078542913486,-37.718932211016856],[144.71078571192615,-37.71893236611053],[144.71078599897578,-37.718932515202695],[144.71078628998308,-37.718932658189594],[144.7107865846424,-37.71893279498003],[144.7107868826445,-37.718932925495444],[144.71078718367747,-37.71893304967011],[144.71078748742752,-37.71893316745102],[144.71078779358024,-37.71893327879792],[144.71078810182155,-37.71893338368311],[144.71078841183854,-37.718933482091465],[144.71078872332058,-37.71893357401998],[144.71078903596,-37.718933659477685],[144.71078934945328,-37.71893373848524],[144.71078966350152,-37.718933811074656],[144.7107899778114,-37.7189338772888],[144.71079029209602,-37.718933937180985],[144.71079060607516,-37.718933990814605],[144.71079091947644,-37.7189340382625],[144.71079123203535,-37.71893407960653],[144.71079154349624,-37.71893411493701],[144.71079162116078,-37.71893412284135],[144.7107916599603,-37.71893412665538],[144.7107916648087,-37.71893412712564],[144.71079166723277,-37.71893412736025],[144.7107916769096,-37.71893412847792],[144.7107917228699,-37.71893413383174],[144.7107918147905,-37.71893414453938],[144.7107925501552,-37.718934230200546],[144.71079402088463,-37.718934401522844],[144.71080578672021,-37.7189357721006],[144.71081166963813,-37.71893645738903],[144.7108146110972,-37.718936800033134],[144.7108160818267,-37.718936971355156],[144.71081644950908,-37.71893701418568],[144.7108166333503,-37.71893703560093],[144.71081672527086,-37.71893704630856],[144.710816748251,-37.71893704898545],[144.71081675974108,-37.718937050323916],[144.71081676548613,-37.718937050993134],[144.71081676820734,-37.71893705108783],[144.71081676881025,-37.71893704782365],[144.7108167784568,-37.71893699559673],[144.7108169328015,-37.71893615996616],[144.71081708714613,-37.71893532433562],[144.71081709679274,-37.7189352721087],[144.71081709739565,-37.71893526884452],[144.71081706532584,-37.71893526488683],[144.71081699651884,-37.71893525687236],[144.71081685890482,-37.71893524084343],[144.71081658367677,-37.71893520878557],[144.71081548276456,-37.718935080554125],[144.71081328094016,-37.718934824091164],[144.7108088772914,-37.71893431116518],[144.7108000699941,-37.71893328531268],[144.71079896908202,-37.718933157081075],[144.7107984186259,-37.718933092965266],[144.7107983498189,-37.71893308495078],[144.71079831541545,-37.718933080943536],[144.71079830818553,-37.71893308010053],[144.71079830643959,-37.71893307989246],[144.7107983029475,-37.71893307947559],[144.71079827500324,-37.71893307610309],[144.71079821907463,-37.7189330691578],[144.7107979948771,-37.71893303868661],[144.7107977700425,-37.71893300386219],[144.71079754475713,-37.71893296462386],[144.71079731921333,-37.71893292091705],[144.71079709360882,-37.718932872693884],[144.7107968681468,-37.718932819913434],[144.71079664303488,-37.71893276254196],[144.7107964184851,-37.71893270055342],[144.7107961947131,-37.7189326339297],[144.71079597193778,-37.71893256266078],[144.71079575038038,-37.71893248674516],[144.71079553026422,-37.71893240618993],[144.71079531181383,-37.71893232101101],[144.7107950952542,-37.71893223123317],[144.71079488081043,-37.718932136890444],[144.71079466870663,-37.71893203802576],[144.71079445916538,-37.718931934691284],[144.71079425240708,-37.71893182694829],[144.710794048649,-37.71893171486705],[144.71079384810477,-37.718931598526744],[144.71079365098356,-37.7189314780154],[144.7107934574893,-37.71893135342951],[144.71079326782015,-37.71893122487395],[144.71079308216767,-37.7189310924616],[144.7107929007163,-37.718930956313116],[144.71079272364287,-37.7189308165564],[144.7107925511155,-37.71893067332633],[144.71079238329378,-37.71893052676435],[144.7107922203278,-37.71893037701789],[144.71079206235785,-37.718930224239955],[144.710791909514,-37.718930068588584],[144.71079176191583,-37.71892991022633],[144.71079161967205,-37.718929749319706],[144.71079148288027,-37.71892958603858],[144.7107913516269,-37.718929420555675],[144.710791225987,-37.71892925304594],[144.71079110602406,-37.71892908368592],[144.7107909917903,-37.71892891265337],[144.71079088332638,-37.71892874012643],[144.71079078066165,-37.718928566283246],[144.7107906838143,-37.71892839130136],[144.71079059279154,-37.71892821535722],[144.71079050758985,-37.718928038625606],[144.71079042819503,-37.718927861279155],[144.71079035458294,-37.71892768348797],[144.71079028671954,-37.7189275054191],[144.7107902245613,-37.71892732723618],[144.71079016805572,-37.718927149098974],[144.71079011714164,-37.718926971163185],[144.71079007174987,-37.71892679357994],[144.71079005110104,-37.718926704966464],[144.71079004128396,-37.71892666071213],[144.71079004008055,-37.71892665518294],[144.71079004045527,-37.71892665199326],[144.71079004592642,-37.71892665263091],[144.7107900568689,-37.71892665390625],[144.71079014440826,-37.71892666410891],[144.71079031948713,-37.71892668451425],[144.7107917201177,-37.71892684775679],[144.7107945213788,-37.71892717424189],[144.7107945213788,-37.718927174241884]]]},"properties":{"LAYER":"POLY_LINEMARKING_P1","LAYER_TYPE":"fill"}},{"type":"Feature","geometry":{"type":"Polygon","coordinates":[[[144.71059773292296,-37.71855391816896],[144.71058992936105,-37.71856062872798],[144.71058944163838,-37.7185610481379],[144.71058941115572,-37.718561074351044],[144.7105894101784,-37.7185610781806],[144.71058941243888,-37.71856108264207],[144.7105894169599,-37.718561091564986],[144.71058942600183,-37.71856110941086],[144.71058946216976,-37.71856118079432],[144.71058953450554,-37.71856132356125],[144.7105896791771,-37.71856160909511],[144.71059025786326,-37.71856275123054],[144.71059141523568,-37.718565035501385],[144.71059372998076,-37.71856960404303],[144.7105943086671,-37.71857074617846],[144.71059434483496,-37.71857081756192],[144.7105943470955,-37.718570822023395],[144.71059434770424,-37.71857082003772],[144.71059434868593,-37.718570815145306],[144.7105943506492,-37.7185708053605],[144.7105943545758,-37.71857078579088],[144.71059437028208,-37.71857070751242],[144.71059440169475,-37.71857055095551],[144.71059446452,-37.71857023784166],[144.710594715821,-37.71856898538631],[144.71059521842298,-37.71856648047561],[144.71059534407345,-37.71856585424793],[144.71059540689868,-37.7185655411341],[144.71059541475182,-37.71856550199485],[144.71059541867842,-37.718565482425234],[144.71059542042426,-37.71856547837013],[144.7105954252269,-37.71856547766332],[144.71059543483292,-37.71856547624539],[144.7105955117147,-37.71856546469285],[144.7105956656445,-37.71856544046856],[144.71059597405875,-37.71856538750529],[144.71059628299724,-37.7185653284543],[144.71059659219446,-37.71856526324152],[144.71059690137702,-37.71856519180189],[144.7105972102645,-37.71856511407999],[144.71059751856987,-37.71856503003042],[144.71059782600022,-37.7185649396183],[144.71059813225753,-37.7185648428196],[144.71059843703935,-37.718564739621634],[144.7105987400397,-37.71856463002344],[144.71059904094992,-37.71856451403586],[144.7105993394595,-37.718564391682044],[144.71059963525713,-37.7185642629975],[144.71059992803157,-37.718564128030216],[144.71060021747266,-37.71856398684095],[144.71060050327236,-37.71856383950302],[144.71060078512576,-37.71856368610244],[144.71060106273208,-37.718563526737796],[144.7106013357956,-37.71856336152001],[144.71060160402675,-37.71856319057226],[144.71060186714323,-37.71856301402968],[144.7106021248707,-37.718562832038934],[144.7106023769439,-37.71856264475792],[144.7106026231076,-37.718562452355336],[144.71060286311717,-37.71856225501008],[144.7106030967398,-37.71856205291074],[144.71060332375487,-37.71856184625509],[144.71060354395496,-37.71856163524929],[144.71060375714612,-37.7185614201073],[144.71060396314877,-37.71856120105012],[144.71060416179813,-37.71856097830511],[144.7106043529444,-37.71856075210512],[144.7106045364533,-37.718560522687774],[144.7106047122064,-37.71856029029464],[144.71060488010104,-37.7185600551704],[144.71060504005078,-37.7185598175621],[144.71060519198497,-37.7185595777183],[144.71060533584927,-37.71855933588826],[144.7106054716049,-37.71855909232105],[144.71060559922913,-37.718558847265086],[144.71060571871436,-37.71855860096712],[144.7106058300683,-37.71855835367153],[144.71060593331316,-37.718558105619735],[144.71060602848578,-37.7185578570495],[144.71060611563647,-37.71855760819432],[144.71060619482887,-37.71855735928277],[144.71060626613942,-37.71855711053813],[144.7106063296565,-37.7185568621777],[144.71060638548002,-37.71855661441249],[144.7106064337204,-37.718556367446745],[144.71060644460962,-37.71855630585348],[144.7106064498799,-37.71855627508116],[144.71060645053055,-37.718556271235805],[144.71060645085518,-37.71855626931321],[144.7106064523791,-37.71855626164041],[144.7106064596743,-37.718556225198945],[144.7106064742646,-37.718556152316026],[144.7106065909875,-37.71855556925264],[144.71060682443323,-37.71855440312587],[144.7106086919987,-37.718545074111645],[144.71060962578127,-37.718540409604536],[144.7106100926725,-37.71853807735096],[144.71061032611811,-37.718536911224184],[144.7106103844795,-37.718536619692486],[144.71061041366022,-37.71853647392663],[144.71061042825053,-37.71853640104372],[144.71061043189812,-37.71853638282298],[144.71061043372197,-37.718536373712595],[144.71061043463388,-37.71853636915741],[144.71061043478593,-37.71853636699713],[144.71061043068437,-37.718536366478766],[144.7106103650588,-37.71853635818481],[144.71060931505008,-37.71853622548181],[144.71060826504132,-37.71853609277881],[144.71060819941576,-37.71853608448487],[144.71060819531417,-37.71853608396649],[144.71060818994442,-37.71853610939158],[144.71060817902372,-37.718536163948],[144.71060815718232,-37.71853627306079],[144.71060811349957,-37.71853649128642],[144.71060793876853,-37.718537364188904],[144.71060758930642,-37.71853910999383],[144.7106068903821,-37.718542601603716],[144.71060549253338,-37.71854958482342],[144.71060531780228,-37.71855045772589],[144.7106052304367,-37.718550894177106],[144.710605219516,-37.71855094873353],[144.71060521405568,-37.71855097601173],[144.71060521290704,-37.718550981744215],[144.71060521262402,-37.71855098312848],[144.71060521205706,-37.7185509858972],[144.71060520747383,-37.71855100805252],[144.71060519805476,-37.718551052392556],[144.71060515698653,-37.71855123010387],[144.71060511043083,-37.71855140826857],[144.71060505831352,-37.718551586737924],[144.71060500056825,-37.718551765358534],[144.71060493713716,-37.71855194397266],[144.7106048679711,-37.7185521224186],[144.71060479303026,-37.71855230053084],[144.71060471228435,-37.71855247814076],[144.71060462571313,-37.71855265507679],[144.7106045333067,-37.718552831165006],[144.71060443506587,-37.71855300622963],[144.71060433100217,-37.718553180093345],[144.7106042211383,-37.71855335257807],[144.71060410550845,-37.71855352350526],[144.7106039841579,-37.71855369269669],[144.71060385714347,-37.718553859974776],[144.71060372453363,-37.71855402516332],[144.710603586408,-37.718554188088085],[144.71060344285783,-37.71855434857728],[144.71060329398532,-37.718554506462226],[144.7106031399037,-37.71855466157783],[144.71060298073706,-37.718554813763255],[144.7106028166197,-37.71855496286241],[144.71060264769608,-37.71855510872443],[144.7106024741203,-37.71855525120432],[144.71060229605547,-37.71855539016327],[144.71060211367345,-37.718555525469206],[144.7106019271542,-37.718555656997125],[144.71060173668513,-37.71855578462964],[144.71060154246047,-37.71855590825716],[144.71060134468087,-37.71855602777825],[144.71060114355225,-37.718556143099946],[144.71060093928563,-37.71855625413787],[144.7106007320959,-37.71855636081656],[144.71060052220167,-37.71855646306946],[144.71060030982397,-37.71855656083907],[144.71060009518587,-37.71855665407707],[144.71059987851166,-37.71855674274419],[144.71059966002613,-37.71855682681026],[144.7105994399539,-37.718556906254115],[144.71059921851867,-37.71855698106341],[144.7105989959426,-37.718557051234654],[144.71059877244565,-37.718557116772715],[144.71059854824503,-37.7185571776909],[144.71059832355454,-37.7185572340105],[144.710598098584,-37.718557285760554],[144.71059787353892,-37.718557332977674],[144.71059764861974,-37.7185573757054],[144.71059742402173,-37.718557413994255],[144.7105971999343,-37.71855744790102],[144.71059708813956,-37.71855746323057],[144.71059703231433,-37.71855747049298],[144.71059702533972,-37.71855747138199],[144.71059702132916,-37.7185574710458],[144.71059702219804,-37.71855746670773],[144.71059702393575,-37.71855745803159],[144.71059703783746,-37.71855738862253],[144.71059706564088,-37.71855724980438],[144.71059728806827,-37.71855613925924],[144.71059773292296,-37.71855391816897],[144.71059773292296,-37.71855391816896]]]},"properties":{"LAYER":"POLY_LINEMARKING_P1","LAYER_TYPE":"fill"}},{"type":"Feature","geometry":{"type":"Polygon","coordinates":[[[144.71043471602474,-37.71916988532375],[144.71044251966697,-37.719163174778174],[144.7104430073946,-37.71916275536908],[144.71044303787755,-37.719162729156],[144.71044303885486,-37.71916272532645],[144.71044303659437,-37.71916272086497],[144.71044303207336,-37.719162711942026],[144.71044302303136,-37.719162694096156],[144.7104429868633,-37.719162622712645],[144.71044291452736,-37.71916247994563],[144.71044276985532,-37.71916219441159],[144.71044219116723,-37.719161052275474],[144.7104410337911,-37.7191587680032],[144.71043871903908,-37.719154199458686],[144.71043814035113,-37.71915305732256],[144.7104381041831,-37.71915298593902],[144.71043810192265,-37.71915298147756],[144.71043810131383,-37.71915298346326],[144.71043810033217,-37.719152988355646],[144.71043809836883,-37.71915299814045],[144.71043809444217,-37.71915301771008],[144.71043807873554,-37.71915309598848],[144.7104380473223,-37.71915325254532],[144.71043798449574,-37.71915356565902],[144.71043773318962,-37.71915481811376],[144.71043723057736,-37.719157323023275],[144.71043710492432,-37.719157949250636],[144.71043704209774,-37.71915826236433],[144.71043703424445,-37.71915830150354],[144.7104370303178,-37.71915832107314],[144.71043702857193,-37.71915832512824],[144.71043702376926,-37.71915832583502],[144.71043701416312,-37.719158327252956],[144.71043693728078,-37.71915833880539],[144.71043678334968,-37.71915836302943],[144.71043647493283,-37.719158415992204],[144.71043616599172,-37.719158475042676],[144.71043585679192,-37.71915854025496],[144.71043554760672,-37.719158611694056],[144.71043523871663,-37.719158689415416],[144.7104349304086,-37.719158773464464],[144.71043462297555,-37.71915886387608],[144.71043431671555,-37.719158960674285],[144.71043401193108,-37.7191590638717],[144.710433708928,-37.71915917346938],[144.71043340801512,-37.71915928945645],[144.71043310950284,-37.71915941180972],[144.71043281370257,-37.71915954049379],[144.71043252092542,-37.71915967546052],[144.71043223148166,-37.71915981664929],[144.71043194567926,-37.71915996398672],[144.7104316638232,-37.71916011738677],[144.7104313862143,-37.719160276750934],[144.7104311131482,-37.719160441968256],[144.71043084491438,-37.719160612915495],[144.71043058179535,-37.71916078945761],[144.7104303240653,-37.71916097144786],[144.7104300719896,-37.71916115872842],[144.71042982582344,-37.71916135113054],[144.71042958581137,-37.71916154847537],[144.7104293521863,-37.71916175057422],[144.71042912516882,-37.71916195722947],[144.71042890496642,-37.71916216823486],[144.710428691773,-37.71916238337644],[144.710428485768,-37.7191626024332],[144.7104282871165,-37.71916282517785],[144.71042809596807,-37.71916305137745],[144.71042791245705,-37.719163280794454],[144.7104277367019,-37.71916351318723],[144.7104275688052,-37.71916374831112],[144.71042740885352,-37.71916398591907],[144.7104272569174,-37.719164225762576],[144.71042711305134,-37.719164467592364],[144.71042697729385,-37.71916471115927],[144.71042684966795,-37.719164956214925],[144.71042673018098,-37.71916520251268],[144.71042661882552,-37.71916544980801],[144.71042651557903,-37.71916569785956],[144.710426420405,-37.719165946429605],[144.7104263332529,-37.71916619528459],[144.71042625405914,-37.7191664441959],[144.71042618274734,-37.71916669294039],[144.71042611922903,-37.71916694130068],[144.71042606340436,-37.71916718906574],[144.7104260151628,-37.71916743603137],[144.7104260042734,-37.71916749762459],[144.71042599900292,-37.7191675283969],[144.7104259983523,-37.71916753224226],[144.71042599802763,-37.71916753416484],[144.71042599650372,-37.71916754183765],[144.7104259892084,-37.71916757827908],[144.71042597461764,-37.71916765116197],[144.7104258578922,-37.71916823422504],[144.71042562444123,-37.71916940035119],[144.71042375683317,-37.71917872936034],[144.71042282302892,-37.71918339386486],[144.71042235612674,-37.719185726117146],[144.71042212267565,-37.71918689224328],[144.71042206431287,-37.7191871837748],[144.7104220351315,-37.71918732954057],[144.7104220205408,-37.719187402423465],[144.71042201689312,-37.719187420644175],[144.71042201506927,-37.719187429754534],[144.7104220141574,-37.71918743430973],[144.71042201400525,-37.719187436470015],[144.71042201810687,-37.71918743698839],[144.710422083733,-37.71918744528246],[144.71042313375045,-37.7191875779874],[144.7104241837679,-37.71918771069232],[144.71042424939398,-37.719187718986404],[144.71042425349566,-37.71918771950479],[144.71042425886552,-37.7191876940797],[144.71042426978647,-37.71918763952333],[144.71042429162836,-37.71918753041057],[144.71042433531213,-37.71918731218508],[144.71042451004723,-37.71918643928309],[144.71042485951747,-37.71918469347911],[144.71042555845784,-37.719181201871145],[144.7104269563383,-37.71917421865518],[144.71042713107337,-37.7191733457532],[144.71042721844088,-37.7191729093022],[144.71042722936178,-37.719172854745814],[144.71042723482228,-37.71917282746764],[144.71042723597094,-37.71917282173515],[144.71042723625396,-37.719172820350856],[144.71042723682095,-37.719172817582155],[144.7104272414043,-37.719172795426836],[144.71042725082356,-37.719172751086845],[144.7104272918926,-37.71917257337561],[144.7104273384492,-37.71917239521105],[144.7104273905675,-37.71917221674182],[144.71042744831374,-37.719172038121336],[144.71042751174582,-37.719171859507334],[144.71042758091292,-37.719171681061574],[144.7104276558549,-37.71917150294947],[144.710427736602,-37.71917132533973],[144.71042782317443,-37.719171148403895],[144.71042791558213,-37.719170972315844],[144.71042801382427,-37.719170797251444],[144.7104281178893,-37.71917062338794],[144.71042822775453,-37.719170450903434],[144.71042834338581,-37.71917027997645],[144.71042846473787,-37.7191701107853],[144.71042859175375,-37.719169943507474],[144.71042872436516,-37.71916977831918],[144.71042886249234,-37.71916961539468],[144.7104290060442,-37.719169454905774],[144.7104291549184,-37.71916929702113],[144.7104293090017,-37.71916914190583],[144.71042946817008,-37.71916898972069],[144.7104296322892,-37.71916884062187],[144.71042980121456,-37.719168694760114],[144.71042997479213,-37.71916855228058],[144.7104301528588,-37.71916841332197],[144.71043033524268,-37.719168278016376],[144.7104305217638,-37.71916814648879],[144.7104307122348,-37.71916801885661],[144.71043090646134,-37.71916789522945],[144.71043110424293,-37.71916777570871],[144.71043130537345,-37.719167660387384],[144.71043150964206,-37.71916754934982],[144.71043171683374,-37.71916744267152],[144.71043192672997,-37.71916734041902],[144.71043213910966,-37.71916724264975],[144.71043235374978,-37.71916714941214],[144.710432570426,-37.7191670607454],[144.71043278891352,-37.7191669766797],[144.71043300898776,-37.71916689723625],[144.710433230425,-37.71916682242731],[144.71043345300302,-37.71916675225646],[144.710433676502,-37.719166686718786],[144.71043390070457,-37.71916662580098],[144.71043412539711,-37.71916656948177],[144.71043435036955,-37.7191665177321],[144.71043457541663,-37.7191664705154],[144.71043480033774,-37.719166427788004],[144.71043502493765,-37.719166389499534],[144.710435249027,-37.71916635559313],[144.71043536082263,-37.71916634026381],[144.7104354166484,-37.71916633300148],[144.71043542362304,-37.71916633211247],[144.71043542763366,-37.71916633244868],[144.71043542676478,-37.719166336786735],[144.71043542502704,-37.71916634546286],[144.710435411125,-37.719166414871914],[144.71043538332097,-37.719166553689995],[144.71043516088895,-37.71916766423456],[144.71043471602474,-37.719169885323744],[144.71043471602474,-37.71916988532375]]]},"properties":{"LAYER":"POLY_LINEMARKING_P1","LAYER_TYPE":"fill"}},{"type":"Feature","geometry":{"type":"Polygon","coordinates":[[[144.71076129793815,-37.718989763096836],[144.71078324417846,-37.71899506160567],[144.71078358466917,-37.718993280235075],[144.71082845703688,-37.71899851007044],[144.71082878795193,-37.71899671847853],[144.71078390436435,-37.718991487335515],[144.71078423363412,-37.71898970465714],[144.71076129793815,-37.718989763096836]]]},"properties":{"LAYER":"POLY_LINEMARKING_P1","LAYER_TYPE":"fill"}},{"type":"Feature","geometry":{"type":"Polygon","coordinates":[[[144.71076815225564,-37.71895765738418],[144.7107900984872,-37.71896295589146],[144.71079043897748,-37.718961174520835],[144.71083531132658,-37.71896640435301],[144.7108356422413,-37.71896461276104],[144.7107907586724,-37.71895938162125],[144.71079108794177,-37.718957598942815],[144.71076815225564,-37.71895765738418]]]},"properties":{"LAYER":"POLY_LINEMARKING_P1","LAYER_TYPE":"fill"}},{"type":"Feature","geometry":{"type":"Polygon","coordinates":[[[144.71024237990852,-37.71871396626096],[144.7102204337939,-37.718708667655044],[144.71022009329147,-37.71871044902372],[144.71017522115142,-37.718705218963365],[144.71017489022236,-37.718707010553075],[144.7102197735843,-37.7187122419214],[144.71021944430268,-37.71871402459788],[144.71024237990852,-37.71871396626096]]]},"properties":{"LAYER":"POLY_LINEMARKING_P1","LAYER_TYPE":"fill"}},{"type":"Feature","geometry":{"type":"Polygon","coordinates":[[[144.71023629603766,-37.718745048458146],[144.71021434991445,-37.71873974985084],[144.7102140094117,-37.71874153121947],[144.71016913725353,-37.71873630115624],[144.71016880632413,-37.71873809274594],[144.71021368970418,-37.71874332411714],[144.71021336042227,-37.71874510679359],[144.71023629603766,-37.718745048458146]]]},"properties":{"LAYER":"POLY_LINEMARKING_P1","LAYER_TYPE":"fill"}},{"type":"Feature","geometry":{"type":"Polygon","coordinates":[[[144.71212518245963,-37.71885490486798],[144.71212886469698,-37.718828360974655],[144.71194770599888,-37.71880713050133],[144.711943144234,-37.718832556305124],[144.7119133250536,-37.718887627566154],[144.71213252806663,-37.718898027077245],[144.71212518245963,-37.71885490486798]]]},"properties":{"LAYER":"POLY_CROSSOVER","LAYER_TYPE":"fill-extrusion"}},{"type":"Feature","geometry":{"type":"Polygon","coordinates":[[[144.71026812838457,-37.719732673162845],[144.7102600152682,-37.719773289831735],[144.71024278626777,-37.71985874371087],[144.71022805050313,-37.71993026041934],[144.71022705977273,-37.719940242774406],[144.7102207135707,-37.71993939925527],[144.71022169574675,-37.71992950309955],[144.71023647558087,-37.71985777253939],[144.71025370196497,-37.71977233167221],[144.71026181431284,-37.71973171886788],[144.71028243126747,-37.71962229949336],[144.71029182800476,-37.719575827156895],[144.71030850224986,-37.71948781507707],[144.7103229827245,-37.71939955833659],[144.71033515029058,-37.719330344719495],[144.71038425477235,-37.71908518047194],[144.71038477256226,-37.71908238105402],[144.71038814437767,-37.719082742087174],[144.7103915161932,-37.719083103120184],[144.7103909748676,-37.71908602978442],[144.71034187040718,-37.71933119403543],[144.71032973866923,-37.71940020388419],[144.7103152408154,-37.71948856659743],[144.71029854655683,-37.71957668435633],[144.7102891498236,-37.719623156693444],[144.71028910052075,-37.719623150403045],[144.71026812838457,-37.719732673162845]]]},"properties":{"LAYER":"POLY_KERB_1","LAYER_TYPE":"fill-extrusion"}},{"type":"Feature","geometry":{"type":"Polygon","coordinates":[[[144.7121315853404,-37.71889249282792],[144.71213252806663,-37.718898027077245],[144.71238747820087,-37.71891944766309],[144.7126430900002,-37.71893512264494],[144.7127166237483,-37.71893972949399],[144.7127899371528,-37.7189461824815],[144.71286950079366,-37.71895419990281],[144.71390617434258,-37.719085119417024],[144.71390724269915,-37.71907978115938],[144.71287046341007,-37.71894884829355],[144.71279079348577,-37.718940820162565],[144.71271726603277,-37.718934348334855],[144.71264351759288,-37.718929728035654],[144.71238809800118,-37.71891406484125],[144.71213333957684,-37.71889266036319],[144.7121315853404,-37.71889249282792]]]},"properties":{"LAYER":"POLY_KERB_1","LAYER_TYPE":"fill-extrusion"}},{"type":"Feature","geometry":{"type":"Polygon","coordinates":[[[144.71067184235721,-37.719039750886985],[144.71067083859776,-37.71903716853785],[144.71066983483837,-37.7190345861887],[144.71067460869747,-37.71903348605309],[144.71067942717355,-37.719032516392495],[144.7106842846169,-37.719031678343796],[144.71068917533228,-37.71903097288957],[144.71069409358543,-37.719030400856994],[144.7106990336097,-37.71902996291676],[144.71070398961308,-37.719029659582304],[144.71070895578464,-37.71902949120933],[144.71071392630168,-37.719029457995255],[144.71071889533633,-37.719029559979006],[144.71072385706245,-37.71902979704101],[144.71072880566248,-37.7190301689033],[144.71073373533432,-37.71903067512993],[144.71147359344545,-37.71911690297268],[144.7114930317467,-37.71911889479326],[144.71151254547456,-37.71912034857252],[144.71153211103436,-37.7191212625527],[144.71155170476885,-37.719121635628554],[144.71175898936357,-37.71912271860595],[144.71177881964564,-37.719123096147605],[144.7117986214158,-37.719124021117075],[144.71181837073192,-37.719125492395996],[144.71183804371537,-37.719127508205446],[144.7118513244862,-37.719129055946084],[144.71192680150378,-37.719136825315665],[144.71200256455128,-37.719142575747895],[144.71207852806532,-37.71914630074831],[144.712154606256,-37.719147996109825],[144.71223071320418,-37.71914765991758],[144.71230676295787,-37.71914529255108],[144.71286081949907,-37.719120631444085],[144.71297448377007,-37.719117101096344],[144.71308823330762,-37.71911662346523],[144.7132019382205,-37.71911919909661],[144.71331546866838,-37.71912482504983],[144.71342869500995,-37.719133494900994],[144.71354148795112,-37.71914519875038],[144.71388743010968,-37.71918582805518],[144.71388643487498,-37.71919117522353],[144.71354049269232,-37.71915054591504],[144.71342792776136,-37.71913886572463],[144.71331493030596,-37.71913021339924],[144.71320162935893,-37.71912459881857],[144.71308815429953,-37.719122028393535],[144.71297463470555,-37.71912250505886],[144.71286120020588,-37.71912602826976],[144.71230714362434,-37.719150689377216],[144.71223086537316,-37.719153063856474],[144.71215452975557,-37.719153401058655],[144.7120782229819,-37.71915170060309],[144.71200203122953,-37.71914796441045],[144.71192604054602,-37.719142196700425],[144.7118503367519,-37.71913440398698],[144.71183705598014,-37.71913285624622],[144.7118176176631,-37.71913086448202],[144.7117981039239,-37.71912941075298],[144.71177853835638,-37.71912849681684],[144.71175894461703,-37.719128123778596],[144.71155166000725,-37.71912704080066],[144.71153182972722,-37.71912666322075],[144.71151202796204,-37.71912573820652],[144.71149227865462,-37.719124266876435],[144.71147260568435,-37.71912225100955],[144.71073274752175,-37.719036023158964],[144.71072804892793,-37.71903554066167],[144.71072333229318,-37.719035186230364],[144.71071860314763,-37.71903496028064],[144.7107138670362,-37.71903486307736],[144.7107091295118,-37.719034894734534],[144.71070439612913,-37.71903505521501],[144.7106996724381,-37.719035344330656],[144.71069496397712,-37.719035761742475],[144.71069027626675,-37.71903630696106],[144.7106856148033,-37.71903697934714],[144.7106809850523,-37.71903777811236],[144.71067639244202,-37.7190387023202],[144.71067184235721,-37.719039750886985]]]},"properties":{"LAYER":"POLY_KERB_1","LAYER_TYPE":"fill-extrusion"}},{"type":"Feature","geometry":{"type":"Polygon","coordinates":[[[144.71061112612318,-37.719062354497126],[144.71060745648515,-37.719065311987514],[144.710609922236,-37.719067174201605],[144.710612387987,-37.71906903641564],[144.71061588561074,-37.71906621755746],[144.71061350586686,-37.71906428602733],[144.71061112612318,-37.719062354497126],[144.71061112612318,-37.719062354497126]]]},"properties":{"LAYER":"POLY_KERB_1","LAYER_TYPE":"fill-extrusion"}},{"type":"Feature","geometry":{"type":"Polygon","coordinates":[[[144.7105739285098,-37.71910322960853],[144.7105674740296,-37.71911246811961],[144.710561409469,-37.71912187185659],[144.71055574152268,-37.71913143043877],[144.7105504764476,-37.71914113331462],[144.71054562005594,-37.71915096977321],[144.7105411777087,-37.719160928956256],[144.71053715431003,-37.71917099986989],[144.7105335543014,-37.719181171397004],[144.71053038165695,-37.71919143230933],[144.71052763987916,-37.71920177128001],[144.7105253319948,-37.71921217689594],[144.7105097712532,-37.71928986789299],[144.71049782617015,-37.71934424831742],[144.71048383737852,-37.71939832037141],[144.71046781740912,-37.719452035602046],[144.7104497806127,-37.71950534587599],[144.7104321314879,-37.719557510249004],[144.71041645579024,-37.71961007086764],[144.71040276756983,-37.719662980635086],[144.71039107909638,-37.7197161921416],[144.71036423645543,-37.719850208401624],[144.71036395078718,-37.719851808768475],[144.71036373347656,-37.71985341589911],[144.71036358477255,-37.719855027951745],[144.71036350484565,-37.71985664307888],[144.71036349378744,-37.71985825942954],[144.71036355161058,-37.71985987515135],[144.7103636782488,-37.719861488392574],[144.710363873557,-37.71986309730446],[144.7103641373113,-37.719864700043104],[144.7103644692095,-37.7198662947717],[144.71036486887127,-37.719867879662665],[144.71036533583845,-37.71986945289962],[144.71036586957604,-37.71987101267961],[144.7103664694723,-37.719872557215105],[144.71036713483966,-37.719874084735935],[144.71036786491564,-37.719875593491565],[144.71036865886362,-37.719877081752905],[144.7103695157736,-37.719878547814346],[144.71037563828074,-37.719876188894496],[144.71037487837935,-37.71987488880234],[144.71037417431222,-37.71987356902343],[144.71037352688623,-37.71987223107038],[144.71037293684333,-37.71987087647643],[144.7103724048598,-37.71986950679406],[144.71037193154524,-37.71986812359297],[144.7103715174421,-37.71986672845831],[144.710371163025,-37.719865322988994],[144.71037086870007,-37.7198639087957],[144.71037063480455,-37.719862487499185],[144.7103704616066,-37.719861060728284],[144.7103703493046,-37.71985963011812],[144.71037029802739,-37.71985819730822],[144.7103703078336,-37.719856763940655],[144.710370378712,-37.71985533165809],[144.71037051058147,-37.71985390210197],[144.71037070329078,-37.719852476910624],[144.7103709566191,-37.71985105771737],[144.71039779924843,-37.71971704145545],[144.7104094527044,-37.719663989343545],[144.71042309991714,-37.71961123806677],[144.7104387286539,-37.71955883489279],[144.71045632490646,-37.719506826777426],[144.71047441456656,-37.71945336024357],[144.710490481488,-37.71939948756618],[144.71050451127783,-37.719345257019654],[144.71051649136865,-37.71929071719892],[144.71053205210347,-37.71921302620078],[144.71053432075945,-37.71920279745067],[144.71053701593394,-37.71919263421304],[144.71054013465158,-37.719182547706936],[144.7105436734695,-37.71917254906676],[144.71054762848107,-37.71916264932986],[144.71055199532017,-37.71915285942446],[144.7105567691663,-37.71914319015752],[144.71056194474943,-37.71913365220279],[144.71056751635612,-37.71912425608913],[144.71057347783585,-37.71911501218871],[144.71057982260768,-37.719105930705844],[144.71057687555867,-37.7191045801572],[144.71057392850977,-37.71910322960853],[144.7105739285098,-37.71910322960853]]]},"properties":{"LAYER":"POLY_KERB_1","LAYER_TYPE":"fill-extrusion"}},{"type":"Feature","geometry":{"type":"Polygon","coordinates":[[[144.71038945716506,-37.719040492324964],[144.71038825315915,-37.7190363658763],[144.71038687288592,-37.719032274404434],[144.7103853179476,-37.71902822265903],[144.7103835901494,-37.719024215343644],[144.7103816914971,-37.719020257110266],[144.71037962419476,-37.7190163525539],[144.71037739064235,-37.71901250620724],[144.7103749934327,-37.71900872253541],[144.71037243534872,-37.71900500593073],[144.71036971936002,-37.719001360707715],[144.71036684861951,-37.718997791098005],[144.71036382645985,-37.718994301245466],[144.71036065638935,-37.71899089520135],[144.7103573420881,-37.718987576919616],[144.71035388740356,-37.71898435025239],[144.71035029634618,-37.71898121894539],[144.7103465730848,-37.71897818663368],[144.71034272194152,-37.71897525683734],[144.71033874738723,-37.71897243295752],[144.71033465403565,-37.718969718272376],[144.71033044663884,-37.71896711593326],[144.71032840242592,-37.718969276359566],[144.71032635821294,-37.71897143678584],[144.71033038267953,-37.71897392597992],[144.7103342980593,-37.71897652263542],[144.71033809980696,-37.71897922373799],[144.7103417835092,-37.71898202615203],[144.71034534488962,-37.71898492662425],[144.71034877981404,-37.718987921787615],[144.7103520842948,-37.718991008165105],[144.71035525449594,-37.71899418217385],[144.71035828673715,-37.718997440129236],[144.7103611774984,-37.71900077824919],[144.71036392342393,-37.719004192658616],[144.71036652132594,-37.71900767939379],[144.71036896818867,-37.71901123440706],[144.71037126117162,-37.719014853571544],[144.7103733976128,-37.71901853268586],[144.71037537503216,-37.719022267478984],[144.71037719113409,-37.71902605361532],[144.71037884381033,-37.71902988669967],[144.71038033114232,-37.71903376228232],[144.71038165140337,-37.719037675864186],[144.7103828030608,-37.7190416229021],[144.71038613011294,-37.71904105761358],[144.71038945716506,-37.71904049232496],[144.71038945716506,-37.719040492324964]]]},"properties":{"LAYER":"POLY_KERB_1","LAYER_TYPE":"fill-extrusion"}},{"type":"Feature","geometry":{"type":"Polygon","coordinates":[[[144.7084269234008,-37.718688006405905],[144.70843071769653,-37.718692493349266],[144.70843225454226,-37.718691703369096],[144.70843382462994,-37.718690955774285],[144.70843542610766,-37.718690251446574],[144.70843705708668,-37.7186895912166],[144.7084387156434,-37.71868897586312],[144.70844039982174,-37.718688406111845],[144.70844210763534,-37.71868788263475],[144.70844383706992,-37.718687406049256],[144.70844558608587,-37.71868697691741],[144.70844735262034,-37.718686595745375],[144.7084491345898,-37.71868626298268],[144.70845092989265,-37.7186859790218],[144.70845273641143,-37.71868574419764],[144.70845455201558,-37.71868555878715],[144.7084563745637,-37.71868542300903],[144.70845820190632,-37.718685337023395],[144.70846003188825,-37.71868530093166],[144.70846186235104,-37.718685314776394],[144.70846369113602,-37.718685378541245],[144.70846551608622,-37.71868549215106],[144.70846733504928,-37.71868565547182],[144.70846914587986,-37.718685868310914],[144.70847094644225,-37.71868613041727],[144.70847273461288,-37.71868644148182],[144.70847450828276,-37.71868680113766],[144.70847626536,-37.71868720896059],[144.7084780037723,-37.71868766446965],[144.70858962714766,-37.7187170436103],[144.70870236610736,-37.71874359926443],[144.70881610749618,-37.718767304777636],[144.70893073715266,-37.71878813635619],[144.70904614002305,-37.71880607309094],[144.7091622002775,-37.71882109697825],[144.71025814535213,-37.71894883897702],[144.71026338188244,-37.71894952484558],[144.71026858451657,-37.7189503577292],[144.7102737467156,-37.71895133658102],[144.7102788619914,-37.71895246017084],[144.710279826746,-37.718949868458516],[144.71028079150045,-37.71894727674617],[144.7102754437124,-37.7189461020842],[144.71027004686835,-37.71894507873918],[144.71026460775116,-37.71894420799729],[144.71025913319713,-37.71894349095296],[144.70916318819872,-37.71881574896579],[144.70904734071172,-37.71880075262131],[144.70893214940332,-37.71878284876936],[144.70881772989134,-37.718762055380566],[144.70870419701822,-37.718738393325744],[144.70859166473633,-37.71871188635496],[144.70848024599343,-37.71868256107379],[144.7084782856563,-37.71868204741469],[144.70847630427144,-37.71868158752926],[144.70847430417575,-37.718681181959965],[144.7084722877281,-37.71868083118511],[144.70847025730683,-37.718680535618354],[144.7084682153065,-37.71868029560835],[144.7084661641356,-37.71868011143816],[144.7084641062132,-37.71867998332497],[144.70846204396648,-37.71867991141992],[144.70845997982764,-37.71867989580778],[144.70845791623123,-37.718679936506966],[144.708455855611,-37.718680033469504],[144.70845380039728,-37.71868018658101],[144.70845175301403,-37.7186803956609],[144.70844971587596,-37.7186806604626],[144.70844769138563,-37.71868098067378],[144.7084456819308,-37.7186813559168],[144.7084436898815,-37.71868178574907],[144.70844171758702,-37.718682269663674],[144.7084397673737,-37.71868280708985],[144.70843784154144,-37.71868339739376],[144.70843594236177,-37.7186840398792],[144.70843407207448,-37.71868473378843],[144.70843223288543,-37.71868547830298],[144.7084304269638,-37.71868627254485],[144.7084286564395,-37.71868711557723],[144.7084269234008,-37.718688006405905],[144.7084269234008,-37.718688006405905]]]},"properties":{"LAYER":"POLY_KERB_1","LAYER_TYPE":"fill-extrusion"}},{"type":"Feature","geometry":{"type":"Polygon","coordinates":[[[144.71033060444773,-37.718671734459335],[144.7103308136072,-37.718674431990706],[144.71033102276667,-37.71867712952208],[144.71032601486903,-37.71867730565891],[144.7103210023014,-37.718677344340506],[144.71031599104117,-37.718677245520745],[144.71031098706402,-37.71867700931749],[144.71030599633696,-37.71867663601239],[144.7103010248113,-37.71867612605058],[144.70951602265242,-37.71858462829535],[144.70949666754652,-37.71858264350177],[144.70947723754432,-37.71858119215861],[144.7094577559387,-37.71858027600574],[144.70943824608443,-37.7185798961414],[144.7092329987542,-37.71857872318802],[144.7092136100608,-37.71857835046789],[144.70919424852352,-37.7185774544053],[144.7091749365227,-37.71857603603613],[144.70915569638115,-37.71857409699982],[144.70913655033877,-37.71857163953775],[144.70911752052686,-37.7185686664906],[144.70909862894197,-37.71856518129488],[144.7090798974211,-37.718561187979205],[144.70906134761626,-37.71855669115953],[144.70904300096927,-37.71855169603376],[144.7090248786872,-37.71854620837583],[144.70900700171757,-37.718540234528994],[144.7089893907246,-37.71853378139846],[144.70899234556114,-37.7185289123429],[144.70900974648174,-37.71853528849726],[144.70902741020623,-37.71854119108507],[144.70904531631697,-37.71854661328346],[144.70906344411623,-37.71855154882486],[144.70908177264994,-37.71855599200419],[144.709100280732,-37.71855993768557],[144.7091189469687,-37.71856338130808],[144.70913774978362,-37.71856631889121],[144.70915666744241,-37.718568747039406],[144.70917567807794,-37.718570662945865],[144.70919475971564,-37.718572064396],[144.70921389029877,-37.71857294976982],[144.70923304771412,-37.71857331804392],[144.70943829502943,-37.71857449099674],[144.70945804041372,-37.718574875446876],[144.70947775720836,-37.71857580265984],[144.70949742177655,-37.71857727152411],[144.70951701054435,-37.71857928027879],[144.7103020126486,-37.718670778025704],[144.71030675113371,-37.71867126408299],[144.71031150792007,-37.71867161988939],[144.71031627733544,-37.718671845020594],[144.71032105369252,-37.718671939208164],[144.71032583129565,-37.71867190233974],[144.71033060444773,-37.718671734459335]]]},"properties":{"LAYER":"POLY_KERB_1","LAYER_TYPE":"fill-extrusion"}},{"type":"Feature","geometry":{"type":"Polygon","coordinates":[[[144.71040146559474,-37.71865206184997],[144.71039803056917,-37.718653912355634],[144.71039452721604,-37.718655680185186],[144.71039095868773,-37.7186573637478],[144.71038732819537,-37.71865896152854],[144.71038363900598,-37.718660472089645],[144.7103851522957,-37.71866289267716],[144.71038666558547,-37.71866531326466],[144.7103905362106,-37.718663728413574],[144.71039434525193,-37.71866205205335],[144.71039808928182,-37.71866028569245],[144.7104017649312,-37.71865843092034],[144.71040536889254,-37.71865648940611],[144.71040341724355,-37.718654275628055],[144.71040146559477,-37.71865206184997],[144.71040146559474,-37.71865206184997]]]},"properties":{"LAYER":"POLY_KERB_1","LAYER_TYPE":"fill-extrusion"}},{"type":"Feature","geometry":{"type":"Polygon","coordinates":[[[144.710448622602,-37.71861930691208],[144.71045560819644,-37.71861055561146],[144.71046223114902,-37.718601628164826],[144.7104684844278,-37.718592534051105],[144.71047436139324,-37.718583282926176],[144.71047985580554,-37.718573884612624],[144.71048496183104,-37.71856434908939],[144.7104896740484,-37.718554686480964],[144.71049398745458,-37.71854490704687],[144.71049789746974,-37.71853502117061],[144.71050139994261,-37.71852503934877],[144.7105044911544,-37.71851497217969],[144.7105071678233,-37.718504830352416],[144.71050942710733,-37.718494624635255],[144.71051958220724,-37.71844392202221],[144.71053239830874,-37.718385917978296],[144.71054753940385,-37.71832826858103],[144.71056499004618,-37.71827103262123],[144.71058473243446,-37.718214268468046],[144.71060405043147,-37.71815872444848],[144.7106211258871,-37.71810271875609],[144.7106359413922,-37.71804630850765],[144.7106484818425,-37.71798955123233],[144.71069949196269,-37.7177348612958],[144.71069277198438,-37.717734012004634],[144.71064176184206,-37.71798870193757],[144.71062925895188,-37.7180452891952],[144.71061448782197,-37.71810153046539],[144.7105974635114,-37.71815736839124],[144.7105782033772,-37.71821274602711],[144.71055840311712,-37.718269676561555],[144.71054090132017,-37.71832708028562],[144.71052571583988,-37.71838489865909],[144.71051286216783,-37.71844307271885],[144.71050270706348,-37.71849377533116],[144.71050048618005,-37.71850380757991],[144.71049785500614,-37.71851377702464],[144.7104948163353,-37.718523673080185],[144.71049137339384,-37.71853348523914],[144.71048752983708,-37.71854320308326],[144.71048328974592,-37.71855281629444],[144.71047865762222,-37.718562314665625],[144.71047363838406,-37.71857168811167],[144.71046823736066,-37.71858092668021],[144.7104624602864,-37.71859002056191],[144.7104563132952,-37.71859896010114],[144.71044980291367,-37.71860773580612],[144.71044293605414,-37.718616338359105],[144.710445779328,-37.718617822635615],[144.710448622602,-37.71861930691208],[144.710448622602,-37.71861930691208]]]},"properties":{"LAYER":"POLY_KERB_1","LAYER_TYPE":"fill-extrusion"}},{"type":"Feature","geometry":{"type":"Polygon","coordinates":[[[144.71065186407967,-37.71864126573705],[144.71064840137052,-37.718640862155254],[144.71064494260168,-37.718640459032564],[144.7106445443747,-37.71863571282484],[144.71064435254982,-37.71863095852812],[144.71064436735546,-37.71862620180468],[144.71064458877393,-37.718621448319595],[144.71064501654146,-37.71861670373414],[144.71064565014856,-37.718611973698955],[144.71064648884067,-37.71860726384735],[144.71081845297218,-37.717748660248795],[144.71082517295358,-37.71774950953287],[144.71065320889676,-37.71860811314362],[144.71065246786983,-37.71861222822534],[144.71065188979992,-37.71861635975495],[144.71065147525667,-37.71862050366149],[144.71065122464853,-37.7186246558618],[144.71065113822252,-37.71862881226463],[144.71065121606375,-37.71863296877449],[144.71065145809564,-37.71863712129585],[144.71065186407967,-37.71864126573705],[144.71065186407967,-37.71864126573705]]]},"properties":{"LAYER":"POLY_KERB_1","LAYER_TYPE":"fill-extrusion"}},{"type":"Feature","geometry":{"type":"Polygon","coordinates":[[[144.71067783186248,-37.71871032978452],[144.71068332278833,-37.71870713727804],[144.71068005894782,-37.7187034659119],[144.71067695382416,-37.71869970868028],[144.71067401099384,-37.71869586991099],[144.71067123384677,-37.71869195402577],[144.71066862558163,-37.718687965535146],[144.7106661892028,-37.718683909033345],[144.71066219743926,-37.71868344379044],[144.71065823709444,-37.71868298220927],[144.71066054635585,-37.71868709671074],[144.7106630236494,-37.71869114906892],[144.7106656663288,-37.71869513495501],[144.71066847157127,-37.718699050111375],[144.7106714363802,-37.71870289035577],[144.71067455758865,-37.71870665158607],[144.71067783186254,-37.71871032978452],[144.71067783186248,-37.71871032978452]]]},"properties":{"LAYER":"POLY_KERB_1","LAYER_TYPE":"fill-extrusion"}},{"type":"Feature","geometry":{"type":"Polygon","coordinates":[[[144.71072811793888,-37.71874053070255],[144.7107262866628,-37.71874280845514],[144.71072445538667,-37.71874508620773],[144.71072925859178,-37.718747436528574],[144.71073415544097,-37.71874966157522],[144.71073914075814,-37.71875175899569],[144.71074420927374,-37.718753726572956],[144.71074935563013,-37.71875556222726],[144.71075457438744,-37.71875726401823],[144.7107598600294,-37.718758830147046],[144.71076520696886,-37.71876025895824],[144.71077060955395,-37.71876154894151],[144.71077606207393,-37.718762698733336],[144.7107815587655,-37.718763707118306],[144.71078709381828,-37.7187645730306],[144.71079266138167,-37.71876529555483],[144.71189791772193,-37.71889410725816],[144.7118984176667,-37.71889415860239],[144.71189891952906,-37.71889419633964],[144.71189942272207,-37.71889422042587],[144.71189992665754,-37.71889423083289],[144.71190043074637,-37.71889422754852],[144.71190093439918,-37.71889421057661],[144.71190143702714,-37.71889417993699],[144.71190193804264,-37.7188941356655],[144.71190243685993,-37.71889407781391],[144.7119029328958,-37.71889400644982],[144.71190342557045,-37.71889392165669],[144.7119039143078,-37.71889382353363],[144.71190439853652,-37.71889371219537],[144.71190487769042,-37.718893587772065],[144.71190535120934,-37.71889345040918],[144.71190581853975,-37.718893300267325],[144.71190627913518,-37.718893137522016],[144.71190673245727,-37.71889296236352],[144.711907177976,-37.718892774996625],[144.71190761517042,-37.718892575640375],[144.71190804352955,-37.71889236452783],[144.7119084625525,-37.71889214190581],[144.71190887174942,-37.71889190803459],[144.71190927064185,-37.71889166318759],[144.71190965876352,-37.71889140765105],[144.71191003566074,-37.71889114172372],[144.71191040089275,-37.7188908657165],[144.71191075403254,-37.71889057995208],[144.71191109466733,-37.71889028476457],[144.71191142239894,-37.718889980499014],[144.7119117368441,-37.71888966751117],[144.7119120376352,-37.71888934616694],[144.71191232442064,-37.71888901684203],[144.7119125968651,-37.71888867992145],[144.71191285465005,-37.718888335799065],[144.7119130974742,-37.718887984877206],[144.7119133250536,-37.718887627566154],[144.71190720170395,-37.71888527015168],[144.7119070791612,-37.718885462549935],[144.71190694840973,-37.718885651507854],[144.71190680960243,-37.71888583680452],[144.71190666290153,-37.71888601822329],[144.7119065084786,-37.71888619555207],[144.71190634651413,-37.71888636858357],[144.71190617719748,-37.71888653711547],[144.71190600072666,-37.718886700950776],[144.71190581730795,-37.71888685989789],[144.7119056271557,-37.71888701377103],[144.71190543049232,-37.71888716239028],[144.71190522754773,-37.718887305581916],[144.71190501855912,-37.718887443178524],[144.71190480377086,-37.7188875750192],[144.71190458343406,-37.71888770094986],[144.71190435780636,-37.71888782082323],[144.71190412715143,-37.718887934499215],[144.71190389173907,-37.71888804184488],[144.71190365184438,-37.71888814273474],[144.71190340774785,-37.718888237050855],[144.71190315973493,-37.718888324682936],[144.71190290809554,-37.71888840552854],[144.7119026531238,-37.718888479493174],[144.71190239511787,-37.71888854649033],[144.71190213437936,-37.718888606441695],[144.71190187121312,-37.71888865927719],[144.7119016059268,-37.71888870493502],[144.71190133883056,-37.71888874336184],[144.71190107023665,-37.718888774512706],[144.71190080045912,-37.71888879835118],[144.7119005298133,-37.718888814849436],[144.71190025861566,-37.71888882398818],[144.71189998718324,-37.71888882575667],[144.71189971583337,-37.718888820152884],[144.71189944488327,-37.7188888071834],[144.71189917464977,-37.71888878686333],[144.71189890544872,-37.718888759216455],[144.71079364918532,-37.7187599475248],[144.71078829995812,-37.71875925333491],[144.7107829819666,-37.71875842138006],[144.71077770083195,-37.71875745253967],[144.71077246213662,-37.71875634783781],[144.71076727141792,-37.71875510844221],[144.71076213416262,-37.71875373566293],[144.7107570558011,-37.71875223095104],[144.71075204170114,-37.718750595897085],[144.71074709716294,-37.71874883222937],[144.7107422274129,-37.7187469418121],[144.71073743759854,-37.71874492664353],[144.7107327327828,-37.7187427888538],[144.71072811793888,-37.71874053070255],[144.71072811793888,-37.71874053070255]]]},"properties":{"LAYER":"POLY_KERB_1","LAYER_TYPE":"fill-extrusion"}},{"type":"Feature","geometry":{"type":"Polygon","coordinates":[[[144.71065959251712,-37.71885413513452],[144.71065675761318,-37.718849221114375],[144.7106498038501,-37.71885183301483],[144.7106429308803,-37.718854576539215],[144.7106424789995,-37.71885477033956],[144.7106420358894,-37.71885497652348],[144.71064160208775,-37.71885519484083],[144.71064117812077,-37.71885542502673],[144.71064076450278,-37.718855666801915],[144.71064036173576,-37.71885591987303],[144.71063997030828,-37.718856183933056],[144.7106395906952,-37.71885645866161],[144.71063922335713,-37.71885674372539],[144.7106388687398,-37.71885703877855],[144.71063852727335,-37.71885734346308],[144.71063819937214,-37.71885765740934],[144.71063788543395,-37.71885798023646],[144.7106375858397,-37.71885831155271],[144.7106373009528,-37.718858650956186],[144.71063703111898,-37.71885899803505],[144.71063677666555,-37.71885935236824],[144.71063653790137,-37.7188597135259],[144.7106363151159,-37.718860081069764],[144.7106361085796,-37.71886045455399],[144.71063591854292,-37.71886083352538],[144.71063574523654,-37.7188612175242],[144.71063558887067,-37.71886160608456],[144.71063544963508,-37.718861998734994],[144.71063532769858,-37.71886239499915],[144.7106352232092,-37.71886279439627],[144.71063513629372,-37.71886319644175],[144.71063506705755,-37.71886360064784],[144.71063501558473,-37.718864006524136],[144.7106349819376,-37.71886441357818],[144.71063496615716,-37.718864821316146],[144.71063496826244,-37.718865229243306],[144.7106349882509,-37.7188656368648],[144.71063502609826,-37.71886604368602],[144.71063508175865,-37.71886644921341],[144.71063515516457,-37.718866852954974],[144.71063524622693,-37.71886725442087],[144.7106353548352,-37.718867653124036],[144.71063548085766,-37.718868048580696],[144.71063562414142,-37.718868440311084],[144.7106357845126,-37.718868827839955],[144.71063596177666,-37.71886921069713],[144.7106361557185,-37.71886958841809],[144.7106363661029,-37.71886996054456],[144.71063659267455,-37.718870326625115],[144.7106368351586,-37.71887068621551],[144.71063709326074,-37.71887103887957],[144.71063736666795,-37.71887138418932],[144.71063765504854,-37.718871721725904],[144.71063795805256,-37.7188720510798],[144.71063827531233,-37.71887237185136],[144.71063860644307,-37.71887268365145],[144.710638951043,-37.71887298610175],[144.71063930869394,-37.71887327883534],[144.71063967896208,-37.718873561497034],[144.7106400613981,-37.71887383374393],[144.71064045553814,-37.71887409524566],[144.71064086090385,-37.71887434568504],[144.71064127700353,-37.71887458475817],[144.710646557809,-37.718877437325965],[144.71065192040592,-37.71888019192768],[144.7106555487239,-37.718875619481686],[144.71065029942926,-37.71887295577155],[144.71064516830128,-37.718870150534926],[144.71064494424763,-37.718870021803255],[144.71064472597376,-37.718869886951296],[144.71064451374454,-37.71886974614267],[144.71064430781746,-37.718869599548206],[144.71064410844232,-37.71886944734574],[144.710643915861,-37.71886928971997],[144.71064373030723,-37.718869126862124],[144.71064355200605,-37.71886895896979],[144.71064338117384,-37.71886878624665],[144.71064321801782,-37.718868608902255],[144.71064306273598,-37.71886842715179],[144.7106429155167,-37.71886824121576],[144.71064277653858,-37.71886805131974],[144.71064264597027,-37.71886785769415],[144.71064252397017,-37.71886766057387],[144.71064241068626,-37.71886746019809],[144.710642306256,-37.71886725680985],[144.71064221080607,-37.71886705065601],[144.71064212445236,-37.71886684198662],[144.71064204729953,-37.71886663105488],[144.71064197944128,-37.71886641811666],[144.71064192095992,-37.71886620343036],[144.71064187192633,-37.71886598725642],[144.7106418324,-37.7188657698571],[144.710641802429,-37.7188655514962],[144.71064178204966,-37.71886533243862],[144.71064177128656,-37.71886511295013],[144.71064177015293,-37.718864893297045],[144.71064177865014,-37.718864673745834],[144.71064179676776,-37.71886445456289],[144.7106418244839,-37.7188642360141],[144.7106418617649,-37.71886401836469],[144.71064190856555,-37.71886380187864],[144.71064196482905,-37.71886358681865],[144.71064203048712,-37.718863373445636],[144.71064210546012,-37.71886316201848],[144.71064218965708,-37.71886295279367],[144.7106422829759,-37.71886274602508],[144.71064238530334,-37.71886254196354],[144.71064249651516,-37.71886234085665],[144.71064261647655,-37.71886214294839],[144.71064274504192,-37.7188619484789],[144.71064288205525,-37.71886175768411],[144.7106430273504,-37.71886157079546],[144.71064318075096,-37.71886138803973],[144.710643342071,-37.71886120963865],[144.71064351111465,-37.71886103580865],[144.71064368767685,-37.71886086676068],[144.7106438715434,-37.71886070269976],[144.71064406249116,-37.718860543824974],[144.71064426028857,-37.7188603903291],[144.71064446469563,-37.718860242398335],[144.7106446754643,-37.71886010021215],[144.71064489233885,-37.71885996394309],[144.71064511505617,-37.71885983375644],[144.71064534334613,-37.71885970981019],[144.71064557693168,-37.71885959225466],[144.71064581552943,-37.718859481232556],[144.71064605884987,-37.71885937687851],[144.71065278610337,-37.71885669152057],[144.71065959243717,-37.71885413499593],[144.71065959251712,-37.71885413513452]]]},"properties":{"LAYER":"POLY_SPLITTER_ISLAND","LAYER_TYPE":"fill-extrusion"}},{"type":"Feature","geometry":{"type":"Polygon","coordinates":[[[144.71065192040592,-37.71888019192768],[144.7106555487239,-37.718875619481686],[144.71065959251712,-37.71885413513452],[144.71065675761318,-37.718849221114375],[144.71066446760895,-37.71884651122597],[144.71065760659337,-37.71888296325738],[144.71065192040592,-37.71888019192768]]]},"properties":{"LAYER":"POLY_SPLITTER_ISLAND","LAYER_TYPE":"fill-extrusion"}},{"type":"Feature","geometry":{"type":"Polygon","coordinates":[[[144.71123726674904,-37.71888085003264],[144.71129554157605,-37.7188870308658],[144.71188883658476,-37.71894375882842],[144.71189064074207,-37.71894395622101],[144.71189243535733,-37.71894420245732],[144.71189421833557,-37.71894449724989],[144.71189598759534,-37.718944840254586],[144.71189774107134,-37.71894523107102],[144.71189947671647,-37.71894566924294],[144.71190119250463,-37.718946154258795],[144.7119028864329,-37.71894668555248],[144.71190455652376,-37.71894726250371],[144.71190620082768,-37.71894788443898],[144.7119078174251,-37.718948550632255],[144.7119094044288,-37.71894926030589],[144.7119109599862,-37.718950012631375],[144.71191248228132,-37.71895080673045],[144.7119139695372,-37.718951641676156],[144.71191542001756,-37.7189525164938],[144.71191683202912,-37.71895343016208],[144.71191820392357,-37.718954381614445],[144.71191953409945,-37.71895536974017],[144.71192082100384,-37.7189563933858],[144.7119220631345,-37.718957451356296],[144.71192325904138,-37.71895854241665],[144.71192440732844,-37.718959665293156],[144.71192550665515,-37.71896081867502],[144.71192655573813,-37.71896200121579],[144.71192755335284,-37.718963211535005],[144.71192849833466,-37.71896444821977],[144.71193437470083,-37.71896172286199],[144.711933309083,-37.718960328302614],[144.7119321841132,-37.71895896347462],[144.71193100110457,-37.71895762997123],[144.71192976143826,-37.71895632934921],[144.7119284665614,-37.71895506312682],[144.71192711798548,-37.71895383278222],[144.71192571728497,-37.718952639751734],[144.71192426609485,-37.71895148542799],[144.71192276610932,-37.7189503711586],[144.71192121907941,-37.7189492982443],[144.71191962681104,-37.718948267937556],[144.7119179911631,-37.71894728144116],[144.7119163140448,-37.718946339906694],[144.7119145974141,-37.7189454444333],[144.71191284327503,-37.71894459606633],[144.71191105367515,-37.71894379579615],[144.71190923070372,-37.71894304455695],[144.7119073764887,-37.71894234322572],[144.71190549319485,-37.7189416926212],[144.71190358302053,-37.71894109350284],[144.7119016481957,-37.71894054657008],[144.71189969097895,-37.718940052461356],[144.71189771365516,-37.71893961175353],[144.71189571853253,-37.71893922496102],[144.71189370794022,-37.71893889253537],[144.71189168422524,-37.71893861486467],[144.71188964975008,-37.71893839227305],[144.7112963547832,-37.71888166431587],[144.71123825452293,-37.718875501997985],[144.71083705869813,-37.71882874371442],[144.71082656109095,-37.71882766038744],[144.7108160242191,-37.71882685265009],[144.71080545954499,-37.71882632138108],[144.71079487856156,-37.71882606715829],[144.71078429277932,-37.718826090258304],[144.71077371371405,-37.71882639065603],[144.71076315287408,-37.718826968024565],[144.7107526217482,-37.71882782173593],[144.71074213179264,-37.71882895086133],[144.71073169441888,-37.71883035417252],[144.71072132098124,-37.718832030142835],[144.71071102276454,-37.718833976949064],[144.71070081097167,-37.718836192473425],[144.71068956247032,-37.71889595501653],[144.71069791059327,-37.71889869236933],[144.71070636714944,-37.71890121095977],[144.71071492305666,-37.7189035080829],[144.71072356912612,-37.718905581271656],[144.71073229607188,-37.718907428299474],[144.71074109452152,-37.718909047182635],[144.71074995502565,-37.71891043618251],[144.71075886806818,-37.71891159380736],[144.711510753324,-37.71899922326949],[144.71153009266786,-37.71900175071284],[144.7115493097018,-37.71900481072697],[144.71156838119092,-37.71900839961205],[144.71158728407596,-37.71901251302885],[144.71178622471,-37.71905877216192],[144.71180527654843,-37.719062919118706],[144.71182449771953,-37.719066539594124],[144.71184386517373,-37.719069629246604],[144.7118633556861,-37.71907218437104],[144.71188294588407,-37.719074201903446],[144.71190261227554,-37.719075679424385],[144.71192233127695,-37.71907661516205],[144.71194207924185,-37.719077007994336],[144.7119618324889,-37.719076857450105],[144.7119815673304,-37.71907616370987],[144.7120012601008,-37.71907492760561],[144.71202088718505,-37.719073150619536],[144.7120404250467,-37.71907083488259],[144.71203930446964,-37.71906550338947],[144.71201999966536,-37.71906779150319],[144.71200060670276,-37.71906954729251],[144.71198114883757,-37.71907076865199],[144.71196164940318,-37.71907145411696],[144.7119421317828,-37.719071602865476],[144.71192261938148,-37.71907121471914],[144.71190313559816,-37.71907029014348],[144.71188370379727,-37.719068830247174],[144.71186434728094,-37.71906683678096],[144.71184508926112,-37.71906431213534],[144.71182595283148,-37.719061259337835],[144.71180696094007,-37.7190576820493],[144.71178813636135,-37.719053584559546],[144.71158919573963,-37.719007325430056],[144.7115700646519,-37.71900316235463],[144.71155076292476,-37.71899953014325],[144.71153131389565,-37.71899643318755],[144.71151174108022,-37.718993875232044],[144.71075985587674,-37.718906245777866],[144.7107513735985,-37.71890514685548],[144.710742939886,-37.7189038330742],[144.7107345633619,-37.71890230577727],[144.71072625259066,-37.71890056652624],[144.7107180160693,-37.718898617099384],[144.7107098622191,-37.71889645948978],[144.71070179937664,-37.71889409590346],[144.71069383578555,-37.718891528756984],[144.71070329965508,-37.71884124737938],[144.71071325460335,-37.718839103477066],[144.71072329278664,-37.71883722033051],[144.7107334033839,-37.71883559996973],[144.71074357549597,-37.7188342441415],[144.71075379815738,-37.71883315430732],[144.7107640603482,-37.71883233164209],[144.71077435100597,-37.71883177703261],[144.71078465903742,-37.71883149107674],[144.71079497333054,-37.718831474082755],[144.71080528276667,-37.718831726068984],[144.71081557623236,-37.71883224676378],[144.7108258426313,-37.71883303560585],[144.7108360708964,-37.718834091744824],[144.71123726674904,-37.71888085003264]]]},"properties":{"LAYER":"POLY_SPLITTER_ISLAND","LAYER_TYPE":"fill-extrusion"}},{"type":"Feature","geometry":{"type":"Polygon","coordinates":[[[144.71061629118026,-37.718373885934994],[144.71056605975093,-37.71862468374957],[144.71056597513652,-37.71862506406491],[144.71056587415438,-37.718625441851714],[144.71056575692324,-37.71862581666562],[144.71056562358103,-37.71862618806582],[144.71056547428458,-37.71862655561537],[144.71056530920947,-37.71862691888204],[144.71056512854992,-37.7186272774385],[144.7105649325184,-37.71862763086301],[144.71056472134546,-37.718627978739896],[144.7105644952795,-37.71862832065991],[144.71056425458644,-37.718628656220936],[144.71056399954938,-37.71862898502826],[144.7105637304683,-37.718629306695135],[144.7105634476597,-37.718629620843195],[144.71056315145626,-37.718629927102945],[144.7105628422063,-37.71863022511417],[144.71056252027358,-37.71863051452632],[144.71056218603687,-37.71863079499895],[144.71056183988918,-37.718631066202214],[144.71056148223775,-37.71863132781711],[144.71056111350322,-37.718631579535916],[144.71056073411933,-37.71863182106251],[144.71056034453227,-37.71863205211286],[144.71055994520032,-37.71863227241517],[144.71055953659314,-37.71863248171032],[144.7105591191914,-37.718632679752126],[144.71055869348606,-37.718632866307686],[144.7105582599778,-37.71863304115752],[144.7105578191765,-37.71863320409599],[144.71055737160077,-37.71863335493141],[144.7105569177769,-37.7186334934864],[144.71055645823878,-37.718633619598016],[144.71055599352695,-37.71863373311786],[144.71055552418792,-37.718633833912435],[144.71055505077382,-37.71863392186315],[144.71055457384148,-37.71863399686662],[144.71055409395188,-37.718634058834574],[144.71055361166944,-37.71863410769416],[144.71055312756147,-37.71863414338786],[144.71055264219734,-37.71863416587375],[144.71055215614805,-37.71863417512532],[144.71055166998516,-37.71863417113174],[144.71055118428066,-37.71863415389768],[144.7105506996057,-37.7186341234434],[144.7105502165305,-37.71863407980476],[144.71054973562318,-37.71863402303307],[144.71054914304932,-37.718633937344286],[144.7105485545208,-37.71863383557275],[144.710547970729,-37.718633717838],[144.71054739236004,-37.718633584278365],[144.71054682009347,-37.7186334350508],[144.71054625460164,-37.71863327033065],[144.71054569654908,-37.71863309031146],[144.71054514659153,-37.718632895204735],[144.71054460537516,-37.71863268523979],[144.71054407353589,-37.71863246066328],[144.7105435516987,-37.71863222173911],[144.71054304047675,-37.718631968748014],[144.71054254047073,-37.71863170198727],[144.7105420522681,-37.718631421770304],[144.71054157644255,-37.718631128426416],[144.71054111355323,-37.71863082230025],[144.710540664144,-37.718630503751534],[144.7105402287429,-37.71863017315457],[144.71053980786155,-37.718629830897825],[144.7105394019945,-37.71862947738341],[144.7105390116187,-37.71862911302676],[144.71053863719274,-37.71862873825598],[144.7105382791567,-37.71862835351143],[144.7105379379312,-37.71862795924519],[144.7105376139172,-37.7186275559206],[144.71053730749549,-37.71862714401147],[144.71053701902596,-37.71862672400184],[144.71053674884774,-37.718626296385246],[144.71053649727824,-37.718625861664144],[144.71053626461298,-37.71862542034929],[144.71053605112544,-37.71862497295935],[144.71053585706642,-37.71862452001989],[144.710535682664,-37.7186240620632],[144.710535528123,-37.71862359962735],[144.71053539362515,-37.71862313325575],[144.71053527932835,-37.71862266349635],[144.71053518536704,-37.71862219090115],[144.71053511185147,-37.71862171602547],[144.71053505886815,-37.71862123942726],[144.71053502647928,-37.718620761666585],[144.71054141954525,-37.718621569643155],[144.71054136694744,-37.7186218654352],[144.7105413273771,-37.71862216250519],[144.71054130088234,-37.71862246049123],[144.71054128749543,-37.71862275903023],[144.71054128723273,-37.71862305775851],[144.71054130009452,-37.718623356312065],[144.71054132606514,-37.71862365432722],[144.71054136511302,-37.71862395144084],[144.71054141719048,-37.71862424729095],[144.71054148223413,-37.7186245415171],[144.71054156016473,-37.71862483376084],[144.7105416508873,-37.71862512366609],[144.71054175429134,-37.71862541087963],[144.7105418702508,-37.71862569505159],[144.7105419986245,-37.71862597583573],[144.710542139256,-37.71862625288993],[144.71054229197395,-37.71862652587667],[144.7105424565923,-37.71862679446333],[144.71054263291046,-37.71862705832272],[144.71054282071364,-37.71862731713335],[144.710543019773,-37.71862757057985],[144.71054322984608,-37.7186278183535],[144.71054345067688,-37.7186280601524],[144.71054368199637,-37.718628295681974],[144.71054392352272,-37.71862852465524],[144.71054417496163,-37.71862874679325],[144.71054443600684,-37.71862896182531],[144.7105447063403,-37.71862916948954],[144.71054498563254,-37.718629369532835],[144.71054527354343,-37.718629561711516],[144.7105455697221,-37.71862974579144],[144.71054587380772,-37.71862992154833],[144.71054618542988,-37.71863008876805],[144.7105465042088,-37.718630247246864],[144.71054682975614,-37.718630396791724],[144.71054716167532,-37.71863053722038],[144.71054749956184,-37.7186306683618],[144.71054784300418,-37.718630790056146],[144.71054819158383,-37.71863090215519],[144.71054854487608,-37.718631004522365],[144.71054890245054,-37.71863109703291],[144.7105492638715,-37.71863117957417],[144.71054962869871,-37.71863125204554],[144.71054999648763,-37.71863131435871],[144.7105503667902,-37.71863136643784],[144.7105507391552,-37.7186314082194],[144.71055111312901,-37.71863143965251],[144.71055148825602,-37.718631460698894],[144.71055186407915,-37.71863147133287],[144.71055224014052,-37.718631471541535],[144.71055261598198,-37.71863146132457],[144.71055299114562,-37.7186314406945],[144.71055336517432,-37.71863140967638],[144.71055373761243,-37.718631368308046],[144.71055410800622,-37.71863131663992],[144.71055447590436,-37.7186312547349],[144.71055484085863,-37.71863118266842],[144.71055520242444,-37.71863110052831],[144.71055556016125,-37.71863100841461],[144.7105559136332,-37.71863090643961],[144.71055626240963,-37.71863079472746],[144.71055660606558,-37.71863067341431],[144.71055694418243,-37.718630542647965],[144.71055727634823,-37.71863040258778],[144.71055760215822,-37.71863025340431],[144.71055792121558,-37.718630095279366],[144.71055823313142,-37.71862992840562],[144.71055853752588,-37.71862975298633],[144.71055883402795,-37.71862956923522],[144.71055912227646,-37.71862937737622],[144.71055940192028,-37.71862917764304],[144.71055967261864,-37.718628970278985],[144.71055993404173,-37.71862875553677],[144.7105601858711,-37.71862853367802],[144.71056042779983,-37.718628304972945],[144.7105606595333,-37.718628069700316],[144.7105608807891,-37.7186278281467],[144.71056109129768,-37.71862758060639],[144.71056129080253,-37.71862732738099],[144.71056147906063,-37.71862706877903],[144.7105616558426,-37.71862680511554],[144.71056182093315,-37.71862653671182],[144.710561974131,-37.71862626389481],[144.71056211524956,-37.71862598699691],[144.7105622441169,-37.718625706355525],[144.710562360576,-37.71862542231251],[144.710562464485,-37.71862513521396],[144.71056255571733,-37.71862484540967],[144.71056263416176,-37.7186245532527],[144.71056269972274,-37.718624259099],[144.71061293116298,-37.71837346128619],[144.71061629118026,-37.718373885934994]]]},"properties":{"LAYER":"POLY_SPLITTER_ISLAND","LAYER_TYPE":"fill-extrusion"}},{"type":"Feature","geometry":{"type":"Polygon","coordinates":[[[144.71056886248797,-37.718450150303134],[144.71053502647928,-37.718620761666585],[144.71054141954525,-37.718621569643155],[144.71057558254242,-37.71845099953556],[144.71058639618815,-37.71840147711691],[144.71059894713687,-37.71835221398432],[144.710613225589,-37.71830324858814],[144.71061325567354,-37.718303158341165],[144.71061328966397,-37.71830306897341],[144.7106133275197,-37.71830298059154],[144.71061336919558,-37.71830289330095],[144.71061341464184,-37.71830280720591],[144.71061346380435,-37.71830272240904],[144.71061351662436,-37.718302639011576],[144.71061357303884,-37.71830255711303],[144.7106136329805,-37.7183024768111],[144.7106136963779,-37.718302398201615],[144.71061376315524,-37.7183023213784],[144.7106138332329,-37.7183022464331],[144.7106139065273,-37.71830217345512],[144.71061398295097,-37.718302102531574],[144.71061406241273,-37.71830203374707],[144.71061414481767,-37.71830196718368],[144.7106142300676,-37.71830190292088],[144.71061431806072,-37.71830184103525],[144.71061440869204,-37.71830178160071],[144.7106145018534,-37.71830172468817],[144.71061459743368,-37.718301670365534],[144.71061469531878,-37.71830161869759],[144.71061479539196,-37.71830156974604],[144.71061489753382,-37.71830152356927],[144.71061500162247,-37.718301480222365],[144.71061510753358,-37.718301439757056],[144.71061521514093,-37.718301402221655],[144.71061532431608,-37.71830136766093],[144.71061543492877,-37.7183013361161],[144.71061554684695,-37.71830130762482],[144.71061565993713,-37.718301282221084],[144.7106157740644,-37.718301259935224],[144.7106158890925,-37.7183012407938],[144.71061600488423,-37.718301224819655],[144.71061612130143,-37.71830121203191],[144.71061623820512,-37.71830120244575],[144.7106163554559,-37.71830119607264],[144.7106164729138,-37.718301192920215],[144.71061659043872,-37.71830119299217],[144.71061670789032,-37.71830119628846],[144.71061682512857,-37.71830120280517],[144.7106169420136,-37.71830121253448],[144.7106170584058,-37.7183012254648],[144.7106171741664,-37.71830124158069],[144.7106172891572,-37.71830126086297],[144.71061740324106,-37.718301283288575],[144.7106175162818,-37.718301308830796],[144.71061762814458,-37.71830133745908],[144.7106177386959,-37.71830136913934],[144.7106178478038,-37.71830140383375],[144.7106179553382,-37.71830144150091],[144.71061806117072,-37.71830148209585],[144.71061816517508,-37.71830152557018],[144.71061826722712,-37.71830157187201],[144.7106183672052,-37.71830162094605],[144.71061846498992,-37.7183016727338],[144.7106185604647,-37.71830172717342],[144.71061865351547,-37.71830178420001],[144.71061874403136,-37.718301843745444],[144.71061883190424,-37.71830190573876],[144.71061891702934,-37.7183019701059],[144.710618999305,-37.71830203677013],[144.71061907863316,-37.71830210565186],[144.71061915491904,-37.718302176668935],[144.71061922807172,-37.71830224973659],[144.71061929800388,-37.71830232476763],[144.71061936463207,-37.71830240167254],[144.71061942787676,-37.71830248035957],[144.71061948766254,-37.71830256073482],[144.71061954391803,-37.718302642702334],[144.7106195965761,-37.71830272616439],[144.71061964557393,-37.71830281102135],[144.7106196908531,-37.718302897171995],[144.7106197323595,-37.71830298451348],[144.71061977004365,-37.718303072941616],[144.7106198038606,-37.718303162350885],[144.71061983376993,-37.71830325263461],[144.71061985973603,-37.71830334368505],[144.71061988172792,-37.718303435393565],[144.71061989971926,-37.718303527650725],[144.71061991368867,-37.71830362034644],[144.71061992361942,-37.718303713370126],[144.71061992949979,-37.71830380661078],[144.71061993132264,-37.718303899957114],[144.71061962597548,-37.71831786809602],[144.71061877218864,-37.71833182186827],[144.71061737079293,-37.718345747689035],[144.71061542315246,-37.718359632000734],[144.71061293116298,-37.71837346128619],[144.71061629118026,-37.718373885934994],[144.71061879821133,-37.71835997317283],[144.7106207576076,-37.71834600505235],[144.71062216746176,-37.718331995172235],[144.7106230264016,-37.71831795717195],[144.71062333359126,-37.71830390471824],[144.71062333200678,-37.71830371978805],[144.71062332237125,-37.718303535012026],[144.71062330469618,-37.718303350611286],[144.71062327900265,-37.718303166806514],[144.7106232453215,-37.71830298381765],[144.710623203693,-37.71830280186365],[144.71062315416694,-37.718302621162266],[144.7106230968026,-37.71830244192972],[144.71062303166866,-37.7183022643805],[144.71062295884298,-37.71830208872706],[144.71062287841278,-37.7183019151796],[144.7106227904743,-37.718301743945794],[144.7106226951327,-37.71830157523056],[144.71062259250218,-37.71830140923573],[144.71062248270547,-37.71830124616003],[144.710622365874,-37.71830108619855],[144.71062224214756,-37.71830092954272],[144.7106221116742,-37.71830077637998],[144.7106219746101,-37.71830062689367],[144.71062183111917,-37.7183004812626],[144.71062168137314,-37.71830033966109],[144.71062152555132,-37.718300202258554],[144.7106213638401,-37.71830006921941],[144.71062119643295,-37.71829994070288],[144.71062102353028,-37.71829981686276],[144.71062084533887,-37.71829969784724],[144.7106206620721,-37.718299583798725],[144.71062047394915,-37.71829947485367],[144.71062028119522,-37.718299371142486],[144.7106200840409,-37.718299272789274],[144.71061988272217,-37.718299179911696],[144.71061967747994,-37.7182990926209],[144.7106194685598,-37.71829901102138],[144.7106192562117,-37.71829893521073],[144.71061904068975,-37.71829886527971],[144.71061882225194,-37.718298801311974],[144.71061860115964,-37.71829874338408],[144.71061837767735,-37.718298691565344],[144.71061815207253,-37.71829864591778],[144.71061780449068,-37.718298583194475],[144.71061745436373,-37.71829853014999],[144.7106171021188,-37.71829848684904],[144.7106167481853,-37.718298453344424],[144.71061639299492,-37.718298429677],[144.71061603698084,-37.71829841587561],[144.71061568057723,-37.718298411957115],[144.71061532421862,-37.71829841792628],[144.71061496833974,-37.71829843377582],[144.7106146133745,-37.71829845948644],[144.71061425975583,-37.71829849502676],[144.71061390791493,-37.71829854035341],[144.71061355828095,-37.71829859541117],[144.71061321128016,-37.71829866013282],[144.71061286733578,-37.718298734439536],[144.71061252686732,-37.71829881824059],[144.7106121902899,-37.71829891143388],[144.710611858014,-37.71829901390569],[144.71061153044485,-37.71829912553109],[144.71061120798197,-37.71829924617394],[144.71061089101855,-37.71829937568712],[144.7106105799411,-37.71829951391266],[144.71061027512906,-37.71829966068202],[144.71060997695406,-37.718299815816216],[144.71060968577981,-37.71829997912605],[144.71060940196136,-37.71830015041237],[144.71060912584485,-37.718300329466274],[144.71060885776708,-37.71830051606941],[144.7106085980548,-37.71830070999421],[144.71060834702484,-37.7183009110042],[144.71060810498338,-37.71830111885424],[144.7106078722255,-37.718301333290825],[144.71060764903507,-37.7183015540525],[144.71060743568435,-37.71830178086999],[144.7106072324334,-37.71830201346671],[144.71060703953017,-37.718302251558995],[144.7106068572099,-37.71830249485651],[144.7106066856949,-37.718302743062566],[144.7106065251944,-37.7183029958744],[144.7106063759041,-37.71830325298377],[144.710606238006,-37.718303514077114],[144.71060611166834,-37.718303778836024],[144.71060599704518,-37.71830404693761],[144.71060589427626,-37.71830431805492],[144.71060580348697,-37.71830459185734],[144.7105918139059,-37.718352836604815],[144.71057949714282,-37.71840136828457],[144.71056886248797,-37.718450150303134]]]},"properties":{"LAYER":"POLY_SPLITTER_ISLAND","LAYER_TYPE":"fill-extrusion"}},{"type":"Feature","geometry":{"type":"Polygon","coordinates":[[[144.71034823972795,-37.718829501734604],[144.7103567797988,-37.718833818951275],[144.71036514033156,-37.71883835249567],[144.71037331264534,-37.71884309766051],[144.71037352890338,-37.718843232259964],[144.71037373916883,-37.71884337272294],[144.71037394318986,-37.71884351888119],[144.7103741407222,-37.71884367055969],[144.71037433152918,-37.71884382757679],[144.7103745153823,-37.718843989744435],[144.7103746920615,-37.71884415686837],[144.71037486135495,-37.718844328748496],[144.71037502306007,-37.71884450517891],[144.7103751769832,-37.71884468594834],[144.71037532293988,-37.71884487084029],[144.71037546075544,-37.71884505963333],[144.7103755902647,-37.71884525210132],[144.71037571131262,-37.718845448013774],[144.7103758237542,-37.71884564713608],[144.71037592745483,-37.718845849229744],[144.71037602229026,-37.71884605405271],[144.71037610814687,-37.718846261359694],[144.71037618492198,-37.71884647090241],[144.71037625252353,-37.718846682429934],[144.71037631087054,-37.71884689568886],[144.71037635989322,-37.718847110423845],[144.71037639953275,-37.71884732637768],[144.71037642974179,-37.71884754329173],[144.71037645048403,-37.718847760906236],[144.7103764617347,-37.71884797896055],[144.71037646348032,-37.718848197193516],[144.71037645571877,-37.71884841534381],[144.71037643845932,-37.718848633150124],[144.71037641172276,-37.71884885035158],[144.71037637554102,-37.71884906668812],[144.71037632995743,-37.718849281900575],[144.71037627502662,-37.71884949573129],[144.7103762108143,-37.71884970792411],[144.71037613739747,-37.71884991822489],[144.71037605486407,-37.718850126381795],[144.71037596331283,-37.71885033214551],[144.71037586285348,-37.71885053526962],[144.71037575360631,-37.71885073551083],[144.71037563570215,-37.718850932629366],[144.71037550928227,-37.718851126389104],[144.71037537449797,-37.71885131655802],[144.71037523151074,-37.718851502908365],[144.71037508049184,-37.71885168521691],[144.71037492162208,-37.71885186326537],[144.71037475509178,-37.71885203684048],[144.71037458110035,-37.71885220573435],[144.71037439985622,-37.718852369744724],[144.71037421157638,-37.71885252867517],[144.7103740164864,-37.71885268233536],[144.71037381481986,-37.71885283054124],[144.71037360681837,-37.71885297311531],[144.71037339273093,-37.718853109886844],[144.71037317281403,-37.718853240692006],[144.71037294733102,-37.71885336537419],[144.7103727165519,-37.718853483783995],[144.71037248075314,-37.71885359577967],[144.71037224021708,-37.71885370122705],[144.71037199523195,-37.71885379999989],[144.7103717460909,-37.718853891979855],[144.71036198097528,-37.718857179608484],[144.71035208171526,-37.71886020351353],[144.71034205959444,-37.718862960248224],[144.71034417727645,-37.71886809710845],[144.71035441648354,-37.718865280660935],[144.7103645301685,-37.71886219125596],[144.71037450680342,-37.718858832414945],[144.71037496949387,-37.71885866159503],[144.71037542446646,-37.71885847815977],[144.71037587117627,-37.718858282328874],[144.71037630908822,-37.71885807433689],[144.71037673767796,-37.71885785443294],[144.71037715643217,-37.71885762288033],[144.7103775648493,-37.718857379956425],[144.71037796244025,-37.71885712595215],[144.71037834872882,-37.71885686117173],[144.71037872325235,-37.718856585932215],[144.71037908556235,-37.71885630056331],[144.7103794352249,-37.71885600540675],[144.71037977182115,-37.71885570081602],[144.71038009494808,-37.71885538715597],[144.71038040421865,-37.718855064802185],[144.7103806992624,-37.71885473414075],[144.7103809797261,-37.718854395567696],[144.7103812452738,-37.7188540494885],[144.71038149558746,-37.718853696317645],[144.7103817303673,-37.7188533364781],[144.71038194933212,-37.71885297040082],[144.7103821522197,-37.71885259852427],[144.71038233878704,-37.718852221293766],[144.71038250881074,-37.71885183916112],[144.71038266208708,-37.718851452584],[144.71038279843262,-37.71885106202539],[144.71038291768394,-37.71885066795305],[144.71038301969833,-37.718850270838885],[144.7103831043535,-37.718849871158554],[144.71038317154816,-37.71884946939071],[144.7103832212018,-37.718849066016524],[144.71038325325492,-37.718848661519075],[144.71038326766916,-37.71884825638288],[144.7103832644273,-37.71884785109305],[144.71038324353322,-37.718847446135044],[144.71038320501182,-37.718847041993826],[144.71038314890936,-37.71884663915343],[144.71038307529298,-37.71884623809632],[144.7103829842509,-37.71884583930279],[144.71038287589207,-37.718845443250444],[144.71038275034633,-37.71884505041367],[144.71038260776402,-37.718844661262914],[144.71038244831593,-37.718844276264214],[144.71038227219296,-37.71884389587871],[144.7103820796061,-37.718843520561926],[144.71038187078594,-37.718843150763384],[144.71038164598266,-37.71884278692596],[144.71038140546543,-37.7188424294854],[144.71038114952233,-37.71884207886978],[144.71038087845986,-37.71884173549902],[144.7103805926027,-37.71884139978436],[144.71038029229314,-37.71884107212789],[144.7103799778909,-37.71884075292199],[144.71037964977248,-37.71884044254896],[144.7103793083309,-37.71884014138051],[144.71037895397507,-37.71883984977734],[144.71037858712933,-37.718839568088704],[144.7103782082331,-37.71883929665195],[144.71037781774012,-37.718839035792136],[144.7103774161181,-37.71883878582173],[144.71036906678688,-37.71883393787383],[144.7103605251598,-37.71882930613021],[144.7103518001058,-37.71882489540011],[144.71034823962742,-37.718829501864505],[144.71034823972795,-37.718829501734604]]]},"properties":{"LAYER":"POLY_SPLITTER_ISLAND","LAYER_TYPE":"fill-extrusion"}},{"type":"Feature","geometry":{"type":"Polygon","coordinates":[[[144.71034823962742,-37.718829501864505],[144.71034205959444,-37.718862960248224],[144.71034417727645,-37.71886809710845],[144.7103373565152,-37.71886980481418],[144.71034614919344,-37.71882220237981],[144.7103518001058,-37.71882489540011],[144.71034823972795,-37.718829501734604],[144.71034823962742,-37.718829501864505]]]},"properties":{"LAYER":"POLY_SPLITTER_ISLAND","LAYER_TYPE":"fill-extrusion"}},{"type":"Feature","geometry":{"type":"Polygon","coordinates":[[[144.710419429853,-37.7194311877903],[144.71043373011634,-37.71938214887643],[144.71044630021962,-37.71933281177077],[144.71045713035505,-37.71928321498276],[144.7104934635217,-37.71910181266678],[144.7104935327301,-37.719101423466824],[144.71049358479712,-37.71910103258533],[144.71049361965927,-37.719100640498496],[144.7104936372741,-37.71910024768407],[144.71049363762015,-37.71909985462059],[144.71049362069698,-37.71909946178695],[144.71049358652522,-37.71909906966181],[144.71049353514655,-37.71909867872283],[144.7104934666235,-37.71909828944637],[144.71049338103958,-37.71909790230666],[144.71049327849906,-37.719097517775424],[144.71049315912688,-37.7190971363211],[144.7104930230684,-37.71909675840849],[144.71049287048956,-37.719096384497945],[144.7104927015761,-37.71909601504508],[144.71049251653383,-37.71909565049999],[144.71049231558825,-37.71909529130682],[144.7104920989842,-37.71909493790321],[144.71049186698554,-37.7190945907197],[144.71049161987486,-37.7190942501793],[144.71049135795334,-37.7190939166969],[144.71049108154003,-37.719093590678796],[144.71049079097173,-37.71909327252218],[144.7104904866024,-37.7190929626147],[144.71049016880292,-37.719092661333896],[144.71048983796044,-37.719092369046855],[144.71048949447808,-37.71909208610969],[144.71048913877428,-37.71909181286712],[144.71048877128243,-37.71909154965202],[144.71048839245026,-37.719091296785116],[144.71048800273934,-37.71909105457441],[144.71048760262448,-37.71909082331509],[144.71048719259306,-37.719090603288905],[144.71048677314474,-37.719090394763846],[144.71048634479058,-37.71909019799402],[144.71048590805233,-37.71909001321918],[144.7104854634622,-37.719089840664395],[144.7104850115618,-37.71908968053993],[144.71048455290176,-37.719089533040865],[144.71048408804086,-37.71908939834688],[144.71048361754535,-37.71908927662212],[144.71048314198868,-37.71908916801486],[144.71048266195004,-37.71908907265744],[144.71048217801442,-37.71908899066603],[144.7104816907713,-37.71908892214051],[144.71048120081443,-37.719088867164395],[144.7104807087406,-37.71908882580463],[144.71048021514952,-37.719088798111656],[144.71047972064238,-37.71908878411917],[144.71047922582176,-37.719088783844214],[144.71047873129046,-37.719088797287164],[144.71047823765105,-37.719088824431616],[144.7104777455049,-37.71908886524449],[144.71047725545168,-37.7190889196761],[144.71047676808837,-37.719088987660065],[144.71047628400882,-37.719089069113615],[144.7104758038027,-37.71908916393748],[144.7104753280552,-37.71908927201614],[144.71047485734584,-37.71908939321795],[144.71047439224813,-37.71908952739519],[144.71047393332879,-37.71908967438442],[144.71047348114683,-37.719089834006525],[144.71047303625326,-37.71909000606708],[144.71047259919004,-37.71909019035641],[144.7104721704897,-37.719090386650045],[144.71047175067454,-37.71909059470875],[144.7104713402561,-37.71909081427908],[144.71047093973434,-37.719091045093535],[144.71047054959718,-37.71909128687088],[144.7104701703201,-37.719091539316565],[144.71046980236503,-37.719091802123],[144.71046944618038,-37.71909207497005],[144.71046910220002,-37.71909235752523],[144.71046877084316,-37.719092649444306],[144.7104684525134,-37.719092950371625],[144.71046814759856,-37.719093259940585],[144.71046785647025,-37.719093577773954],[144.710467579483,-37.71909390348458],[144.71046731697444,-37.719094236675566],[144.7104670692643,-37.71909457694104],[144.7104668366544,-37.71909492386637],[144.71046661942813,-37.719095277028934],[144.7104664178502,-37.719095635998436],[144.71046623216614,-37.719096000337544],[144.71046606260214,-37.719096369602326],[144.71046590936493,-37.719096743342924],[144.71046577264107,-37.71909712110398],[144.7104656525972,-37.719097502425264],[144.71046554937953,-37.719097886842185],[144.7104654631139,-37.719098273886374],[144.71041306094796,-37.71935990383981],[144.71041642100812,-37.71936032849566],[144.71046882316267,-37.71909869854037],[144.71046888872456,-37.71909840438677],[144.71046896716993,-37.71909811222991],[144.71046905840325,-37.71909782242575],[144.7104691623134,-37.719097535327336],[144.7104692787737,-37.71909725128448],[144.71046940764228,-37.71909697064323],[144.71046954876215,-37.719096693745506],[144.71046970196142,-37.7190964209287],[144.71046986705332,-37.71909615252515],[144.7104700438369,-37.719095888861894],[144.71047023209655,-37.719095630260135],[144.7104704316031,-37.719095377034954],[144.71047064211336,-37.7190951294949],[144.71047086337092,-37.719094887941516],[144.71047109510616,-37.71909465266909],[144.71047133703675,-37.71909442396432],[144.71047158886802,-37.719094202105815],[144.71047185029306,-37.71909398736387],[144.71047212099342,-37.719093780000144],[144.71047240063928,-37.71909358026722],[144.71047268888987,-37.71909338840851],[144.71047298539406,-37.71909320465771],[144.71047328979063,-37.71909302923871],[144.71047360170869,-37.71909286236524],[144.71047392076818,-37.71909270424064],[144.71047424658047,-37.71909255505747],[144.7104745787485,-37.71909241499759],[144.71047491686764,-37.71909228423156],[144.7104752605259,-37.71909216291875],[144.7104756093046,-37.71909205120693],[144.71047596277893,-37.719091949232215],[144.71047632051798,-37.71909185711885],[144.71047668208615,-37.71909177497907],[144.71047704704276,-37.71909170291291],[144.71047741494328,-37.71909164100823],[144.7104777853394,-37.71909158934041],[144.71047815777987,-37.7190915479724],[144.71047853181094,-37.71909151695461],[144.71047890697687,-37.719091496324836],[144.7104792828207,-37.719091486108205],[144.71047965888442,-37.719091486317154],[144.71048003470983,-37.71909149695144],[144.71048040983908,-37.71909151799809],[144.71048078381514,-37.71909154943152],[144.7104811561824,-37.719091591213385],[144.71048152648723,-37.719091643292764],[144.7104818942783,-37.71909170560624],[144.7104822591077,-37.71909177807788],[144.7104826205308,-37.71909186061941],[144.71048297810736,-37.71909195313021],[144.71048333140163,-37.71909205549764],[144.71048367998333,-37.71909216759694],[144.7104840234276,-37.71909228929154],[144.71048436131613,-37.71909242043319],[144.71048469323716,-37.71909256086207],[144.7104850187864,-37.719092710407146],[144.7104853375671,-37.71909286888618],[144.71048564919096,-37.719093036106116],[144.71048595327827,-37.7190932118632],[144.71048624945857,-37.719093395943304],[144.71048653737105,-37.719093588122185],[144.7104868166648,-37.71909378816565],[144.7104870869997,-37.71909399583003],[144.71048734804634,-37.71909421086229],[144.71048759948656,-37.71909443300044],[144.7104878410142,-37.719094661973855],[144.7104880723349,-37.71909489750354],[144.71048829316678,-37.719095139302574],[144.71048850324092,-37.71909538707634],[144.71048870230126,-37.71909564052297],[144.71048889010535,-37.71909589933368],[144.71048906642437,-37.71909616319314],[144.71048923104343,-37.719096431779896],[144.71048938376202,-37.7190967047667],[144.71048952439412,-37.71909698182096],[144.71048965276836,-37.71909726260515],[144.71048976872828,-37.71909754677717],[144.71048987213268,-37.719097833990766],[144.71048996285552,-37.71909812389605],[144.7104900407863,-37.71909841613979],[144.7104901058301,-37.71909871036596],[144.7104901579076,-37.719099006216084],[144.7104901969554,-37.71909930332971],[144.7104902229259,-37.71909960134482],[144.7104902357875,-37.71909989989837],[144.71049023552445,-37.71910019862663],[144.7104902221372,-37.719100497165606],[144.7104901956419,-37.71910079515158],[144.71049015607096,-37.71910109222152],[144.71049010347258,-37.71910138801349],[144.71045377029807,-37.719282790328116],[144.71044295640576,-37.71933231272065],[144.71043040515548,-37.71938157582032],[144.71041612634045,-37.71943054117543],[144.710419429853,-37.7194311877903]]]},"properties":{"LAYER":"POLY_SPLITTER_ISLAND","LAYER_TYPE":"fill-extrusion"}},{"type":"Feature","geometry":{"type":"Polygon","coordinates":[[[144.7090114323799,-37.71872515269167],[144.70901268503562,-37.71872648199742],[144.7090139951218,-37.718727775899495],[144.70901536105407,-37.718729032833025],[144.70901678118034,-37.718730251277776],[144.70901825378303,-37.71873142976016],[144.7090197770812,-37.71873256685486],[144.70902134923256,-37.71873366118666],[144.7090229683356,-37.71873471143201],[144.70902463243215,-37.718735716320715],[144.70902633950962,-37.718736674637434],[144.7090280875034,-37.71873758522315],[144.70902987429946,-37.71873844697657],[144.70903169773666,-37.71873925885545],[144.7090335556098,-37.718740019877885],[144.7090354456719,-37.718740729123475],[144.709037365637,-37.71874138573439],[144.70903931318307,-37.718741988916555],[144.7090412859546,-37.718742537940436],[144.70904328156576,-37.71874303214203],[144.70904529760293,-37.718743470923634],[144.70904733162783,-37.71874385375459],[144.70904938118053,-37.71874418017184],[144.7090514437822,-37.71874444978063],[144.7101977002489,-37.71887805696014],[144.7102080605561,-37.71887912797534],[144.71021845925824,-37.71887993055905],[144.71022888533614,-37.71888046386075],[144.71023932774162,-37.71888072731533],[144.71024977540932,-37.71888072064363],[144.7102602172682,-37.71888044385273],[144.7102706422534,-37.71887989723594],[144.71028103931792,-37.718879081372414],[144.7102913974444,-37.71887799712674],[144.71030170565672,-37.718876645647846],[144.71031416958567,-37.71880916769863],[144.71030410995698,-37.71880577944582],[144.71029391096698,-37.71880266516367],[144.71028358443638,-37.71879982846173],[144.71027314233382,-37.71879727262777],[144.7102625967618,-37.71879500062398],[144.71025195994287,-37.718793015083676],[144.7102412442051,-37.71879131830812],[144.71023046196825,-37.718789912263894],[144.70949404062398,-37.71870407676089],[144.70947474378582,-37.71870155512346],[144.70945556868722,-37.71869850324039],[144.70943653841152,-37.71869492478566],[144.70941767586785,-37.718690824067146],[144.70921495552423,-37.71864373481563],[144.70919634169627,-37.71863968127711],[144.7091775658974,-37.71863613025702],[144.70915864962086,-37.71863308582026],[144.70913961452044,-37.718630551451874],[144.70912048238606,-37.71862853005298],[144.70910127511863,-37.71862702393755],[144.70908201470513,-37.71862603482959],[144.70906272319337,-37.71862556386133],[144.70904342266675,-37.718625611571966],[144.70902413521898,-37.718626177906785],[144.70900488292875,-37.71862726221753],[144.70898568783454,-37.71862886326293],[144.7089865128002,-37.71863422867473],[144.70900547892842,-37.71863264672723],[144.7090245015705,-37.71863157535057],[144.70904355895073,-37.718631015771244],[144.70906262925374,-37.71863096862978],[144.70908169064944,-37.718631433980164],[144.7091007213178,-37.718632411289754],[144.70911969947403,-37.718633899439766],[144.70913860339343,-37.71863589672672],[144.70915741143634,-37.71863840086428],[144.70917610207266,-37.718641408985945],[144.70919465390688,-37.71864491764822],[144.70921304570234,-37.718648922834724],[144.7094157660585,-37.71869601208992],[144.7094348563202,-37.71870016231442],[144.70945411633892,-37.71870378397009],[144.709473522929,-37.71870687269708],[144.70949305272828,-37.71870942477706],[144.71022947412382,-37.71879526028783],[144.71023982719697,-37.71879660762765],[144.71025011786168,-37.71879822882468],[144.7102603346412,-37.718800122070846],[144.71027046614114,-37.718802285254725],[144.7102805010623,-37.7188047159638],[144.710290428213,-37.71880741148718],[144.710300236522,-37.718810368818694],[144.71030991505037,-37.71881358466012],[144.71029921571522,-37.71887150905643],[144.71028924726946,-37.71887278421749],[144.71027923238424,-37.718873804245064],[144.71026918140538,-37.71887456808538],[144.7102591047159,-37.7188750749494],[144.71024901272543,-37.718875324313466],[144.71023891585932,-37.718875315920044],[144.71022882454807,-37.71887504977778],[144.71021874921632,-37.718874526161585],[144.71020870027232,-37.71887374561244],[144.71019868809705,-37.71887270893664],[144.70905243171003,-37.71873910176928],[144.70905060261063,-37.718738862682244],[144.70904878508287,-37.71873857321791],[144.70904698132503,-37.71873823372635],[144.7090451935186,-37.71873784461816],[144.70904342382582,-37.718737406363935],[144.70904167438695,-37.71873691949374],[144.70903994731793,-37.71873638459639],[144.70903824470747,-37.718735802318825],[144.70903656861478,-37.71873517336523],[144.70903492106697,-37.718734498496325],[144.70903330405662,-37.71873377852832],[144.70903171953947,-37.718733014331946],[144.70903016943183,-37.718732206831454],[144.70902865560842,-37.71873135700344],[144.7090271799002,-37.71873046587577],[144.70902574409183,-37.71872953452619],[144.70902434991996,-37.71872856408106],[144.70902299907064,-37.71872755571412],[144.70902169317762,-37.71872651064489],[144.70902043382037,-37.71872543013733],[144.7090192225219,-37.71872431549823],[144.70901806074733,-37.71872316807566],[144.70901694990164,-37.718721989257396],[144.7090114323799,-37.71872515269167]]]},"properties":{"LAYER":"POLY_SPLITTER_ISLAND","LAYER_TYPE":"fill-extrusion"}},{"type":"Feature","geometry":{"type":"Polygon","coordinates":[[[144.710419429853,-37.7194311877903],[144.71041936968237,-37.71943136828408],[144.71041930169991,-37.719431547019404],[144.7104192259867,-37.71943172378294],[144.71041914263307,-37.71943189836384],[144.7104190517385,-37.71943207055372],[144.71041895341153,-37.71943224014719],[144.71041884776932,-37.71943240694183],[144.7104187349381,-37.71943257073865],[144.71041861505233,-37.71943273134223],[144.7104184882552,-37.71943288856084],[144.71041835469794,-37.71943304220697],[144.71041821453989,-37.719433192097256],[144.71041806794838,-37.71943333805282],[144.71041791509828,-37.719433479899564],[144.71041775617192,-37.71943361746818],[144.710417591359,-37.71943375059453],[144.71041742085617,-37.7194338791198],[144.71041724486685,-37.71943400289058],[144.71041706360106,-37.71943412175923],[144.71041687727512,-37.71943423558387],[144.7104166861113,-37.71943434422873],[144.71041649033768,-37.71943444756412],[144.71041629018794,-37.719434545466754],[144.71041608590082,-37.719434637819845],[144.7104158777202,-37.71943472451317],[144.71041566589435,-37.71943480544327],[144.71041545067612,-37.719434880513596],[144.7104152323223,-37.71943494963457],[144.71041501109337,-37.719435012723736],[144.71041478725343,-37.719435069705774],[144.71041456106943,-37.719435120512706],[144.7104143328113,-37.71943516508391],[144.71041410275146,-37.71943520336623],[144.7104138711644,-37.71943523531394],[144.71041363832643,-37.71943526088896],[144.71041340451538,-37.71943528006075],[144.71041317001024,-37.719435292806416],[144.7104129350908,-37.7194352991108],[144.7104127000375,-37.71943529896634],[144.71041246513064,-37.71943529237322],[144.7104122306506,-37.71943527933932],[144.7104119968772,-37.71943525988016],[144.71041176408932,-37.719435234018995],[144.71041153256476,-37.71943520178665],[144.71041130257976,-37.719435163221604],[144.71041107440874,-37.71943511836989],[144.71041084832402,-37.719435067285005],[144.71041062459526,-37.71943501002788],[144.7104104034895,-37.7194349466669],[144.7104101852706,-37.71943487727763],[144.7104099701988,-37.71943480194284],[144.71040975853091,-37.71943472075245],[144.7104095505194,-37.71943463380335],[144.71040934641246,-37.719434541199284],[144.71040914645366,-37.719434443050744],[144.71040895088157,-37.71943433947483],[144.7104087599296,-37.71943423059516],[144.71040857382562,-37.71943411654162],[144.7104083927916,-37.71943399745034],[144.71040821704355,-37.719433873463366],[144.7104080467913,-37.71943374472869],[144.71040788223792,-37.71943361139991],[144.71040772357978,-37.719433473636094],[144.7104075710061,-37.719433331601685],[144.71040742469907,-37.71943318546607],[144.7104072848332,-37.71943303540371],[144.71040715157537,-37.71943288159361],[144.71040702508466,-37.71943272421931],[144.71040690551192,-37.719432563468615],[144.71040679299986,-37.71943239953329],[144.71040668768273,-37.71943223260899],[144.71040658968616,-37.71943206289489],[144.71040649912715,-37.71943189059347],[144.71040641611373,-37.71943171591033],[144.71040634074498,-37.71943153905393],[144.71040627311072,-37.71943136023529],[144.71040621329178,-37.71943117966775],[144.71040616135943,-37.719430997566796],[144.71040611737578,-37.71943081414973],[144.7104060813932,-37.71943062963537],[144.7104060534546,-37.71943044424392],[144.71040603359342,-37.719430258196546],[144.7104060218333,-37.719430071715294],[144.71040601818828,-37.71942988502265],[144.71040632543438,-37.71941583257345],[144.71040718443797,-37.719401794578886],[144.7104085943626,-37.71938778470565],[144.71041055383526,-37.71937381659304],[144.71041306094796,-37.71935990383981],[144.71041642100812,-37.71936032849566],[144.7104139289387,-37.71937415777244],[144.7104119812235,-37.71938804207644],[144.71041057975904,-37.71940196789051],[144.71040972591,-37.71941592165718],[144.7104094205081,-37.7194298897917],[144.7104094223306,-37.71942998313804],[144.71040942821065,-37.71943007637866],[144.71040943814128,-37.71943016940234],[144.71040945211058,-37.71943026209809],[144.7104094701019,-37.719430354355254],[144.71040949209373,-37.71943044606379],[144.71040951805986,-37.71943053711427],[144.7104095479694,-37.719430627398026],[144.7104095817865,-37.71943071680735],[144.71040961947088,-37.71943080523555],[144.7104096609776,-37.719430892577115],[144.7104097062571,-37.719430978727814],[144.71040975525543,-37.71943106358488],[144.71040980791398,-37.719431147047025],[144.71040986417003,-37.71943122901469],[144.7104099239564,-37.719431309390025],[144.71040998720176,-37.71943138807717],[144.71041005383066,-37.71943146498223],[144.71041012376364,-37.71943154001341],[144.71041019691714,-37.71943161308122],[144.71041027320393,-37.719431684098424],[144.71041035253307,-37.71943175298031],[144.71041043480977,-37.71943181964471],[144.71041051993586,-37.71943188401203],[144.71041060780988,-37.719431946005514],[144.71041069832688,-37.719432005551155],[144.7104107913789,-37.71943206257791],[144.71041088685487,-37.71943211701777],[144.71041098464093,-37.71943216880572],[144.71041108462035,-37.719432217879984],[144.71041118667378,-37.71943226418201],[144.71041129067956,-37.71943230765656],[144.7104113965135,-37.71943234825173],[144.71041150404935,-37.71943238591912],[144.71041161315887,-37.71943242061378],[144.71041172371167,-37.719432452294264],[144.71041183557605,-37.71943248092282],[144.71041194861846,-37.71943250646525],[144.71041206270394,-37.719432528891105],[144.71041217769644,-37.71943254817365],[144.71041229345872,-37.71943256428981],[144.71041240985264,-37.71943257722039],[144.7104125267394,-37.71943258694996],[144.71041264397937,-37.719432593466905],[144.7104127614328,-37.71943259676346],[144.71041287895946,-37.719432596835695],[144.71041299641917,-37.719432593683514],[144.7104131136717,-37.71943258731065],[144.71041323057725,-37.71943257772477],[144.71041334699623,-37.719432564937236],[144.71041346278977,-37.71943254896341],[144.71041357781968,-37.71943252982224],[144.71041369194873,-37.71943250753665],[144.7104138050407,-37.719432482133165],[144.7104139169607,-37.71943245364215],[144.71041402757518,-37.71943242209756],[144.7104141367521,-37.71943238753707],[144.71041424436117,-37.71943235000192],[144.7104143502741,-37.71943230953686],[144.71041445436438,-37.7194322661902],[144.71041455650794,-37.719432220013665],[144.7104146565828,-37.71943217106236],[144.7104147544696,-37.719432119394625],[144.71041485005154,-37.719432065072226],[144.7104149432145,-37.71943200815989],[144.7104150338474,-37.71943194872558],[144.7104151218421,-37.71943188684018],[144.71041520709343,-37.71943182257753],[144.7104152894999,-37.71943175601436],[144.7104153689631,-37.71943168723005],[144.71041544538815,-37.71943161630669],[144.7104155186839,-37.719431543328895],[144.71041558876294,-37.71943146838376],[144.71041565554157,-37.719431391560704],[144.71041571894014,-37.71943131295138],[144.71041577888303,-37.71943123264961],[144.71041583529868,-37.719431150751205],[144.71041588811974,-37.71943106735388],[144.71041593728324,-37.719430982557135],[144.71041598273052,-37.719430896462214],[144.71041602440732,-37.71943080917177],[144.7104160622639,-37.71943072078998],[144.71041609625513,-37.71943063142232],[144.71041612634045,-37.71943054117543],[144.710419429853,-37.71943118779036],[144.710419429853,-37.7194311877903]]]},"properties":{"LAYER":"POLY_SPLITTER_ISLAND","LAYER_TYPE":"fill-extrusion"}},{"type":"Feature","geometry":{"type":"Polygon","coordinates":[[[144.71341726048132,-37.71913247989642],[144.71354148795112,-37.71914519875038],[144.71388743010968,-37.71918582805518],[144.71341726048132,-37.71913247989642]]]},"properties":{"LAYER":"POLY_PAVEMENT_ROAD","LAYER_TYPE":"fill"}},{"type":"Feature","geometry":{"type":"Polygon","coordinates":[[[144.71388743010968,-37.71918582805518],[144.71388743010968,-37.71918582805518],[144.71390617434258,-37.719085119417024],[144.71286950079366,-37.71895419990281],[144.7127899371528,-37.7189461824815],[144.7127166237483,-37.71893972949399],[144.7126430900002,-37.71893512264494],[144.71238747820092,-37.71891944766309],[144.7121325280667,-37.718898027077245],[144.7119133250536,-37.718887627566154],[144.7119130974742,-37.718887984877206],[144.7119128546501,-37.71888833579905],[144.7119125968651,-37.71888867992143],[144.71191232442064,-37.71888901684203],[144.7119120376352,-37.718889346166925],[144.7119117368441,-37.71888966751117],[144.71191142239894,-37.718889980499014],[144.71191109466739,-37.71889028476454],[144.71191075403254,-37.71889057995208],[144.71191040089275,-37.7188908657165],[144.71191003566074,-37.71889114172372],[144.71190965876357,-37.71889140765105],[144.71190927064188,-37.71889166318759],[144.71190887174942,-37.71889190803459],[144.7119084625525,-37.71889214190581],[144.71190804352955,-37.71889236452783],[144.71190761517042,-37.718892575640375],[144.711907177976,-37.71889277499664],[144.71190673245727,-37.71889296236352],[144.7119062791352,-37.718893137522016],[144.71190581853975,-37.718893300267325],[144.71190535120934,-37.71889345040918],[144.71190487769042,-37.718893587772065],[144.71190439853652,-37.71889371219537],[144.7119039143078,-37.71889382353363],[144.71190342557045,-37.71889392165669],[144.71190293289587,-37.71889400644982],[144.71190243685993,-37.71889407781391],[144.71190193804264,-37.7188941356655],[144.71190143702714,-37.718894179937],[144.71190093439918,-37.71889421057661],[144.71190043074637,-37.71889422754852],[144.7118999266576,-37.71889423083289],[144.71189942272207,-37.71889422042587],[144.71189891952906,-37.71889419633965],[144.71189841766676,-37.718894158602396],[144.71189791772193,-37.71889410725816],[144.71079266138167,-37.71876529555483],[144.7107867698726,-37.71876452643204],[144.71078091516225,-37.7187635967551],[144.71077510418257,-37.71876250762484],[144.71076934381352,-37.718761260330645],[144.71076364087534,-37.718759856349365],[144.71075800212023,-37.718758297343285],[144.71075243422436,-37.71875658515821],[144.71074694377995,-37.718754721821334],[144.71074153728767,-37.7187527095389],[144.7107362211486,-37.718750550693315],[144.71073100165708,-37.718748247840644],[144.71072588499283,-37.718745803707435],[144.7107208772138,-37.71874322118749],[144.71071598424908,-37.71874050333848],[144.71071121189198,-37.71873765337826],[144.71070656579275,-37.71873467468116],[144.71070205145236,-37.718731570773855],[144.71069767421554,-37.71872834533137],[144.710693439265,-37.71872500217254],[144.7106893516147,-37.71872154525559],[144.71068541610433,-37.71871797867346],[144.7106816373935,-37.7187143066489],[144.71067801995605,-37.71871053352952],[144.7106745680749,-37.718706663782626],[144.71067128583704,-37.7187027019899],[144.71066817712853,-37.71869865284203],[144.71066524563,-37.718694521133116],[144.71066249481223,-37.71869031175504],[144.71065992793206,-37.7186860296916],[144.71065754802865,-37.71868168001267],[144.7106553579197,-37.718677267868166],[144.71065336019825,-37.718672798481975],[144.7106515572294,-37.718668277145774],[144.71064995114796,-37.718663709212706],[144.71064854385534,-37.718659100091095],[144.71064733701772,-37.71865445523803],[144.710646332064,-37.71864978015292],[144.7106455301839,-37.71864508037098],[144.71064493232683,-37.71864036145663],[144.71064453920056,-37.71863562899694],[144.71064435127056,-37.71863088859501],[144.71064436875926,-37.7186261458634],[144.71064459164597,-37.71862140641737],[144.71064501966666,-37.71861667586833],[144.71064565231458,-37.7186119598171],[144.71064648884067,-37.71860726384739],[144.71081845297218,-37.717748660248795],[144.71069949196269,-37.7177348612958],[144.7106484818427,-37.71798955123144],[144.71063594139238,-37.71804630850692],[144.71062112588723,-37.718102718755524],[144.71060405043156,-37.71815872444807],[144.71058473243454,-37.71821426846779],[144.71056499004624,-37.71827103262116],[144.71054753940382,-37.7183282685811],[144.7105323983087,-37.71838591797852],[144.71051958220716,-37.71844392202259],[144.71050942710738,-37.718494624635085],[144.71050714827848,-37.71850491086635],[144.7105044454551,-37.71851513210593],[144.71050132155227,-37.71852527732871],[144.7104977799395,-37.71853533559174],[144.71049382443678,-37.718545296045754],[144.7104894593104,-37.71855514794703],[144.71048468926858,-37.7185648806689],[144.7104795194565,-37.71857448371332],[144.7104739554502,-37.71858394672194],[144.71046800325115,-37.7185932594877],[144.71046166927957,-37.71860241196536],[144.71045496036731,-37.71861139428277],[144.7104478837508,-37.71862019675115],[144.71044044706306,-37.718628809875845],[144.71043749117499,-37.71863199824209],[144.71043439922352,-37.71863510411216],[144.71043117485428,-37.71863812382385],[144.71042782186933,-37.71864105381649],[144.71042434422225,-37.71864389063523],[144.71042074601365,-37.71864663093506],[144.71041703148634,-37.7186492714848],[144.7104132050202,-37.7186518091709],[144.71040927112716,-37.71865424100104],[144.7104052344458,-37.71865656410777],[144.71040109973595,-37.71865877575185],[144.71039687187292,-37.71866087332543],[144.710392555842,-37.71866285435519],[144.71038815673236,-37.71866471650525],[144.71038367973114,-37.718666457579836],[144.71037913011733,-37.71866807552599],[144.71037451325557,-37.718669568435935],[144.71036983458978,-37.71867093454936],[144.7103650996367,-37.71867217225537],[144.71036031397958,-37.71867328009458],[144.71035548326128,-37.71867425676069],[144.7103506131779,-37.71867510110206],[144.71034570947197,-37.71867581212312],[144.7103407779256,-37.718676388985465],[144.7103358243538,-37.718676831008906],[144.71033085459752,-37.71867713767221],[144.7103258745168,-37.71867730861379],[144.71032088998376,-37.718677343632116],[144.71031590687588,-37.71867724268587],[144.71031093106905,-37.71867700589409],[144.71030596843025,-37.71867663353596],[144.7103010248113,-37.71867612605058],[144.70951602265242,-37.71858462829535],[144.70949666754652,-37.71858264350177],[144.70947723754432,-37.718581192158624],[144.70945775593876,-37.71858027600574],[144.70943824608443,-37.7185798961414],[144.7092329987542,-37.71857872318802],[144.7092136100608,-37.71857835046789],[144.70919424852354,-37.7185774544053],[144.7091749365227,-37.71857603603613],[144.70915569638115,-37.71857409699982],[144.70913655033883,-37.71857163953775],[144.70911752052686,-37.7185686664906],[144.70909862894197,-37.71856518129488],[144.70907989742113,-37.718561187979205],[144.70906134761626,-37.71855669115953],[144.70904300096927,-37.71855169603376],[144.7090248786872,-37.71854620837583],[144.70900700171757,-37.718540234528994],[144.7089893907246,-37.71853378139846],[144.70899086814296,-37.71853134687069],[144.70841325236754,-37.718442092578584],[144.70833376535958,-37.71843063567587],[144.70825393944597,-37.71842077719984],[144.70813832215012,-37.718427349056206],[144.70733881581475,-37.71833476391743],[144.70732633888682,-37.71840058244664],[144.70743442481046,-37.718435192143595],[144.70753300755376,-37.71845350347852],[144.70763084638145,-37.71847417986149],[144.70772785140085,-37.718497202295794],[144.70782393348503,-37.71852254962929],[144.7084269234008,-37.718688006405905],[144.7084286564395,-37.71868711557725],[144.7084304269638,-37.71868627254485],[144.70843223288543,-37.71868547830298],[144.70843407207448,-37.71868473378843],[144.70843594236177,-37.7186840398792],[144.70843784154144,-37.71868339739376],[144.70843976737365,-37.71868280708985],[144.70844171758702,-37.718682269663674],[144.7084436898815,-37.71868178574907],[144.7084456819308,-37.7186813559168],[144.70844769138563,-37.71868098067378],[144.70844971587596,-37.7186806604626],[144.70845175301403,-37.7186803956609],[144.70845380039728,-37.718680186581004],[144.708455855611,-37.718680033469504],[144.70845791623123,-37.718679936506966],[144.70845997982764,-37.71867989580778],[144.70846204396648,-37.71867991141991],[144.7084641062132,-37.71867998332497],[144.7084661641356,-37.71868011143814],[144.7084682153065,-37.71868029560835],[144.70847025730683,-37.718680535618354],[144.7084722877281,-37.71868083118511],[144.70847430417575,-37.718681181959965],[144.70847630427144,-37.71868158752926],[144.7084782856563,-37.71868204741469],[144.70848024599343,-37.71868256107379],[144.70859166473645,-37.71871188635499],[144.7087041970184,-37.718738393325765],[144.70881772989162,-37.718762055380616],[144.7089321494037,-37.71878284876942],[144.70904734071217,-37.71880075262139],[144.7091631881993,-37.71881574896585],[144.71025913319713,-37.71894349095296],[144.71026444711381,-37.71894418469562],[144.71026972783864,-37.71894502325111],[144.71027496911938,-37.7189460056266],[144.71028016475046,-37.71894713065899],[144.7102853085805,-37.71894839701629],[144.71029039451935,-37.71894980319917],[144.71029541654528,-37.71895134754273],[144.7103003687125,-37.71895302821853],[144.71030524515766,-37.7189548432367],[144.71031004010726,-37.71895679044831],[144.71031474788424,-37.71895886754793],[144.71031936291467,-37.71896107207631],[144.71032387973446,-37.71896340142336],[144.71032829299583,-37.71896585283122],[144.71033259747364,-37.71896842339749],[144.71033678807143,-37.71897111007865],[144.7103408598277,-37.71897390969382],[144.7103448079216,-37.71897681892829],[144.7103486276786,-37.718979834337595],[144.71035231457626,-37.71898295235163],[144.71035586424938,-37.71898616927871],[144.71035927249523,-37.71898948131009],[144.71036253527842,-37.71899288452441],[144.71036564873603,-37.71899637489237],[144.7103686091817,-37.71899994828147],[144.7103714131104,-37.719003600460894],[144.71037405720224,-37.71900732710659],[144.71037653832667,-37.719011123806304],[144.71037885354616,-37.719014986064835],[144.71038100011938,-37.71901890930938],[144.710382975505,-37.71902288889491],[144.71038477736408,-37.71902692010967],[144.7103864035632,-37.71903099818087],[144.710387852177,-37.71903511828014],[144.71038912149038,-37.719039275529376],[144.71039021000038,-37.71904346500652],[144.7103911164183,-37.71904768175134],[144.71039183967082,-37.71905192077129],[144.71039237890167,-37.71905617704752],[144.71039273347236,-37.71906044554064],[144.71039290296304,-37.71906472119692],[144.71039288717304,-37.719068998954015],[144.71039268612105,-37.71907327374724],[144.71039230004502,-37.71907754051528],[144.710391729402,-37.71908179420641],[144.7103909748676,-37.71908602978437],[144.7103418704071,-37.7193311940358],[144.71032973867045,-37.71940020388429],[144.71031524081604,-37.719488566597484],[144.71029854655683,-37.71957668435633],[144.7102891498236,-37.719623156693444],[144.71029020032574,-37.71962357503669],[144.7102768285649,-37.719687347432235],[144.7102600152682,-37.719773289831735],[144.71024278626777,-37.71985874371087],[144.71022805050313,-37.71993026041934],[144.71022705977273,-37.719940242774406],[144.71032025129225,-37.719952629484986],[144.7103695157736,-37.719878547814346],[144.71036865886362,-37.719877081752905],[144.71036786491564,-37.719875593491565],[144.71036713483966,-37.719874084735935],[144.7103664694723,-37.719872557215105],[144.71036586957604,-37.71987101267961],[144.71036533583845,-37.71986945289962],[144.71036486887127,-37.719867879662665],[144.7103644692095,-37.7198662947717],[144.7103641373113,-37.719864700043104],[144.710363873557,-37.71986309730446],[144.7103636782488,-37.719861488392574],[144.71036355161058,-37.71985987515135],[144.71036349378744,-37.71985825942954],[144.71036350484565,-37.71985664307888],[144.71036358477255,-37.719855027951745],[144.71036373347656,-37.71985341589911],[144.71036395078718,-37.719851808768475],[144.71036423645543,-37.719850208401624],[144.71039107909633,-37.71971619214196],[144.7104027675698,-37.71966298063535],[144.71041645579012,-37.719610070867816],[144.7104321314879,-37.7195575102491],[144.7104497806127,-37.71950534587601],[144.71046781740912,-37.71945203560194],[144.71048383737858,-37.719398320371226],[144.71049782617024,-37.719344248317135],[144.7105097712533,-37.71928986789262],[144.7105253319948,-37.71921217689594],[144.71052761084792,-37.71920189066606],[144.71053031369803,-37.7191916694278],[144.7105334376296,-37.71918152420606],[144.71053697927286,-37.71917146594384],[144.71054093480763,-37.71916150549025],[144.71054529996704,-37.71915165358894],[144.7105500700426,-37.71914192086646],[144.71055523988903,-37.71913231782083],[144.7105608039298,-37.71912285481015],[144.71056675616333,-37.7191135420415],[144.71057309016908,-37.719104389559895],[144.71057979911498,-37.71909540723745],[144.71058687576445,-37.719086604762744],[144.71059431248426,-37.719077991630385],[144.71059726838448,-37.71907480326079],[144.71060036034868,-37.719071697387015],[144.71060358473096,-37.719068677671274],[144.71060693772938,-37.719065747674215],[144.71061041539033,-37.71906291085071],[144.7106140136132,-37.719060170545696],[144.71061772815509,-37.71905752999035],[144.71062155463625,-37.71905499229823],[144.71062548854457,-37.71905256046162],[144.7106295252416,-37.71905023734797],[144.71063365996747,-37.71904802569647],[144.71063788784681,-37.71904592811502],[144.71064220389442,-37.719043947076905],[144.71064660302113,-37.71904208491799],[144.71065108003978,-37.71904034383407],[144.71065562967144,-37.71903872587805],[144.7106602465514,-37.719037232957724],[144.71066492523587,-37.71903586683342],[144.71066966020808,-37.71903462911604],[144.7106744458848,-37.719033521264905],[144.71067927662315,-37.7190325445864],[144.71068414672717,-37.71903170023212],[144.71068905045422,-37.71903098919767],[144.71069398202232,-37.71903041232147],[144.71069893561645,-37.7190299702837],[144.71070390539563,-37.71902966360557],[144.71070888550005,-37.71902949264875],[144.71071387005736,-37.71902945761479],[144.7107188531902,-37.719029558544975],[144.7107238290228,-37.71902979532032],[144.71072879168807,-37.71903016766167],[144.71073373533432,-37.71903067512993],[144.71147359344548,-37.71911690297268],[144.7114930317467,-37.71911889479326],[144.71151254547456,-37.71912034857252],[144.71153211103436,-37.7191212625527],[144.71155170476885,-37.719121635628575],[144.71175898936355,-37.71912271860595],[144.7117788196455,-37.719123096147605],[144.71179862141545,-37.719124021117054],[144.71181837073144,-37.71912549239595],[144.71183804371475,-37.71912750820538],[144.71185132448792,-37.719129055946276],[144.71192680150526,-37.71913682531578],[144.71200256455245,-37.71914257574796],[144.7120785280662,-37.71914630074832],[144.71215460625663,-37.71914799610981],[144.7122307132045,-37.719147659917596],[144.71230676295787,-37.71914529255108],[144.71286081949913,-37.719120631444085],[144.71297218321362,-37.71911714226669],[144.713083631302,-37.719116583516495],[144.71319504159737,-37.71911895580641],[144.71330629197396,-37.719124256536425],[144.71341726048132,-37.71913247989642],[144.71388743010968,-37.71918582805518]]]},"properties":{"LAYER":"POLY_PAVEMENT_ROAD","LAYER_TYPE":"fill"}},{"type":"Feature","geometry":{"type":"Polygon","coordinates":[[[144.71086831805525,-37.71872585538553],[144.71085841179115,-37.718724568680585],[144.71084856394205,-37.71872302474104],[144.71083878509071,-37.718721225226005],[144.71082908574567,-37.718719172069314],[144.71081947632993,-37.718716867477305],[144.71080996717004,-37.71871431392653],[144.71080056848464,-37.718711514161114],[144.7107912903737,-37.718708471189714],[144.71078214280772,-37.718705188282385],[144.71077313561665,-37.718701668966965],[144.71076427847996,-37.71869791702542],[144.71076360287864,-37.718697607253176],[144.71076294108644,-37.71869727920987],[144.71076229388618,-37.718696933283496],[144.7107616620432,-37.71869656988319],[144.71076104630498,-37.7186961894388],[144.7107604473997,-37.718695792400325],[144.71075986603583,-37.71869537923736],[144.71075930290098,-37.71869495043859],[144.71075875866117,-37.71869450651119],[144.71075823396018,-37.71869404798024],[144.71075772941853,-37.71869357538809],[144.71075724563312,-37.71869308929371],[144.710756783176,-37.71869259027202],[144.71075634259435,-37.7186920789133],[144.7107559244091,-37.71869155582237],[144.71075552911503,-37.71869102161791],[144.71075515717956,-37.7186904769318],[144.71075480904273,-37.71868992240825],[144.71075448511618,-37.718689358703195],[144.71075418578314,-37.71868878648334],[144.71075391139763,-37.71868820642552],[144.71075366228422,-37.7186876192158],[144.7107534387374,-37.71868702554874],[144.71075324102188,-37.71868642612652],[144.7107530693712,-37.718685821658134],[144.71075292398862,-37.71868521285853],[144.71075280504596,-37.71868460044779],[144.71075271268396,-37.71868398515028],[144.71075264701184,-37.71868336769373],[144.71075260810727,-37.718682748808504],[144.71075259601628,-37.71868212922658],[144.71075261075322,-37.7186815096808],[144.71075265230058,-37.71868089090399],[144.7107527206092,-37.71868027362797],[144.7107528155984,-37.71867965858289],[144.7107529371557,-37.71867904649621],[144.7107530851374,-37.71867843809187],[144.71075325936846,-37.718677834089526],[144.7107534596428,-37.71867723520354],[144.71075368572352,-37.71867664214231],[144.7107539373432,-37.71867605560728],[144.7107542142043,-37.7186754762922],[144.71075451597923,-37.71867490488227],[144.71075484231116,-37.71867434205334],[144.7107551928141,-37.718673788471136],[144.71075556707342,-37.718673244790416],[144.71075596464647,-37.71867271165426],[144.71075638506306,-37.7186721896932],[144.7107768047029,-37.718647773304404],[144.7107601395339,-37.71863718166703],[144.7107592557498,-37.71863352317276],[144.71075852478535,-37.71862984345931],[144.71075794744044,-37.71862614655352],[144.71075752434692,-37.718622436501086],[144.71075725596774,-37.7186187173621],[144.71075714259655,-37.71861499320658],[144.71075718435742,-37.71861126811004],[144.71075738120467,-37.71860754614901],[144.7107577329228,-37.71860383139659],[144.7107582391269,-37.71860012791804],[144.71075889926297,-37.71859643976621],[144.71092597269578,-37.71776224874884],[144.71090917273605,-37.71776012555209],[144.71074209912194,-37.71859431653987],[144.71074135404544,-37.71859848358275],[144.71074078441643,-37.71860266805355],[144.71074039086923,-37.71860686529236],[144.71074017384214,-37.718611070625016],[144.71074013357688,-37.7186152793684],[144.71074027011835,-37.71861948683552],[144.71074058331453,-37.71862368834083],[144.7107410728166,-37.71862787920546],[144.7107411272203,-37.718628348897894],[144.71074116095534,-37.718628819812395],[144.71074117398067,-37.71862929137528],[144.71074116628037,-37.71862976301198],[144.7107411378638,-37.71863023414791],[144.71074108876567,-37.71863070420905],[144.7107410190457,-37.71863117262269],[144.71074092878888,-37.718631638818174],[144.71074081810522,-37.718632102227495],[144.71074068712946,-37.71863256228605],[144.7107405360213,-37.718633018433344],[144.71074036496472,-37.718633470113616],[144.71074017416817,-37.718633916776604],[144.71073996386414,-37.71863435787804],[144.71073973430885,-37.718634792880565],[144.71073948578194,-37.718635221254225],[144.7107392185862,-37.71863564247704],[144.71073893304722,-37.71863605603585],[144.7107386295128,-37.71863646142682],[144.71073830835286,-37.718636858155996],[144.71073796995861,-37.71863724574006],[144.7107376147423,-37.718637623706776],[144.71073724313678,-37.71863799159567],[144.71073685559477,-37.71863834895856],[144.7107364525884,-37.71863869535994],[144.71073603460874,-37.718639030377865],[144.71073560216502,-37.71863935360418],[144.71073515578402,-37.71863966464503],[144.71073469600964,-37.71863996312148],[144.71073422340203,-37.718640248669864],[144.71073373853704,-37.71864052094235],[144.7107332420054,-37.718640779607135],[144.71073273441198,-37.718641024349125],[144.71073221637528,-37.71864125487011],[144.7107316885264,-37.71864147088925],[144.71073115150847,-37.71864167214338],[144.7107306059758,-37.71864185838727],[144.71073005259294,-37.718642029394026],[144.71072949203415,-37.71864218495528],[144.71072892498245,-37.718642324881536],[144.7107283521286,-37.718642449002324],[144.7107277741706,-37.71864255716638],[144.71072719181257,-37.718642649241936],[144.71072660576405,-37.718642725116815],[144.71072601673907,-37.718642784698595],[144.71072542545522,-37.71864282791466],[144.71072483263288,-37.718642854712385],[144.71072423899435,-37.71864286505907],[144.7107236452629,-37.71864285894216],[144.71072305216185,-37.71864283636909],[144.7107224604138,-37.71864279736737],[144.71072187073977,-37.71864274198452],[144.7107212838582,-37.71864267028798],[144.710720700484,-37.71864258236512],[144.710720121328,-37.718642478323076],[144.71071954709575,-37.718642358288605],[144.710718978487,-37.71864222240795],[144.7107184161944,-37.71864207084664],[144.71071786090303,-37.718641903789326],[144.71071731328945,-37.718641721439596],[144.71071677402085,-37.718641524019574],[144.71071624375418,-37.71864131176976],[144.7107157231356,-37.7186410849488],[144.71071521279933,-37.71864084383302],[144.7107147133671,-37.71864058871617],[144.7107142254475,-37.7186403199091],[144.7107137496349,-37.71864003773926],[144.71071328650902,-37.71863974255049],[144.7107128366341,-37.71863943470241],[144.71071240055835,-37.718639114570045],[144.71071197881287,-37.718638782543486],[144.71071157191165,-37.718638439027245],[144.71071118035036,-37.71863808443982],[144.7107108046061,-37.71863771921324],[144.71071044513658,-37.718637343792466],[144.71071010237984,-37.71863695863487],[144.71070977675345,-37.71863656420976],[144.71070946865413,-37.718636160997654],[144.7107091784573,-37.71863574948979],[144.71070890651643,-37.71863533018756],[144.7107086531629,-37.71863490360178],[144.71070841870534,-37.71863447025221],[144.71070820342942,-37.718634030666834],[144.71070800759747,-37.71863358538117],[144.710707831448,-37.718633134937754],[144.71070767519566,-37.718632679885395],[144.7107075390308,-37.718632220778474],[144.7107074231194,-37.71863175817638],[144.71070732760253,-37.718631292642684],[144.7107072525967,-37.71863082474461],[144.7107066582036,-37.71862573583746],[144.71070627789632,-37.71862063400953],[144.71070611209828,-37.71861552494237],[144.7107061609941,-37.7186104143255],[144.71070642452932,-37.71860530785028],[144.71070690241038,-37.71860021120338],[144.71070759410506,-37.718595130060535],[144.710708498843,-37.718590070080246],[144.71087557281984,-37.717755879151504],[144.71084197290793,-37.71775163274145],[144.71067489856853,-37.71858582361105],[144.71067384234428,-37.718591724653024],[144.7106730324111,-37.71859765021791],[144.7106724696554,-37.71860359382113],[144.71067215469304,-37.71860954895835],[144.7106720878688,-37.71861550911256],[144.71067226925584,-37.718621467761274],[144.7106726986557,-37.71862741838375],[144.71067337559862,-37.7186333544679],[144.71067429934376,-37.71863926951762],[144.7106754688803,-37.71864515705977],[144.71067688292842,-37.718651010651335],[144.71067194387612,-37.71867775079575],[144.71066618920278,-37.718683909033324],[144.71066862558158,-37.71868796553514],[144.7106712338467,-37.718691954025765],[144.7106740109938,-37.71869586991099],[144.71067695382408,-37.71869970868028],[144.71068005894776,-37.718703465911894],[144.71068332278824,-37.71870713727802],[144.71069085553364,-37.71870631388999],[144.71072450443793,-37.71871031029246],[144.71073421781503,-37.71871524978879],[144.71074413637012,-37.71871992492629],[144.71075424870574,-37.71872433033262],[144.7107645432016,-37.71872846094551],[144.7107750080282,-37.71873231201841],[144.71078563116018,-37.71873587912592],[144.71079640039042,-37.718739158169065],[144.7108073033438,-37.71874214537981],[144.71081832749155,-37.7187448373255],[144.71082946016568,-37.71874723091276],[144.7108406885734,-37.71874932339109],[144.710851999812,-37.71875111235599],[144.71086338088344,-37.71875259575168],[144.7119194920486,-37.71887623811962],[144.7119335740831,-37.71885023085468],[144.71086831899822,-37.71872585549544],[144.71086831805525,-37.71872585538553]]]},"properties":{"LAYER":"POLY_FOOTPATH","LAYER_TYPE":"fill-extrusion"}},{"type":"Feature","geometry":{"type":"Polygon","coordinates":[[[144.7094386735406,-37.718532150668885],[144.70946026513454,-37.718532570947275],[144.70948182546826,-37.71853358477094],[144.70950332869225,-37.71853519092434],[144.70952474902538,-37.7185373874818],[144.71028017420974,-37.718625437905736],[144.7102867253385,-37.71862611061263],[144.71029330163302,-37.71862660465112],[144.71029989537337,-37.71862691944127],[144.71030649881908,-37.71862705461353],[144.7103131042182,-37.71862701000921],[144.71031970381674,-37.718626785680684],[144.71032628986728,-37.718626381891305],[144.71033013361318,-37.71862604091521],[144.71033396048728,-37.7186255960242],[144.71033776603872,-37.71862504773569],[144.71034154584163,-37.71862439668736],[144.71034529549985,-37.718623643636406],[144.71034901065235,-37.718622789458664],[144.71035268697844,-37.71862183514756],[144.7103563202022,-37.718620781813016],[144.71035990609826,-37.71861963068007],[144.71036344049594,-37.718618383087545],[144.7103669192847,-37.71861704048646],[144.71037033841853,-37.71861560443826],[144.71037369392084,-37.71861407661315],[144.7103769818891,-37.71861245878808],[144.71038019849928,-37.718610752844576],[144.7103833400103,-37.718608960766744],[144.71038640276856,-37.718607084638855],[144.71038938321192,-37.718605126642906],[144.71039227787398,-37.71860308905611],[144.71039508338816,-37.71860097424822],[144.71039779649158,-37.718598784678896],[144.71040041402884,-37.71859652289468],[144.71040293295556,-37.71859419152605],[144.71040535034228,-37.718591793284546],[144.7104076633774,-37.71858933095937],[144.71040986937075,-37.7185868074143],[144.71041196575683,-37.7185842255843],[144.71041395009735,-37.71858158847216],[144.71041948785165,-37.71857363393751],[144.7104246913462,-37.71856553824889],[144.71042955488625,-37.71855731026639],[144.71043407314926,-37.718548958994816],[144.7104382411904,-37.71854049357389],[144.7104420544483,-37.71853192326835],[144.71044550874973,-37.71852325745765],[144.71044860031444,-37.71851450562572],[144.71045132575907,-37.71850567735076],[144.710453682101,-37.71849678229452],[144.71045566676153,-37.71848783019183],[144.71046582189686,-37.71843712758387],[144.7104789385634,-37.718377763413464],[144.71049443474095,-37.71831876220678],[144.71051229462094,-37.71826018413322],[144.7105324999844,-37.71820208893053],[144.71055135507834,-37.71814787598014],[144.71056802137275,-37.718093212419625],[144.7105824818754,-37.71803815399697],[144.71059472184385,-37.717982756862675],[144.71064573214105,-37.71772806695579],[144.71066253208414,-37.71773019018964],[144.71061152184217,-37.71798488010632],[144.7105991879729,-37.718040702284554],[144.71058461653178,-37.71809618315262],[144.71056782237437,-37.7181512661292],[144.71054882262305,-37.71820589503855],[144.71052876193949,-37.71826357428844],[144.71051102994645,-37.718321732951594],[144.71049564473233,-37.71838031171798],[144.71048262199255,-37.718439250849016],[144.71047246686842,-37.718489953458096],[144.71047024165728,-37.71849993028316],[144.71046757645956,-37.71850983882917],[144.71046447456732,-37.718519666856054],[144.7104609398122,-37.718529402223176],[144.71045697656058,-37.71853903290441],[144.710452589708,-37.71854854700293],[144.71044778467353,-37.71855793276588],[144.7104425673927,-37.718567178598995],[144.71043694431026,-37.718576273080814],[144.71043092237235,-37.71858520497683],[144.7104245090177,-37.71859396325344],[144.71041771216878,-37.71860253709144],[144.71041054022155,-37.71861091589955],[144.71040300203546,-37.718619089327284],[144.71040558696174,-37.71861939060832],[144.7104006478149,-37.718646130738364],[144.71040146559469,-37.718652061849966],[144.71039803056914,-37.718653912355634],[144.71039452721598,-37.71865568018516],[144.71039095868764,-37.7186573637478],[144.7103873281953,-37.71865896152853],[144.71038363900593,-37.718660472089645],[144.7103768769258,-37.71865584581644],[144.7103432144532,-37.71865192234124],[144.71033570543133,-37.718652753456375],[144.71032816563687,-37.71865338475553],[144.71032060349387,-37.71865381553334],[144.71031302745132,-37.71865404530853],[144.71030544597372,-37.718654073824354],[144.7102978675317,-37.718653901048995],[144.7102903005925,-37.718653527175455],[144.71028275361044,-37.7186529526215],[144.71027523501763,-37.718652178029025],[144.7095198095706,-37.71856412756511],[144.70949955876347,-37.71856205090092],[144.70947922959175,-37.71856053238693],[144.70945884642728,-37.71855957384362],[144.70943843370674,-37.7185591764202],[144.70923318643372,-37.718558003469035],[144.7092141917517,-37.71855763148704],[144.70919522498284,-37.718556733157044],[144.70917630923435,-37.71855530957348],[144.70918010887738,-37.71852845222295],[144.70919784238524,-37.718529786831866],[144.70921562372465,-37.71853062901572],[144.7092334312326,-37.71853097774847],[144.70943867843104,-37.718532150696824],[144.7094386735406,-37.718532150668885]]]},"properties":{"LAYER":"POLY_FOOTPATH","LAYER_TYPE":"fill-extrusion"}},{"type":"Feature","geometry":{"type":"Polygon","coordinates":[[[144.71055793208436,-37.719295954577106],[144.71054401246323,-37.719358610393456],[144.71052743578596,-37.71942085685199],[144.7105082209746,-37.7194826228744],[144.71048983356295,-37.71954172911177],[144.71047397062475,-37.719601295089454],[144.71046065027897,-37.71966125279245],[144.7104165640954,-37.71988136121804],[144.71038296326188,-37.719877114648035],[144.71042704954118,-37.7196570062374],[144.7104405697183,-37.71959614917377],[144.71045667062592,-37.71953568971198],[144.71047533387312,-37.71947569688729],[144.71049427289873,-37.71941481746429],[144.71051061165915,-37.719353464500685],[144.71052433150365,-37.71929170805455],[144.71054401576322,-37.71919342920873],[144.71054489557375,-37.71918947470057],[144.7105459455437,-37.71918554647795],[144.7105471644386,-37.71918164915945],[144.71054855082525,-37.719177787327425],[144.71055010307361,-37.71917396552246],[144.71055181935853,-37.71917018823808],[144.7105536976621,-37.71916645991551],[144.7105557357758,-37.71916278493834],[144.71055793130327,-37.719159167627495],[144.71056028166308,-37.71915561223605],[144.71056278409182,-37.719152122944294],[144.71056543564708,-37.71914870385481],[144.71056823321135,-37.71914535898765],[144.7105711734953,-37.71914209227556],[144.7105742530419,-37.71913890755942],[144.71061099378207,-37.71910223124962],[144.71061593289235,-37.719075491111184],[144.7106123879869,-37.71906903641564],[144.71061588561065,-37.71906621755745],[144.71062297294637,-37.71906696844375],[144.7106566220082,-37.719070964870554],[144.7106588996317,-37.71906886552242],[144.71066125746952,-37.71906682281903],[144.71066369329026,-37.71906483869352],[144.7106662047888,-37.71906291502366],[144.7106687895882,-37.71906105362989],[144.7106714452424,-37.719059256273844],[144.71067391654307,-37.719057691830734],[144.71067645493036,-37.71905619670085],[144.7106790573248,-37.7190547726979],[144.71068172056934,-37.71905342154947],[144.7106844414331,-37.719052144894604],[144.71068721661533,-37.719050944282095],[144.7106900427494,-37.71904982116845],[144.71069291640674,-37.71904877691613],[144.71069583410133,-37.71904781279196],[144.71069879229358,-37.71904692996555],[144.71070178739475,-37.71904612950789],[144.71070481577146,-37.719045412390074],[144.7107078737499,-37.719044779481976],[144.71071095762028,-37.71904423155146],[144.71071406364152,-37.71904376926322],[144.7107171880455,-37.71904339317808],[144.71072032704203,-37.71904310375231],[144.7107234768231,-37.719042901336934],[144.71072663356748,-37.71904278617758],[144.71072979344575,-37.71904275841395],[144.71073295262448,-37.71904281807971],[144.71073610727123,-37.71904296510247],[144.71073925355896,-37.7190431993039],[144.7107423876708,-37.71904352039984],[144.71147145329604,-37.719128490385856],[144.71149140004687,-37.71913053430679],[144.71151142419725,-37.71913202611282],[144.71153150153543,-37.71913296400016],[144.71155160778525,-37.71913334683473],[144.71175889241263,-37.71913442981336],[144.71177821018546,-37.71913479759762],[144.71179750018325,-37.71913569866156],[144.7118167390826,-37.71913713191569],[144.7118359036221,-37.7191390956271],[144.71184918439496,-37.71914064336802],[144.71184424572013,-37.719167383572206],[144.71183096494275,-37.71916583583058],[144.71181297373607,-37.719163992345536],[144.71179491272204,-37.71916264684096],[144.71177680373802,-37.7191618009437],[144.7117586686794,-37.71916145567646],[144.71155138397665,-37.71916037269503],[144.71153009499855,-37.71915996734037],[144.71150883663287,-37.7191589742826],[144.71148763458373,-37.719157394722465],[144.71146651448726,-37.71915523056987],[144.7107374486084,-37.719070260545266],[144.71073662543097,-37.71907471723613],[144.71146569135192,-37.71915968726714],[144.7114870070061,-37.71916187145837],[144.71150840537177,-37.7191634656442],[144.71152986057555,-37.719164467897045],[144.71155134667515,-37.719164877005056],[144.71175863139038,-37.71916595998697],[144.71177656932994,-37.71916630150136],[144.71179448147822,-37.71916713820415],[144.7118123461779,-37.7191684690838],[144.711830141829,-37.719170292531096],[144.71184342260725,-37.71917184027285],[144.71184095326797,-37.71918521037474],[144.7118276724875,-37.71918366263265],[144.7118104635032,-37.71918189929858],[144.71179318774657,-37.71918061229377],[144.7117758661055,-37.7191798031743],[144.71175851952347,-37.7191794729185],[144.71155123477052,-37.71917838993514],[144.71152915730642,-37.71917796956708],[144.71150711158853,-37.719176939728975],[144.71148512427314,-37.71917530166604],[144.71146322194568,-37.71917305735896],[144.7107230813684,-37.7190867965756],[144.71072220707805,-37.71908670663817],[144.71072132946097,-37.71908664022115],[144.71072044951973,-37.71908659740038],[144.71071956825935,-37.71908657822478],[144.7107186866866,-37.719086582716265],[144.71071780580837,-37.71908661086972],[144.71071692663094,-37.71908666265292],[144.7107160501586,-37.719086738006794],[144.71071517739242,-37.71908683684523],[144.7107143093295,-37.71908695905531],[144.71071344696128,-37.71908710449746],[144.71071259127288,-37.719087273005535],[144.71071174324172,-37.719087464387066],[144.71071090383654,-37.71908767842344],[144.71071007401608,-37.71908791487013],[144.71070925472836,-37.719088173457095],[144.71070844690908,-37.719088453888936],[144.7107076514811,-37.71908875584532],[144.71070686935303,-37.7190890789813],[144.71070610141822,-37.71908942292783],[144.71070534855394,-37.71908978729197],[144.7107046116201,-37.71909017165752],[144.71070389145854,-37.719090575585454],[144.71070318889187,-37.71909099861437],[144.7107025047226,-37.719091440261025],[144.71070183973225,-37.71909190002093],[144.71070119468047,-37.71909237736896],[144.71070057030403,-37.719092871759784],[144.7107001359259,-37.71909322753263],[144.7106106634329,-37.71916568123919],[144.71050450283715,-37.71969579790578],[144.71046608242517,-37.719887619468814],[144.71044928200462,-37.71988549619195],[144.71048770242376,-37.71969367480822],[144.7105867984776,-37.71919883600548],[144.7105776163013,-37.719197675723535],[144.7105579320845,-37.71929595457628],[144.71055793208436,-37.719295954577106]]]},"properties":{"LAYER":"POLY_FOOTPATH","LAYER_TYPE":"fill-extrusion"}},{"type":"Feature","geometry":{"type":"Polygon","coordinates":[[[144.7102299018096,-37.719727921043706],[144.71026911443116,-37.71953347489927],[144.71027689837388,-37.71948930807167],[144.7103603530199,-37.719072645251075],[144.7103693764876,-37.719073711712426],[144.7103743834644,-37.7190469795424],[144.71038280306075,-37.71904162290208],[144.71038165140328,-37.71903767586417],[144.71038033114226,-37.71903376228232],[144.7103788438103,-37.719029886699666],[144.71037719113406,-37.71902605361532],[144.71037537503213,-37.719022267478955],[144.71037339761278,-37.719018532685844],[144.7103712611716,-37.71901485357153],[144.71036896818862,-37.719011234407056],[144.71036652132588,-37.71900767939379],[144.71036392342387,-37.7190041926586],[144.71036117749836,-37.71900077824918],[144.7103582867371,-37.71899744012922],[144.71035525449582,-37.71899418217383],[144.71035208429475,-37.71899100816509],[144.71034877981398,-37.718987921787615],[144.7103453448896,-37.71898492662425],[144.71034178350908,-37.718982026152005],[144.71033809980693,-37.71897922373799],[144.71033429805925,-37.718976522635415],[144.71033038267947,-37.718973925979896],[144.71032635821285,-37.71897143678583],[144.71031788427368,-37.7189752247844],[144.71028422166123,-37.718971301287944],[144.71028416934064,-37.71897158454303],[144.71027802614606,-37.71896876143379],[144.7102717692449,-37.71896610056041],[144.71026540542468,-37.71896360480941],[144.71025894158896,-37.71896127688824],[144.71025238474977,-37.71895911932222],[144.71024574202002,-37.71895713445192],[144.7102390206059,-37.71895532443051],[144.71023222779877,-37.71895369122156],[144.71022537096758,-37.71895223659677],[144.71021845755072,-37.718950962134095],[144.7102114950479,-37.71894986921613],[144.7102044910121,-37.718948959028474],[144.70916104770205,-37.71882733632606],[144.70910421684653,-37.718820355024974],[144.7090987574227,-37.718847031230375],[144.7091561080931,-37.71885407638808],[144.71019955176536,-37.71897569914566],[144.71020544990282,-37.718976465619804],[144.7102113130651,-37.71897738597215],[144.7102171348917,-37.71897845920431],[144.71022290906717,-37.718979684152],[144.71022862932753,-37.71898105948639],[144.71023428946745,-37.71898258371551],[144.71023988334665,-37.71898425518586],[144.71024540489694,-37.7189860720842],[144.7102508481284,-37.718988032439555],[144.71025620713615,-37.71899013412533],[144.71026147610667,-37.718992374861564],[144.71026664932413,-37.71899475221748],[144.71026372932033,-37.71899861349626],[144.7102587177657,-37.71899631043257],[144.71025361345033,-37.71899413971923],[144.71024842191136,-37.718992103711045],[144.71024314878065,-37.71899020461668],[144.7102377997786,-37.7189884444963],[144.71023238070782,-37.71898682525928],[144.71022689744703,-37.71898534866224],[144.71022135594453,-37.71898401630696],[144.7102157622118,-37.7189828296388],[144.71021012231688,-37.7189817899451],[144.7102044423781,-37.71898089835369],[144.71019872855717,-37.7189801558318],[144.7091552848238,-37.71885853306494],[144.70909784751828,-37.71885147726458],[144.70909511780434,-37.718864815367056],[144.70915281501783,-37.71887190309579],[144.71019625893192,-37.71899352589017],[144.7102016803817,-37.718994234106134],[144.7102070677384,-37.71899509090111],[144.71021241455097,-37.71899609524912],[144.7102177144169,-37.71899724594748],[144.7102229609899,-37.71899854161834],[144.71022814798738,-37.718999980710144],[144.7102332691982,-37.71900156149969],[144.71023831848987,-37.71900328209402],[144.71024328981622,-37.71900514043288],[144.71024817722423,-37.71900713429092],[144.71025297486153,-37.71900926128062],[144.71025767698316,-37.71901151885504],[144.71026227795852,-37.7190139043108],[144.71026677227812,-37.71901641479146],[144.71027115456025,-37.71901904729084],[144.71027541955738,-37.71902179865665],[144.7102795621623,-37.71902466559425],[144.7103344112636,-37.71906397105686],[144.71033497981787,-37.71906439275831],[144.7103355298345,-37.71906482969811],[144.71033606066663,-37.71906528136225],[144.71033657168988,-37.71906574721962],[144.71033706230332,-37.71906622672224],[144.71033753192992,-37.71906671930625],[144.71033798001733,-37.71906722439224],[144.71033840603852,-37.71906774138624],[144.71033880949247,-37.71906826968015],[144.71033918990472,-37.719068808652665],[144.71033954682773,-37.7190693576699],[144.71033987984188,-37.71906991608613],[144.71034018855542,-37.71907048324463],[144.7103404726053,-37.71907105847835],[144.7103407316574,-37.71907164111073],[144.71034096540708,-37.719072230456575],[144.71034117357945,-37.71907282582268],[144.71034135592961,-37.71907342650889],[144.71034151224316,-37.719074031808724],[144.71034164233623,-37.719074641010266],[144.71034174605583,-37.71907525339703],[144.71034182327995,-37.7190758682488],[144.71034187391777,-37.719076484842425],[144.71034189790976,-37.719077102452744],[144.7103418952276,-37.71907772035335],[144.7103418658746,-37.71907833781754],[144.7103418098852,-37.71907895411912],[144.71034172732524,-37.71907956853325],[144.71034161829184,-37.71908018033731],[144.71026009804962,-37.71948718477084],[144.71025263282854,-37.719531836771935],[144.71021355603742,-37.719726244627445],[144.7102299018096,-37.719727921043706]]]},"properties":{"LAYER":"POLY_FOOTPATH","LAYER_TYPE":"fill-extrusion"}},{"type":"Feature","geometry":{"type":"Polygon","coordinates":[[[144.71192849833466,-37.71896444821977],[144.7120393044696,-37.71906550338947],[144.71203986475817,-37.71906816913606],[144.71213661708097,-37.71907429055387],[144.71223355080846,-37.71907820239425],[144.71233058598435,-37.71907990143023],[144.7124276425686,-37.719079386260056],[144.7129770619239,-37.71907020001486],[144.7130985780927,-37.71906988067906],[144.7132200320544,-37.719072985604605],[144.71334127094067,-37.719079510884036],[144.71295388589192,-37.71903266985803],[144.71289550490084,-37.71902623209793],[144.71283693132483,-37.7190210136866],[144.71277820551603,-37.719017018219],[144.71225254428865,-37.718986767622425],[144.71209183940454,-37.718976218344345],[144.71193143651826,-37.7189630855407],[144.71192849833466,-37.71896444821977]]]},"properties":{"LAYER":"POLY_NATURESTRIP_N2","LAYER_TYPE":"fill-extrusion"}},{"type":"Feature","geometry":{"type":"Polygon","coordinates":[[[144.7090141911408,-37.718723570974575],[144.7089865128002,-37.71863422867473],[144.7089861003174,-37.71863154596884],[144.70887938378,-37.71861391844287],[144.70877346420494,-37.71859348176155],[144.70841006900994,-37.7185182610279],[144.7083482966829,-37.71850621389793],[144.70828611961085,-37.71849556138744],[144.7082235876798,-37.718486312043076],[144.70816075106083,-37.718478473285664],[144.7077298617204,-37.71842967648276],[144.70822137436662,-37.718565945433866],[144.70835081318057,-37.718600099530455],[144.70848149061337,-37.71863113517829],[144.70861328762777,-37.718659024105385],[144.70874608416625,-37.71868374090612],[144.7088797592603,-37.71870526306449],[144.7090141911408,-37.718723570974575]]]},"properties":{"LAYER":"POLY_NATURESTRIP_N2","LAYER_TYPE":"fill-extrusion"}},{"type":"Feature","geometry":{"type":"Polygon","coordinates":[[[144.70899234556114,-37.7185289123429],[144.7090032342771,-37.7184695328313],[144.70734921317924,-37.71827813143179],[144.70733881581475,-37.71833476391743],[144.70813832215012,-37.718427349056206],[144.70825393944597,-37.71842077719984],[144.7083337684507,-37.718430636089444],[144.70841325852143,-37.718442093529525],[144.70899086814296,-37.71853134687069],[144.70899234556114,-37.7185289123429]]]},"properties":{"LAYER":"POLY_NATURESTRIP_N2","LAYER_TYPE":"fill-extrusion"}},{"type":"Feature","geometry":{"type":"Polygon","coordinates":[[[144.70841011841128,-37.71873325336661],[144.70768015760075,-37.718532931957355],[144.707314310751,-37.718465521666616],[144.70732633888676,-37.71840058244664],[144.70743442481046,-37.718435192143595],[144.70753300755376,-37.71845350347852],[144.70763084638145,-37.71847417986149],[144.70772785140085,-37.718497202295794],[144.70782393348503,-37.71852254962929],[144.7084269234008,-37.718688006405905],[144.70841011841128,-37.71873325336661]]]},"properties":{"LAYER":"POLY_NATURESTRIP_N2","LAYER_TYPE":"fill-extrusion"}},{"type":"Feature","geometry":{"type":"Polygon","coordinates":[[[144.70917415610197,-37.71857052873863],[144.70915530359764,-37.718568589481386],[144.70913654414156,-37.71856614631446],[144.70911789907302,-37.718563202017044],[144.7090993896008,-37.718559759938266],[144.70908103677985,-37.71855582399359],[144.7090628614866,-37.71855139866023],[144.7090448843956,-37.71854648897202],[144.7090271259561,-37.71854110051382],[144.7090096063684,-37.71853523941509],[144.70899234556114,-37.7185289123429],[144.7090032342771,-37.7184695328313],[144.70913402783574,-37.71848466708266],[144.7094386007259,-37.71848640782441],[144.7094622094094,-37.71848686214358],[144.7094857840295,-37.71848796694894],[144.7095092961918,-37.71848972090991],[144.70953271757708,-37.718492121913876],[144.71036401295714,-37.71858901528109],[144.71041700371376,-37.71857727927598],[144.7104139500974,-37.71858158847214],[144.71041196575692,-37.71858422558428],[144.71040986937086,-37.718586807414276],[144.71040766337742,-37.71858933095936],[144.7104053503423,-37.71859179328453],[144.71040293295565,-37.71859419152603],[144.7104004140289,-37.71859652289464],[144.7103977964917,-37.71859878467888],[144.71039508338825,-37.718600974248204],[144.71039227787404,-37.71860308905608],[144.710389383212,-37.718605126642906],[144.71038640276865,-37.718607084638855],[144.71038334001042,-37.718608960766744],[144.71038019849937,-37.718610752844576],[144.7103769818892,-37.71861245878805],[144.71037369392093,-37.71861407661315],[144.7103703384186,-37.71861560443826],[144.71036691928475,-37.718617040486436],[144.710363440496,-37.71861838308754],[144.71035990609835,-37.718619630680074],[144.7103563202023,-37.718620781813016],[144.7103526869785,-37.71862183514756],[144.71034901065246,-37.71862278945868],[144.71034529549988,-37.718623643636406],[144.7103415458417,-37.71862439668737],[144.71033776603883,-37.71862504773569],[144.71033396048733,-37.71862559602418],[144.71033013361324,-37.71862604091521],[144.71032628986737,-37.718626381891305],[144.7103197038168,-37.71862678568069],[144.7103131042183,-37.71862701000922],[144.71030649881908,-37.718627054613535],[144.71029989537345,-37.71862691944127],[144.7102933016331,-37.71862660465112],[144.71028672533862,-37.71862611061263],[144.71028017420983,-37.71862543790574],[144.7095247490254,-37.7185373874818],[144.7095033299074,-37.718535191032],[144.70948182790642,-37.71853358491931],[144.70946026879926,-37.718532571069105],[144.70943867843107,-37.718532150696824],[144.70923343123272,-37.71853097774849],[144.70921562372473,-37.718530629015724],[144.7091978423853,-37.718529786831866],[144.70918010887738,-37.71852845222295],[144.7091763092344,-37.7185553095735],[144.70919522498286,-37.71855673315706],[144.70921419175176,-37.71855763148705],[144.7092331864338,-37.71855800346902],[144.7094384337068,-37.71855917642022],[144.70945884642595,-37.71855957386347],[144.70947922958916,-37.718560532413335],[144.70949955876094,-37.71856205092067],[144.70951980957054,-37.71856412756511],[144.71027523501766,-37.71865217802903],[144.7102827536105,-37.71865295262152],[144.71029030059256,-37.71865352717548],[144.71029786753175,-37.718653901048995],[144.71030544597375,-37.718654073824354],[144.71031302745132,-37.71865404530853],[144.71032060349387,-37.718653815533365],[144.71032816563687,-37.71865338475554],[144.71033570543136,-37.718652753456404],[144.7103432144532,-37.71865192234126],[144.71033060444773,-37.718671734459335],[144.71032583129565,-37.71867190233974],[144.71032105369252,-37.718671939208164],[144.71031627733544,-37.718671845020594],[144.71031150792007,-37.71867161988939],[144.71030675113371,-37.71867126408299],[144.7103020126486,-37.718670778025704],[144.70951701054426,-37.71857928027879],[144.7094974217765,-37.71857727152411],[144.7094777572083,-37.71857580265984],[144.70945804041372,-37.718574875446876],[144.70943829502937,-37.71857449099674],[144.70923304771415,-37.71857331804393],[144.70921338029973,-37.71857293288737],[144.70919374178712,-37.71857200274122],[144.70917415610197,-37.71857052873863]]]},"properties":{"LAYER":"POLY_NATURESTRIP_N1","LAYER_TYPE":"fill-extrusion"}},{"type":"Feature","geometry":{"type":"Polygon","coordinates":[[[144.7084780037723,-37.71868766446965],[144.708601122762,-37.71871989326764],[144.70872558347028,-37.718748687280076],[144.70885123408496,-37.718774011384255],[144.70897792134184,-37.71879583468993],[144.70910549071155,-37.71881413057697],[144.7091622002775,-37.71882109697825],[144.71025814535213,-37.71894883897702],[144.71026338188244,-37.71894952484558],[144.71026858451657,-37.7189503577292],[144.7102737467156,-37.71895133658102],[144.7102788619914,-37.71895246017084],[144.71028422166128,-37.71897130128795],[144.71028416934067,-37.71897158454303],[144.71027802614614,-37.71896876143379],[144.71027176924497,-37.71896610056042],[144.71026540542474,-37.71896360480941],[144.710258941589,-37.718961276888244],[144.71025238474982,-37.71895911932223],[144.71024574202008,-37.71895713445192],[144.71023902060597,-37.718955324430524],[144.71023222779883,-37.718953691221564],[144.7102253709677,-37.71895223659677],[144.7102184575508,-37.718950962134095],[144.71021149504793,-37.71894986921615],[144.71020449101215,-37.718948959028474],[144.70916104770254,-37.71882733632612],[144.7091042168466,-37.71882035502498],[144.70909875742274,-37.71884703123039],[144.7091561080929,-37.71885407638805],[144.71019955176536,-37.71897569914566],[144.71020544990282,-37.718976465619804],[144.71021131306512,-37.71897738597216],[144.71021713489176,-37.71897845920431],[144.71022290906717,-37.718979684152],[144.7102286293276,-37.71898105948639],[144.71023428946748,-37.71898258371551],[144.7102398833467,-37.71898425518586],[144.710245404897,-37.71898607208421],[144.71025084812845,-37.71898803243957],[144.71025620713618,-37.71899013412533],[144.71026147610672,-37.718992374861564],[144.71026664932418,-37.71899475221748],[144.7102637293204,-37.71899861349626],[144.71025871776575,-37.718996310432594],[144.7102536134504,-37.71899413971926],[144.71024842191142,-37.71899210371105],[144.71024314878076,-37.718990204616695],[144.71023779977867,-37.7189884444963],[144.71023238070794,-37.71898682525928],[144.7102268974471,-37.71898534866224],[144.71022135594455,-37.71898401630696],[144.71021576221182,-37.7189828296388],[144.71021012231694,-37.7189817899451],[144.71020444237817,-37.71898089835369],[144.7101987285572,-37.7189801558318],[144.7091552848247,-37.718858533065045],[144.70909784751834,-37.718851477264586],[144.7090951178044,-37.718864815367056],[144.7091528150176,-37.71887190309577],[144.71019625893197,-37.71899352589017],[144.7102016803817,-37.71899423410615],[144.7102070677384,-37.718995090901124],[144.710212414551,-37.71899609524912],[144.71021771441696,-37.71899724594748],[144.71022296098994,-37.71899854161834],[144.71022814798744,-37.718999980710144],[144.7102332691982,-37.71900156149969],[144.7102383184899,-37.71900328209403],[144.71024328981628,-37.71900514043288],[144.7102481772243,-37.71900713429091],[144.7102529748616,-37.71900926128062],[144.71025767698322,-37.71901151885504],[144.71026227795858,-37.719013904310806],[144.71026677227815,-37.71901641479146],[144.7102711545603,-37.71901904729084],[144.71027541955743,-37.71902179865665],[144.71027956216233,-37.71902466559425],[144.71033441126372,-37.71906397105687],[144.7103349798179,-37.71906439275833],[144.7103355298346,-37.71906482969811],[144.71033606066666,-37.719065281362276],[144.71033657169,-37.71906574721962],[144.71033706230335,-37.71906622672227],[144.71033753192998,-37.71906671930625],[144.71033798001739,-37.71906722439226],[144.71033840603857,-37.71906774138624],[144.71033880949255,-37.71906826968016],[144.71033918990477,-37.719068808652665],[144.71033954682784,-37.71906935766991],[144.71033987984197,-37.71906991608613],[144.71034018855548,-37.71907048324463],[144.71034047260537,-37.71907105847837],[144.71034073165748,-37.71907164111075],[144.7103409654071,-37.71907223045658],[144.71034117357954,-37.71907282582269],[144.7103413559297,-37.71907342650891],[144.71034151224322,-37.71907403180874],[144.7103416423363,-37.71907464101029],[144.71034174605586,-37.71907525339703],[144.71034182328,-37.719075868248815],[144.7103418739178,-37.719076484842425],[144.71034189790979,-37.71907710245275],[144.71034189522766,-37.71907772035337],[144.71034186587465,-37.719078337817564],[144.71034180988525,-37.71907895411912],[144.7103417273253,-37.71907956853325],[144.7103416182919,-37.71908018033731],[144.7103296610034,-37.719139879566264],[144.71020468379007,-37.71902940173012],[144.70916297451043,-37.718897492625786],[144.70880944832172,-37.71883235972952],[144.70858057717518,-37.718780031162154],[144.70841011841128,-37.71873325336661],[144.7084269234008,-37.718688006405905],[144.70843071769653,-37.718692493349266],[144.70843225454226,-37.718691703369096],[144.70843382462994,-37.718690955774285],[144.70843542610766,-37.718690251446574],[144.70843705708668,-37.71868959121662],[144.7084387156434,-37.71868897586312],[144.70844039982174,-37.718688406111845],[144.70844210763534,-37.71868788263475],[144.70844383706992,-37.718687406049256],[144.70844558608587,-37.71868697691741],[144.70844735262034,-37.718686595745375],[144.7084491345898,-37.71868626298268],[144.70845092989265,-37.7186859790218],[144.70845273641143,-37.71868574419764],[144.70845455201558,-37.71868555878715],[144.7084563745637,-37.71868542300903],[144.70845820190632,-37.718685337023395],[144.70846003188825,-37.71868530093166],[144.70846186235104,-37.718685314776394],[144.70846369113602,-37.718685378541245],[144.70846551608622,-37.71868549215106],[144.70846733504928,-37.71868565547182],[144.7084691458798,-37.7186858683109],[144.70847094644225,-37.71868613041727],[144.70847273461288,-37.71868644148182],[144.70847450828276,-37.71868680113766],[144.70847626536,-37.71868720896059],[144.7084780037723,-37.71868766446965]]]},"properties":{"LAYER":"POLY_NATURESTRIP_N1","LAYER_TYPE":"fill-extrusion"}},{"type":"Feature","geometry":{"type":"Polygon","coordinates":[[[144.7120393044696,-37.71906550338947],[144.71201999966533,-37.71906779150319],[144.71200060670276,-37.71906954729251],[144.71198114883757,-37.71907076865199],[144.71196164940318,-37.71907145411696],[144.71194213178273,-37.71907160286546],[144.71192261938148,-37.71907121471914],[144.71190313559816,-37.71907029014348],[144.71188370379724,-37.719068830247174],[144.71186434728094,-37.71906683678096],[144.71184508926112,-37.71906431213534],[144.71182595283148,-37.719061259337835],[144.71180696094007,-37.7190576820493],[144.71178813636135,-37.719053584559546],[144.71158919573966,-37.719007325430056],[144.7115700646519,-37.71900316235463],[144.71155076292473,-37.718999530143236],[144.71153131389562,-37.71899643318754],[144.7115117410801,-37.71899387523203],[144.71075985587677,-37.718906245777866],[144.7107513735878,-37.71890514685394],[144.71074293986467,-37.718903833070605],[144.71073456333022,-37.718902305771074],[144.71072625254874,-37.7189005665169],[144.7107180160174,-37.71889861708637],[144.71070986215742,-37.71889645947258],[144.71070179930555,-37.71889409588157],[144.71069383570534,-37.71889152872995],[144.71070329968632,-37.71884124721357],[144.71071325463558,-37.718839103325266],[144.7107232928193,-37.71883722019259],[144.71073340341636,-37.718835599845505],[144.7107435755276,-37.718834244030774],[144.71075379818762,-37.71883315420993],[144.7107640603765,-37.71883233155779],[144.71077435103172,-37.71883177696117],[144.7107846590601,-37.7188314910179],[144.71079497334964,-37.71883147403626],[144.7108052827817,-37.71883172603455],[144.71081557624282,-37.71883224674113],[144.7108258426367,-37.71883303559467],[144.71083607089633,-37.718834091744824],[144.71123726674938,-37.71888085003268],[144.71129562755178,-37.71888703908528],[144.71188883658476,-37.71894375882842],[144.71189064074207,-37.71894395622101],[144.71189243535733,-37.71894420245732],[144.71189421833557,-37.71894449724989],[144.71189598759534,-37.718944840254586],[144.71189774107134,-37.71894523107102],[144.71189947671647,-37.71894566924294],[144.71190119250463,-37.718946154258795],[144.7119028864329,-37.71894668555248],[144.71190455652376,-37.71894726250371],[144.71190620082768,-37.71894788443898],[144.7119078174251,-37.718948550632255],[144.7119094044288,-37.71894926030589],[144.7119109599862,-37.718950012631375],[144.71191248228132,-37.71895080673045],[144.7119139695372,-37.718951641676156],[144.71191542001756,-37.7189525164938],[144.71191683202912,-37.71895343016208],[144.71191820392357,-37.718954381614445],[144.71191953409945,-37.71895536974017],[144.71192082100384,-37.7189563933858],[144.7119220631345,-37.71895745135632],[144.71192325904138,-37.71895854241665],[144.71192440732844,-37.718959665293156],[144.71192550665515,-37.71896081867502],[144.71192655573813,-37.71896200121579],[144.71192755335284,-37.71896321153501],[144.71192849833466,-37.71896444821977],[144.7120393044696,-37.71906550338947]]]},"properties":{"LAYER":"POLY_NATURESTRIP_N1","LAYER_TYPE":"fill-extrusion"}},{"type":"Feature","geometry":{"type":"Polygon","coordinates":[[[144.7089865128002,-37.71863422867473],[144.7090141911408,-37.718723570974575],[144.70901694990164,-37.718721989257396],[144.70901806074733,-37.71872316807566],[144.7090192225219,-37.71872431549823],[144.70902043382037,-37.71872543013733],[144.70902169317762,-37.71872651064489],[144.70902299907064,-37.71872755571412],[144.70902434991996,-37.71872856408106],[144.70902574409183,-37.71872953452619],[144.7090271799002,-37.71873046587577],[144.70902865560842,-37.71873135700344],[144.70903016943183,-37.718732206831454],[144.70903171953947,-37.718733014331946],[144.70903330405662,-37.71873377852832],[144.70903492106697,-37.718734498496325],[144.70903656861478,-37.71873517336523],[144.70903824470747,-37.718735802318825],[144.70903994731793,-37.71873638459639],[144.70904167438695,-37.71873691949374],[144.70904342382582,-37.718737406363935],[144.7090451935186,-37.71873784461816],[144.70904698132503,-37.71873823372635],[144.70904878508287,-37.71873857321791],[144.70905060261063,-37.718738862682244],[144.70905243171003,-37.71873910176928],[144.7101986880971,-37.71887270893666],[144.71020870026666,-37.71887374562715],[144.7102187492055,-37.71887452619132],[144.71022882453266,-37.71887504982283],[144.71023891583997,-37.71887531598064],[144.7102490127027,-37.718875324389906],[144.71025910469052,-37.71887507504187],[144.71026918137798,-37.71887456819417],[144.71027923235548,-37.71887380437034],[144.71028924724007,-37.718872784359455],[144.7102992156859,-37.71887150921524],[144.71030991500223,-37.71881358464337],[144.71030023647927,-37.718810368805144],[144.71029042817594,-37.71880741147655],[144.71028050103104,-37.71880471595577],[144.71027046611593,-37.718802285248984],[144.7102603346221,-37.71880012206705],[144.7102501178489,-37.71879822882247],[144.71023982719052,-37.71879660762672],[144.71022947412388,-37.71879526028783],[144.70949305272828,-37.71870942477706],[144.70947352292896,-37.71870687269708],[144.70945411633886,-37.71870378397009],[144.70943485632017,-37.71870016231442],[144.70941576605844,-37.7186960120899],[144.70921304570234,-37.718648922834724],[144.70919465390693,-37.71864491764822],[144.70917610207266,-37.71864140898595],[144.70915741143634,-37.71863840086428],[144.70913860339343,-37.71863589672671],[144.70911969947403,-37.718633899439766],[144.7091007213178,-37.718632411289754],[144.70908169064944,-37.718631433980164],[144.70906262925374,-37.71863096862978],[144.70904355895073,-37.718631015771244],[144.7090245015705,-37.71863157535057],[144.70900547892842,-37.71863264672723],[144.7089865128002,-37.71863422867473]]]},"properties":{"LAYER":"POLY_NATURESTRIP_N1","LAYER_TYPE":"fill-extrusion"}},{"type":"Feature","geometry":{"type":"Polygon","coordinates":[[[144.71038775702914,-37.71985318100506],[144.7104270495411,-37.7196570062382],[144.71044056971826,-37.719596149174336],[144.71045667062586,-37.719535689712295],[144.71047533387318,-37.71947569688732],[144.71049427289873,-37.71941481746457],[144.71051061165906,-37.71935346450124],[144.71052433150356,-37.719291708055366],[144.71052433150376,-37.71929170805455],[144.71054401576328,-37.71919342920879],[144.71054489557378,-37.71918947470065],[144.71054594554374,-37.719185546477995],[144.71054716443865,-37.719181649159495],[144.7105485508253,-37.71917778732748],[144.71055010307367,-37.719173965522494],[144.71055181935859,-37.71917018823812],[144.71055369766216,-37.71916645991555],[144.71055573577584,-37.71916278493837],[144.71055793130333,-37.71915916762751],[144.71056028166313,-37.719155612236065],[144.71056278409188,-37.719152122944294],[144.7105654356472,-37.719148703854856],[144.7105682332114,-37.71914535898765],[144.71057117349542,-37.71914209227558],[144.71057425304193,-37.71913890755942],[144.71061099378215,-37.719102231249636],[144.71057982260768,-37.719105930705844],[144.71057347783585,-37.71911501218871],[144.71056751635612,-37.71912425608913],[144.71056194474943,-37.71913365220279],[144.7105567691663,-37.71914319015752],[144.71055199532017,-37.71915285942446],[144.71054762848107,-37.71916264932986],[144.7105436734695,-37.71917254906676],[144.71054013465158,-37.719182547706936],[144.71053701593394,-37.71919263421304],[144.71053432075945,-37.71920279745067],[144.71053205210347,-37.71921302620078],[144.71051649136865,-37.71929071719892],[144.71050451127783,-37.719345257019654],[144.710490481488,-37.71939948756618],[144.71047441456656,-37.71945336024357],[144.71045632490646,-37.719506826777426],[144.7104387286539,-37.71955883489279],[144.71042309991714,-37.71961123806677],[144.7104094527044,-37.719663989343545],[144.71039779924843,-37.71971704145545],[144.7103709566191,-37.71985105771737],[144.71037070329078,-37.719852476910624],[144.71037051058147,-37.71985390210197],[144.710370378712,-37.71985533165809],[144.7103703078336,-37.719856763940655],[144.71037029802739,-37.71985819730822],[144.7103703493046,-37.71985963011812],[144.7103704616066,-37.719861060728284],[144.71037063480455,-37.719862487499185],[144.71037086870007,-37.7198639087957],[144.710371163025,-37.719865322988994],[144.7103715174421,-37.71986672845831],[144.71037193154524,-37.71986812359297],[144.7103724048598,-37.71986950679406],[144.71037293684333,-37.71987087647643],[144.71037352688623,-37.71987223107038],[144.71037417431222,-37.71987356902343],[144.71037487837935,-37.71987488880234],[144.71037563828074,-37.719876188894496],[144.71038296326188,-37.719877114648035],[144.71038775702914,-37.71985318100506]]]},"properties":{"LAYER":"POLY_NATURESTRIP_N1","LAYER_TYPE":"fill-extrusion"}},{"type":"Feature","geometry":{"type":"Polygon","coordinates":[[[144.71026181431284,-37.71973171886788],[144.71028243126747,-37.71962229949336],[144.71029182800476,-37.719575827156895],[144.7103085022505,-37.71948781507715],[144.71032298272573,-37.71939955833672],[144.71033515029058,-37.719330344719495],[144.71038425477235,-37.71908518047194],[144.71038477256226,-37.71908238105402],[144.71036937648765,-37.71907371171245],[144.71036035301995,-37.719072645251075],[144.71027689837396,-37.71948930807167],[144.71022990180967,-37.719727921043706],[144.7102299018102,-37.71972792104377],[144.71018811879478,-37.71993511187479],[144.7102207135707,-37.71993939925527],[144.71022169574675,-37.71992950309955],[144.71023647558087,-37.71985777253939],[144.71025370196497,-37.71977233167221],[144.71026181431284,-37.71973171886788]]]},"properties":{"LAYER":"POLY_NATURESTRIP_N1","LAYER_TYPE":"fill-extrusion"}},{"type":"Feature","geometry":{"type":"Polygon","coordinates":[[[144.7121315853404,-37.71889249282792],[144.71212518245963,-37.71885490486798],[144.71212886469698,-37.718828360974655],[144.71391544711634,-37.719034776302344],[144.71390724269915,-37.71907978115938],[144.71287046341007,-37.71894884829355],[144.71279079348577,-37.718940820162565],[144.71271726603277,-37.718934348334855],[144.71264351759288,-37.718929728035654],[144.71238809800118,-37.71891406484125],[144.71213333957684,-37.71889266036319],[144.7121315853404,-37.71889249282792]]]},"properties":{"LAYER":"POLY_NATURESTRIP_N1","LAYER_TYPE":"fill-extrusion"}},{"type":"Feature","geometry":{"type":"Polygon","coordinates":[[[144.71061293116304,-37.71837346128594],[144.71061542315246,-37.71835963200054],[144.71061737079293,-37.718345747688936],[144.71061877218864,-37.71833182186828],[144.71061962597548,-37.718317868096165],[144.71061993132264,-37.71830389995733],[144.71061992949979,-37.71830380661098],[144.71061992361948,-37.71830371337034],[144.71061991368873,-37.71830362034665],[144.71061989971932,-37.71830352765093],[144.71061988172792,-37.718303435393764],[144.71061985973608,-37.718303343685264],[144.71061983376998,-37.71830325263482],[144.71061980386065,-37.7183031623511],[144.71061977004373,-37.718303072941794],[144.7106197323596,-37.718302984513684],[144.7106196908532,-37.718302897172194],[144.71061964557404,-37.718302811021545],[144.7106195965762,-37.71830272616457],[144.71061954391814,-37.718302642702504],[144.71061948766265,-37.718302560734976],[144.71061942787694,-37.71830248035973],[144.7106193646322,-37.7183024016727],[144.71061929800408,-37.71830232476779],[144.71061922807192,-37.718302249736745],[144.71061915491921,-37.71830217666908],[144.7106190786333,-37.71830210565201],[144.7106189993052,-37.718302036770275],[144.71061891702948,-37.718301970106054],[144.71061883190444,-37.71830190573889],[144.7106187440315,-37.71830184374558],[144.71061865351567,-37.71830178420011],[144.71061856046484,-37.71830172717355],[144.71061846499012,-37.71830167273391],[144.7106183672054,-37.71830162094616],[144.71061826722737,-37.71830157187208],[144.71061816517528,-37.71830152557027],[144.71061806117092,-37.718301482095946],[144.7106179553384,-37.71830144150097],[144.71061784780406,-37.718301403833834],[144.71061773869607,-37.718301369139404],[144.7106176281448,-37.718301337459145],[144.710617516282,-37.71830130883084],[144.71061740324126,-37.71830128328864],[144.71061728915743,-37.718301260863015],[144.71061717416663,-37.71830124158074],[144.710617058406,-37.718301225464835],[144.71061694201381,-37.718301212534485],[144.71061682512882,-37.71830120280517],[144.71061670789055,-37.718301196288465],[144.71061659043895,-37.71830119299217],[144.710616472914,-37.718301192920215],[144.71061635545612,-37.71830119607264],[144.71061623820535,-37.718301202445744],[144.7106161213016,-37.71830121203189],[144.71061600488443,-37.718301224819655],[144.71061588909274,-37.71830124079377],[144.71061577406462,-37.71830125993517],[144.71061565993736,-37.71830128222104],[144.71061554684715,-37.71830130762478],[144.71061543492897,-37.71830133611603],[144.7106153243163,-37.71830136766086],[144.71061521514113,-37.7183014022216],[144.7106151075338,-37.71830143975699],[144.7106150016226,-37.71830148022228],[144.71061489753401,-37.71830152356919],[144.71061479539216,-37.718301569745975],[144.71061469531898,-37.71830161869752],[144.71061459743387,-37.71830167036544],[144.71061450185357,-37.71830172468807],[144.71061440869215,-37.71830178160063],[144.7106143180609,-37.71830184103515],[144.71061423006776,-37.71830190292073],[144.7106141448178,-37.71830196718358],[144.71061406241287,-37.71830203374696],[144.71061398295112,-37.718302102531446],[144.71061390652747,-37.71830217345501],[144.71061383323305,-37.71830224643298],[144.71061376315532,-37.71830232137825],[144.710613696378,-37.71830239820149],[144.71061363298062,-37.718302476810976],[144.71061357303896,-37.718302557112885],[144.71061351662442,-37.71830263901145],[144.71061346380446,-37.7183027224089],[144.71061341464195,-37.71830280720576],[144.71061336919564,-37.71830289330081],[144.71061332751978,-37.718302980591375],[144.71061328966402,-37.718303068973256],[144.7106132556736,-37.718303158341016],[144.71061322558904,-37.71830324858799],[144.71059894713395,-37.718352213994926],[144.71058639618306,-37.71840147713842],[144.71057558253594,-37.71845099956805],[144.71054141954525,-37.718621569643155],[144.71054136694744,-37.7186218654352],[144.7105413273771,-37.71862216250519],[144.71054130088234,-37.71862246049123],[144.71054128749543,-37.71862275903023],[144.71054128723273,-37.71862305775851],[144.71054130009452,-37.718623356312065],[144.71054132606514,-37.71862365432722],[144.71054136511302,-37.71862395144084],[144.71054141719048,-37.71862424729095],[144.71054148223413,-37.7186245415171],[144.71054156016473,-37.71862483376084],[144.7105416508873,-37.71862512366609],[144.71054175429134,-37.71862541087963],[144.7105418702508,-37.71862569505159],[144.7105419986245,-37.71862597583573],[144.710542139256,-37.71862625288993],[144.71054229197395,-37.71862652587667],[144.7105424565923,-37.71862679446333],[144.71054263291046,-37.71862705832272],[144.71054282071364,-37.71862731713335],[144.710543019773,-37.71862757057985],[144.71054322984608,-37.7186278183535],[144.71054345067688,-37.7186280601524],[144.71054368199637,-37.718628295681974],[144.71054392352272,-37.71862852465524],[144.71054417496163,-37.71862874679325],[144.71054443600684,-37.71862896182531],[144.7105447063403,-37.71862916948954],[144.71054498563254,-37.718629369532835],[144.71054527354343,-37.718629561711516],[144.7105455697221,-37.71862974579144],[144.71054587380772,-37.71862992154833],[144.71054618542988,-37.71863008876805],[144.7105465042088,-37.718630247246864],[144.71054682975614,-37.718630396791724],[144.71054716167532,-37.71863053722038],[144.71054749956184,-37.7186306683618],[144.71054784300418,-37.718630790056146],[144.71054819158383,-37.71863090215519],[144.71054854487608,-37.718631004522365],[144.71054890245054,-37.71863109703291],[144.7105492638715,-37.71863117957417],[144.71054962869871,-37.71863125204554],[144.71054999648763,-37.71863131435871],[144.7105503667902,-37.71863136643784],[144.7105507391552,-37.7186314082194],[144.71055111312901,-37.71863143965251],[144.71055148825602,-37.718631460698894],[144.71055186407915,-37.71863147133287],[144.71055224014052,-37.718631471541535],[144.71055261598198,-37.71863146132457],[144.71055299114562,-37.7186314406945],[144.71055336517432,-37.71863140967638],[144.71055373761243,-37.718631368308046],[144.71055410800622,-37.71863131663992],[144.71055447590436,-37.7186312547349],[144.71055484085863,-37.71863118266842],[144.71055520242444,-37.71863110052831],[144.71055556016125,-37.71863100841461],[144.7105559136332,-37.71863090643961],[144.71055626240963,-37.71863079472746],[144.71055660606558,-37.71863067341431],[144.71055694418243,-37.718630542647965],[144.71055727634823,-37.71863040258778],[144.71055760215822,-37.71863025340431],[144.71055792121558,-37.718630095279366],[144.71055823313142,-37.71862992840562],[144.71055853752588,-37.71862975298633],[144.71055883402795,-37.71862956923522],[144.71055912227646,-37.71862937737622],[144.71055940192028,-37.71862917764304],[144.71055967261864,-37.718628970278985],[144.71055993404173,-37.71862875553677],[144.7105601858711,-37.718628533678],[144.71056042779983,-37.718628304972945],[144.7105606595333,-37.718628069700316],[144.7105608807891,-37.7186278281467],[144.71056109129768,-37.71862758060639],[144.71056129080253,-37.71862732738099],[144.71056147906063,-37.71862706877903],[144.7105616558426,-37.71862680511554],[144.71056182093315,-37.71862653671182],[144.710561974131,-37.71862626389481],[144.71056211524956,-37.71862598699691],[144.7105622441169,-37.718625706355525],[144.710562360576,-37.71862542231251],[144.710562464485,-37.71862513521396],[144.71056255571733,-37.71862484540967],[144.71056263416176,-37.7186245532527],[144.71056269972274,-37.718624259099],[144.71061293116304,-37.71837346128594]]]},"properties":{"LAYER":"POLY_NATURESTRIP_N1","LAYER_TYPE":"fill-extrusion"}},{"type":"Feature","geometry":{"type":"Polygon","coordinates":[[[144.71048262199275,-37.718439250848206],[144.71049564473256,-37.71838031171733],[144.7105110299466,-37.71832173295111],[144.71052876193963,-37.718263574288116],[144.71054882262314,-37.71820589503839],[144.71056782237454,-37.71815126612888],[144.71058461653197,-37.718096183152156],[144.71059918797312,-37.71804070228394],[144.71061152184234,-37.71798488010556],[144.71066253208417,-37.717730190189656],[144.71069277198438,-37.717734012004634],[144.71064176184206,-37.71798870193757],[144.71062925895188,-37.7180452891952],[144.71061448782197,-37.71810153046539],[144.7105974635114,-37.71815736839124],[144.7105782033772,-37.71821274602711],[144.71055840311712,-37.718269676561555],[144.71054090132017,-37.71832708028562],[144.71052571583988,-37.71838489865909],[144.71051286216783,-37.71844307271885],[144.71050270706348,-37.71849377533116],[144.71050048618005,-37.71850380757991],[144.71049785500614,-37.71851377702464],[144.7104948163353,-37.718523673080185],[144.71049137339384,-37.71853348523914],[144.71048752983708,-37.71854320308326],[144.71048328974592,-37.71855281629444],[144.71047865762222,-37.718562314665625],[144.71047363838406,-37.71857168811167],[144.71046823736066,-37.71858092668021],[144.7104624602864,-37.71859002056191],[144.7104563132952,-37.71859896010114],[144.71044980291367,-37.71860773580612],[144.71044293605414,-37.718616338359105],[144.7104055869618,-37.71861939060833],[144.71040300203552,-37.718619089327305],[144.7104105402216,-37.718610915899546],[144.7104177121688,-37.71860253709144],[144.7104245090178,-37.71859396325342],[144.71043092237247,-37.7185852049768],[144.71043694431037,-37.718576273080785],[144.71044256739282,-37.71856717859895],[144.71044778467368,-37.718557932765826],[144.7104525897081,-37.71854854700287],[144.71045697656064,-37.71853903290435],[144.71046093981226,-37.71852940222311],[144.71046447456743,-37.718519666855975],[144.71046757645965,-37.71850983882907],[144.7104702416574,-37.718499930283066],[144.71047246686848,-37.71848995345797],[144.7104826219926,-37.71843925084902],[144.71048262199275,-37.718439250848206]]]},"properties":{"LAYER":"POLY_NATURESTRIP_N1","LAYER_TYPE":"fill-extrusion"}},{"type":"Feature","geometry":{"type":"Polygon","coordinates":[[[144.7105867984776,-37.71919883600548],[144.71057761630135,-37.71919767572356],[144.71055793208458,-37.71929595457626],[144.71054401246343,-37.71935861039293],[144.7105274357861,-37.71942085685176],[144.71050822097465,-37.719482622874466],[144.71048983356297,-37.71954172911181],[144.7104739706248,-37.71960129508946],[144.71046065027903,-37.71966125279245],[144.71041656409554,-37.71988136121809],[144.7104492820046,-37.71988549619195],[144.71048770242382,-37.71969367480823],[144.7105867984776,-37.71919883600548]]]},"properties":{"LAYER":"POLY_NATURESTRIP_N1","LAYER_TYPE":"fill-extrusion"}},{"type":"Feature","geometry":{"type":"Polygon","coordinates":[[[144.71184918439502,-37.71914064336803],[144.7118442457202,-37.71916738357223],[144.71183096494246,-37.71916583583056],[144.71181297373587,-37.71916399234551],[144.71179491272196,-37.71916264684096],[144.71177680373802,-37.7191618009437],[144.71175866867944,-37.71916145567646],[144.71155138397668,-37.71916037269503],[144.71153009499855,-37.71915996734039],[144.7115088366329,-37.7191589742826],[144.7114876345838,-37.719157394722465],[144.7114665144873,-37.71915523056987],[144.71073744860848,-37.719070260545266],[144.71073662543097,-37.71907471723613],[144.7114656913521,-37.71915968726716],[144.71148700700627,-37.71916187145837],[144.7115084053719,-37.719163465644215],[144.7115298605756,-37.71916446789706],[144.71155134667515,-37.71916487700508],[144.7117586313905,-37.71916595998697],[144.71177656932994,-37.71916630150136],[144.7117944814781,-37.71916713820415],[144.71181234617774,-37.7191684690838],[144.7118301418288,-37.719170292531075],[144.7118434226073,-37.719171840272864],[144.71184095326802,-37.71918521037476],[144.7118276724875,-37.71918366263267],[144.7118104635032,-37.71918189929859],[144.71179318774657,-37.71918061229377],[144.71177586610554,-37.7191798031743],[144.71175851952353,-37.719179472918505],[144.71155123477058,-37.71917838993515],[144.71152915730647,-37.719177969567085],[144.7115071115886,-37.71917693972897],[144.71148512427317,-37.71917530166604],[144.7114632219458,-37.71917305735896],[144.71072308136846,-37.71908679657561],[144.7107221848614,-37.719086704869056],[144.71072128489615,-37.719086637861345],[144.71072038255087,-37.719086595632746],[144.71071947890638,-37.719086578233814],[144.71071857504512,-37.719086585685396],[144.71071767204984,-37.719086617978625],[144.7107167710022,-37.71908667507477],[144.71071587298167,-37.71908675690542],[144.71071497906374,-37.71908686337258],[144.71071409031936,-37.71908699434871],[144.7107132078131,-37.71908714967693],[144.71071233260213,-37.71908732917114],[144.71071146573476,-37.71908753261637],[144.71071060824949,-37.71908775976886],[144.71070976117338,-37.71908801035658],[144.71070892552123,-37.71908828407931],[144.710708102294,-37.71908858060918],[144.71070729247776,-37.719088899591],[144.71070649704262,-37.71908924064262],[144.71070571694142,-37.71908960335557],[144.71070495310863,-37.719089987295284],[144.71070420645924,-37.71909039200193],[144.71070347788756,-37.71909081699067],[144.71070276826637,-37.719091261752446],[144.71070207844582,-37.71909172575446],[144.71070140925204,-37.719092208440905],[144.71070076148675,-37.719092709233614],[144.71070013592595,-37.719093227532646],[144.71061066343296,-37.719165681239204],[144.71046608242517,-37.719887619468814],[144.71048566645175,-37.71989009454123],[144.71063215254316,-37.719158726475925],[144.71070918796372,-37.71909525456941],[144.7115074656938,-37.71918910905728],[144.71182431771678,-37.719192557441424],[144.7128587752941,-37.71931315327998],[144.7128907825772,-37.719124815389776],[144.71286120020588,-37.71912602826976],[144.71230714362434,-37.719150689377216],[144.71223086537316,-37.719153063856474],[144.71215452975557,-37.719153401058655],[144.71207822298186,-37.71915170060309],[144.71200203122953,-37.71914796441045],[144.711926040546,-37.719142196700425],[144.7118503367519,-37.71913440398698],[144.71183705597946,-37.719132856246134],[144.71181761766258,-37.71913086448197],[144.71179810392357,-37.71912941075297],[144.71177853835619,-37.71912849681684],[144.711758944617,-37.719128123778596],[144.7115516600072,-37.71912704080066],[144.7115318297272,-37.719126663220756],[144.71151202796204,-37.71912573820652],[144.71149227865456,-37.719124266876435],[144.71147260568435,-37.71912225100955],[144.71073274752175,-37.719036023158964],[144.71072804892793,-37.71903554066167],[144.71072333229318,-37.719035186230364],[144.71071860314763,-37.71903496028064],[144.7107138670362,-37.71903486307736],[144.7107091295118,-37.719034894734534],[144.71070439612913,-37.71903505521501],[144.7106996724381,-37.719035344330656],[144.71069496397712,-37.719035761742475],[144.71069027626675,-37.71903630696106],[144.7106856148033,-37.71903697934714],[144.7106809850523,-37.71903777811236],[144.71067639244202,-37.7190387023202],[144.71067184235721,-37.719039750886985],[144.7106566220083,-37.719070964870575],[144.7106588996318,-37.719068865522445],[144.71066125746952,-37.719066822819066],[144.71066369329026,-37.71906483869356],[144.71066620478874,-37.71906291502373],[144.71066878958814,-37.71906105362997],[144.7106714452423,-37.71905925627392],[144.71067391654302,-37.71905769183085],[144.71067645493025,-37.719056196700926],[144.7106790573247,-37.71905477269799],[144.71068172056928,-37.71905342154954],[144.71068444143307,-37.71905214489468],[144.7106872166153,-37.71905094428215],[144.71069004274938,-37.71904982116851],[144.7106929164067,-37.71904877691618],[144.7106958341013,-37.719047812792],[144.71069879229356,-37.71904692996561],[144.7107017873947,-37.71904612950794],[144.71070481577146,-37.719045412390095],[144.71070787374987,-37.719044779482005],[144.71071095762028,-37.71904423155149],[144.71071406364152,-37.71904376926324],[144.7107171880455,-37.7190433931781],[144.71072032704203,-37.71904310375231],[144.7107234768231,-37.719042901336955],[144.71072663356748,-37.719042786177596],[144.71072979344575,-37.71904275841397],[144.71073295262448,-37.719042818079735],[144.71073610727123,-37.71904296510249],[144.71073925355896,-37.71904319930391],[144.71074238767085,-37.719043520399865],[144.71147145329624,-37.71912849038588],[144.711491400047,-37.719130534306814],[144.71151142419737,-37.719132026112824],[144.71153150153555,-37.71913296400017],[144.7115516077853,-37.71913334683475],[144.71175889241275,-37.71913442981336],[144.71177821018557,-37.71913479759764],[144.71179750018325,-37.71913569866156],[144.71181673908254,-37.71913713191568],[144.711835903622,-37.71913909562709],[144.71184918439502,-37.71914064336803]]]},"properties":{"LAYER":"POLY_NATURESTRIP_N1","LAYER_TYPE":"fill-extrusion"}},{"type":"Feature","geometry":{"type":"Polygon","coordinates":[[[144.71072450443796,-37.71871031029246],[144.71072811793888,-37.71874053070255],[144.7107327327828,-37.71874278885379],[144.71073743759854,-37.71874492664353],[144.7107422274129,-37.7187469418121],[144.71074709716294,-37.71874883222937],[144.71075204170114,-37.718750595897085],[144.7107570558011,-37.71875223095104],[144.71076213416268,-37.71875373566293],[144.71076727141792,-37.71875510844221],[144.71077246213662,-37.71875634783781],[144.71077770083198,-37.71875745253967],[144.7107829819666,-37.71875842138006],[144.71078829995812,-37.71875925333491],[144.71079364918538,-37.7187599475248],[144.71189890544878,-37.718888759216455],[144.71189917464977,-37.71888878686333],[144.71189944488327,-37.7188888071834],[144.71189971583337,-37.718888820152905],[144.71189998718324,-37.71888882575667],[144.71190025861569,-37.71888882398817],[144.7119005298133,-37.71888881484944],[144.71190080045912,-37.71888879835118],[144.71190107023668,-37.7188887745127],[144.71190133883056,-37.718888743361845],[144.7119016059268,-37.71888870493502],[144.71190187121312,-37.71888865927719],[144.71190213437936,-37.718888606441695],[144.71190239511787,-37.71888854649033],[144.71190265312384,-37.718888479493174],[144.71190290809554,-37.71888840552854],[144.71190315973496,-37.718888324682936],[144.7119034077479,-37.718888237050855],[144.71190365184438,-37.71888814273474],[144.71190389173907,-37.71888804184488],[144.71190412715143,-37.718887934499215],[144.71190435780636,-37.71888782082323],[144.71190458343406,-37.71888770094986],[144.71190480377086,-37.7188875750192],[144.71190501855912,-37.718887443178524],[144.71190522754773,-37.718887305581916],[144.71190543049232,-37.71888716239028],[144.7119056271557,-37.71888701377103],[144.71190581730795,-37.71888685989789],[144.71190600072666,-37.718886700950776],[144.71190617719748,-37.71888653711547],[144.71190634651413,-37.71888636858356],[144.7119065084786,-37.71888619555207],[144.71190666290153,-37.71888601822329],[144.71190680960243,-37.71888583680452],[144.71190694840973,-37.718885651507854],[144.7119070791612,-37.718885462549935],[144.71190720170395,-37.71888527015168],[144.7119133250536,-37.718887627566154],[144.7119194920486,-37.71887623811961],[144.7108633808835,-37.71875259575168],[144.710851999812,-37.718751112355974],[144.71084068857346,-37.71874932339109],[144.71082946016574,-37.71874723091276],[144.7108183274916,-37.7187448373255],[144.71080730334387,-37.71874214537981],[144.71079640039045,-37.718739158169065],[144.7107856311602,-37.71873587912592],[144.71077500802824,-37.71873231201839],[144.71076454320163,-37.71872846094551],[144.7107542487058,-37.71872433033262],[144.71074413637018,-37.71871992492629],[144.71073421781503,-37.71871524978879],[144.71072450443796,-37.71871031029246]]]},"properties":{"LAYER":"POLY_NATURESTRIP_N1","LAYER_TYPE":"fill-extrusion"}},{"type":"Feature","geometry":{"type":"Polygon","coordinates":[[[144.71090917273608,-37.71776012555211],[144.7108755728199,-37.71775587915152],[144.71070849884308,-37.71859007008026],[144.71070759410514,-37.71859513006055],[144.7107069024105,-37.71860021120339],[144.71070642452943,-37.71860530785028],[144.7107061609942,-37.71861041432553],[144.7107061120984,-37.71861552494237],[144.71070627789635,-37.71862063400954],[144.71070665820366,-37.71862573583746],[144.71070725259676,-37.718630824744615],[144.7107073276026,-37.7186312926427],[144.71070742311943,-37.7186317581764],[144.71070753903086,-37.718632220778474],[144.71070767519572,-37.718632679885395],[144.71070783144805,-37.71863313493776],[144.7107080075975,-37.71863358538116],[144.71070820342948,-37.71863403066684],[144.71070841870537,-37.71863447025221],[144.71070865316295,-37.71863490360181],[144.7107089065165,-37.718635330187574],[144.71070917845734,-37.7186357494898],[144.7107094686542,-37.718636160997676],[144.7107097767535,-37.71863656420976],[144.71071010237992,-37.71863695863488],[144.71071044513664,-37.718637343792466],[144.71071080460615,-37.71863771921324],[144.71071118035044,-37.71863808443984],[144.71071157191167,-37.718638439027245],[144.71071197881295,-37.7186387825435],[144.71071240055838,-37.71863911457006],[144.7107128366342,-37.71863943470241],[144.71071328650908,-37.7186397425505],[144.71071374963492,-37.71864003773926],[144.71071422544753,-37.7186403199091],[144.71071471336717,-37.71864058871618],[144.71071521279936,-37.718640843833036],[144.71071572313565,-37.718641084948814],[144.7107162437543,-37.71864131176978],[144.71071677402088,-37.71864152401959],[144.71071731328948,-37.7186417214396],[144.7107178609031,-37.71864190378936],[144.71071841619445,-37.71864207084664],[144.71071897848705,-37.71864222240798],[144.71071954709586,-37.71864235828864],[144.71072012132802,-37.718642478323076],[144.71072070048402,-37.71864258236514],[144.7107212838582,-37.718642670287984],[144.71072187073983,-37.71864274198452],[144.71072246041385,-37.71864279736737],[144.7107230521619,-37.718642836369106],[144.7107236452629,-37.71864285894218],[144.7107242389944,-37.71864286505909],[144.71072483263296,-37.71864285471239],[144.71072542545525,-37.71864282791467],[144.7107260167391,-37.718642784698595],[144.7107266057641,-37.71864272511682],[144.71072719181262,-37.718642649241936],[144.71072777417066,-37.71864255716638],[144.71072835212865,-37.718642449002324],[144.7107289249825,-37.718642324881536],[144.71072949203423,-37.71864218495531],[144.710730052593,-37.718642029394026],[144.71073060597587,-37.71864185838727],[144.71073115150853,-37.71864167214338],[144.71073168852644,-37.71864147088927],[144.71073221637533,-37.71864125487013],[144.71073273441203,-37.71864102434913],[144.71073324200546,-37.71864077960715],[144.71073373853713,-37.71864052094235],[144.71073422340206,-37.7186402486699],[144.71073469600964,-37.71863996312148],[144.71073515578405,-37.71863966464504],[144.71073560216507,-37.71863935360418],[144.7107360346088,-37.71863903037788],[144.71073645258846,-37.71863869535994],[144.71073685559483,-37.71863834895855],[144.71073724313683,-37.718637991595685],[144.71073761474236,-37.718637623706805],[144.71073796995867,-37.71863724574008],[144.7107383083529,-37.718636858155996],[144.71073862951283,-37.71863646142684],[144.71073893304725,-37.71863605603585],[144.71073921858627,-37.718635642477054],[144.710739485782,-37.718635221254225],[144.71073973430887,-37.718634792880565],[144.7107399638642,-37.718634357878045],[144.71074017416822,-37.718633916776604],[144.71074036496475,-37.718633470113616],[144.71074053602132,-37.718633018433344],[144.71074068712952,-37.71863256228605],[144.71074081810528,-37.718632102227495],[144.71074092878894,-37.71863163881819],[144.71074101904577,-37.71863117262271],[144.71074108876573,-37.71863070420905],[144.71074113786386,-37.71863023414792],[144.71074116628043,-37.718629763012],[144.71074117398072,-37.71862929137528],[144.71074116095542,-37.718628819812395],[144.71074112722033,-37.7186283488979],[144.71074107281666,-37.71862787920547],[144.71074058331456,-37.718623688340855],[144.7107402701184,-37.718619486835536],[144.71074013357693,-37.71861527936843],[144.7107401738422,-37.71861107062505],[144.7107403908693,-37.7186068652924],[144.71074078441646,-37.7186026680536],[144.7107413540455,-37.71859848358279],[144.710742099122,-37.71859431653995],[144.71090917273608,-37.71776012555211]]]},"properties":{"LAYER":"POLY_NATURESTRIP_N1","LAYER_TYPE":"fill-extrusion"}},{"type":"Feature","geometry":{"type":"Polygon","coordinates":[[[144.71084197290796,-37.71775163274147],[144.71082517295358,-37.71774950953287],[144.71065320889676,-37.71860811314365],[144.71065246786983,-37.71861222822538],[144.71065188979992,-37.71861635975499],[144.71065147525667,-37.718620503661526],[144.71065122464853,-37.71862465586184],[144.71065113822252,-37.71862881226466],[144.71065121606375,-37.7186329687745],[144.71065145809564,-37.718637121295856],[144.71065186407967,-37.71864126573705],[144.71067688292848,-37.718651010651364],[144.71067546888034,-37.71864515705977],[144.71067429934382,-37.71863926951764],[144.7106733755987,-37.718633354467926],[144.71067269865577,-37.71862741838379],[144.7106722692559,-37.718621467761324],[144.71067208786886,-37.718615509112595],[144.7106721546931,-37.71860954895839],[144.71067246965546,-37.718603593821214],[144.71067303241117,-37.718597650218],[144.71067384234433,-37.718591724653116],[144.71067489856853,-37.71858582361114],[144.71084197290796,-37.71775163274147]]]},"properties":{"LAYER":"POLY_NATURESTRIP_N1","LAYER_TYPE":"fill-extrusion"}},{"type":"Feature","geometry":{"type":"Polygon","coordinates":[[[144.71388643487498,-37.71919117522353],[144.71354049269254,-37.71915054591507],[144.7134414983518,-37.71914011120278],[144.71341425346316,-37.719377906377964],[144.71384271322404,-37.71942785085343],[144.71388643487498,-37.71919117522353]]]},"properties":{"LAYER":"POLY_NATURESTRIP_N1","LAYER_TYPE":"fill-extrusion"}},{"type":"Feature","geometry":{"type":"Polygon","coordinates":[[[144.7108683198739,-37.718725855597484],[144.71085841343557,-37.71872456891622],[144.71084856541256,-37.718723024991526],[144.71083878638797,-37.718721225482604],[144.7108290868709,-37.71871917232325],[144.71081947728493,-37.71871686771996],[144.7108099679571,-37.71871431414937],[144.71080056910662,-37.718711514355675],[144.71079129083395,-37.71870847134768],[144.71078214311,-37.71870518839564],[144.71077313576544,-37.7187016690275],[144.71076427847996,-37.71869791702542],[144.7107636028787,-37.71869760725316],[144.7107629410865,-37.71869727920987],[144.71076229388618,-37.718696933283496],[144.7107616620432,-37.71869656988319],[144.71076104630498,-37.7186961894388],[144.71076044739976,-37.718695792400325],[144.71075986603591,-37.71869537923737],[144.71075930290104,-37.71869495043859],[144.71075875866123,-37.71869450651119],[144.71075823396018,-37.71869404798024],[144.7107577294186,-37.71869357538809],[144.71075724563318,-37.71869308929371],[144.71075678317607,-37.71869259027204],[144.71075634259438,-37.7186920789133],[144.71075592440917,-37.71869155582237],[144.7107555291151,-37.71869102161791],[144.71075515717962,-37.7186904769318],[144.71075480904275,-37.71868992240825],[144.71075448511624,-37.718689358703195],[144.7107541857832,-37.718688786483334],[144.7107539113977,-37.71868820642552],[144.71075366228425,-37.7186876192158],[144.71075343873747,-37.71868702554874],[144.71075324102193,-37.71868642612652],[144.71075306937126,-37.71868582165814],[144.71075292398868,-37.71868521285853],[144.71075280504598,-37.71868460044779],[144.710752712684,-37.71868398515028],[144.7107526470119,-37.718683367693735],[144.71075260810736,-37.718682748808504],[144.7107525960164,-37.7186821292266],[144.71075261075327,-37.7186815096808],[144.71075265230058,-37.71868089090399],[144.7107527206093,-37.71868027362798],[144.71075281559843,-37.71867965858291],[144.71075293715572,-37.71867904649621],[144.71075308513747,-37.71867843809187],[144.71075325936852,-37.718677834089526],[144.71075345964286,-37.71867723520354],[144.71075368572357,-37.71867664214231],[144.71075393734327,-37.71867605560728],[144.71075421420434,-37.718675476292205],[144.7107545159793,-37.71867490488227],[144.71075484231122,-37.71867434205334],[144.71075519281413,-37.71867378847114],[144.71075556707348,-37.71867324479042],[144.71075596464652,-37.71867271165427],[144.71075638506312,-37.71867218969322],[144.71077680470296,-37.718647773304404],[144.7107771308211,-37.718647449519445],[144.71081871756058,-37.71867388017143],[144.71190547733426,-37.71880053615513],[144.71194770599888,-37.71880713050133],[144.711943144234,-37.718832556305124],[144.7119335740831,-37.71885023085467],[144.7108683198739,-37.718725855597484]]]},"properties":{"LAYER":"POLY_NATURESTRIP_N1","LAYER_TYPE":"fill-extrusion"}}]}